number,classNumber,className,numberInClass,1 varianceOnMask,2 varianceWholeImage,3 varianceWholeImageRed,4 varianceWholeImageGreen,5 varianceWholeImageBlue,6 meanOnMask,7 meanWholeImage,8 meanWholeImageRed,9 meanWholeImageGreen,10 meanWholeImageBlue,11 warRedOnMask,12 warGreenOnMask,13 warBlueOnMask,14 meanOnMaskRed,15 meanOnMaskGreen,16 meanOnMaskBlue,17 kurthosisGrayWholeImage,18 kurthosisGrayOnMask,19 kurthosisRedWholeImage,20 kurthosisGreenWholeImage,21 kurthosisBlueWholeImage,22 kurthosisRedOnMask,23 kurthosisGreenOnMask,24 kurthosisBlueOnMask,25 skewnessGrayWholeImage,26 skewnessGrayOnMask,27 skewnessRedWholeImage,28 skewnessGreenWholeImage,29 skewnessBlueWholeImage,30 skewnessRedOnMask,31 skewnessGreenOnMask,32 skewnessBlueOnMask
1,1,Pi,1,144.11845,50.846982,57.858259,58.857084,64.329286,124.43525,142.07649,142.49979,141.896,141.87345,170.55966,228.3177,229.70489,125.10054,124.25148,123.64064,14.507271,3.832951,21.915504,41.384868,35.268173,32.372292,16.494646,15.884068,-2.7445189,-0.18692129,-1.1991673,-3.9169516,-3.5587938,2.9003385,-1.5826838,-1.5285052
2,1,Pi,2,100.34861,60.711909,83.645429,63.25382,63.516821,122.44392,141.86279,142.26966,141.69481,141.63731,178.9283,157.33318,151.67063,121.10236,122.93922,123.47781,11.401069,4.7480914,14.448961,35.627102,34.073533,29.810162,27.797073,29.939794,-2.3433238,-0.53787776,-1.4051077,-3.5456917,-3.3277646,2.7518819,-2.7645112,-2.9060004
3,1,Pi,3,118.4079,57.682131,67.11063,66.402902,71.564873,123.51863,141.68729,142.17399,141.4878,141.40783,159.51704,192.10741,195.39866,124.63499,123.09314,122.77947,12.541147,4.5482088,17.62911,33.610398,29.056328,33.672093,19.999259,18.957016,-2.5264657,-0.43653479,-1.1790613,-3.5364607,-3.210887,2.8583718,-1.9147284,-1.7980785
4,1,Pi,4,91.53816,46.73092,65.40805,49.513304,50.563095,123.50712,142.21519,142.61836,142.03767,142.03955,180.56174,157.22541,151.24243,122.16978,123.99757,124.56544,13.694295,5.5882033,19.225454,53.318038,49.626674,35.477177,35.901298,38.917221,-2.4465212,-0.81226593,-1.2182177,-4.1620394,-3.8226173,3.3441856,-3.6246856,-3.8127008
5,1,Pi,5,110.09972,49.515237,66.194926,54.076109,56.667165,125.15512,141.97184,142.41866,141.77478,141.77859,174.51888,172.03164,169.31231,124.69312,125.33729,125.46888,13.914999,5.4569487,18.773725,46.475762,41.472858,29.188435,26.144206,26.665321,-2.53976,-0.65036029,-1.2193178,-4.0016191,-3.62232,2.5498906,-2.634145,-2.6091093
6,1,Pi,6,105.76693,46.437427,59.436397,52.586977,56.495706,125.48817,142.03304,142.51089,141.82754,141.79936,161.75393,173.06957,174.31728,125.87595,125.34698,125.21417,13.501422,4.878696,20.141728,47.845762,41.475506,33.357212,26.619768,25.935685,-2.5015485,-0.52825945,-0.96554304,-4.006917,-3.6124287,2.9835306,-2.5935105,-2.5314576
7,1,Pi,7,101.27399,51.84722,69.975056,55.596747,59.855149,125.04868,142.33691,142.86326,142.2017,141.56169,172.11243,161.13052,157.96957,124.45231,125.34056,125.14905,11.979615,5.1768951,16.50402,43.706642,36.462993,30.248639,29.648184,30.310863,-2.2863528,-0.56727651,-1.1224638,-3.7702212,-3.1968092,2.8259426,-2.9271882,-2.955435
8,1,Pi,8,86.194312,54.137431,74.532904,55.513608,57.511621,121.39256,142.57818,143.06403,142.45851,141.82562,187.14201,145.77297,139.72249,119.51374,122.14629,122.51815,12.573564,5.1972933,17.560929,44.307011,39.093382,36.751466,40.385865,43.941742,-2.4110396,-0.85432835,-1.5655959,-3.8138735,-3.2991312,3.4272812,-4.0317835,-4.2355835
9,1,Pi,9,92.967023,52.812673,74.377101,54.284878,57.384444,123.14395,142.22134,142.63856,142.05477,141.93293,181.79547,154.85785,152.06753,121.28978,123.88258,124.27182,12.15456,5.033666,16.586174,45.248036,39.456184,34.26477,35.161916,36.495271,-2.348207,-0.7933273,-1.3997851,-3.8351001,-3.3511688,3.1752226,-3.525073,-3.5822985
10,1,Pi,10,101.6631,80.607542,109.12299,80.767517,78.25699,123.43722,141.48899,141.9587,141.32237,141.09493,172.08659,135.29794,122.52521,122.01607,123.95403,124.58698,7.8285007,4.5863629,10.163165,22.679727,22.442696,22.608245,27.421641,33.092421,-1.7553263,-0.28753927,-1.1941788,-2.6084427,-2.4411944,1.9784562,-2.46558,-2.8318104
11,1,Pi,11,94.022664,76.295742,104.62314,76.792862,74.578583,123.49561,141.54889,142.03519,141.37609,141.13554,164.15848,131.14549,119.76275,122.03928,124.01616,124.71592,8.0493965,4.7142189,10.481762,24.54516,24.283526,25.458494,30.163866,36.011985,-1.7856251,-0.43571575,-1.1682263,-2.7192904,-2.5311005,2.179567,-2.7548046,-3.1440491
12,1,Pi,12,94.296178,49.07273,66.764396,52.692128,55.615297,123.04612,142.12499,142.59142,141.94875,141.75318,190.47964,166.45146,168.25523,122.69477,123.08382,123.83301,13.013307,5.2450508,18.158415,48.095439,41.794076,34.09087,34.035734,33.779403,-2.332429,-1.028237,-1.083487,-3.9495461,-3.414569,3.2250984,-3.6191754,-3.5344689
13,1,Pi,13,101.03718,49.542744,67.751011,53.137983,55.314928,123.42975,141.69338,142.13268,141.47412,141.66417,188.49946,168.21247,166.71625,122.80667,123.57876,124.36013,13.023026,4.896774,18.10828,47.006345,42.522291,30.916126,30.172323,31.108351,-2.3614206,-0.85804783,-1.1217457,-3.9245509,-3.5321774,2.873256,-3.1848385,-3.2168236
14,1,Pi,14,91.110208,82.196556,114.66242,81.35466,77.5061,121.67877,141.10311,141.57425,140.88794,140.98699,168.21863,129.19484,119.64416,119.83481,122.29904,123.4043,7.593917,4.9585743,9.6734092,22.076108,22.752002,27.728448,31.40608,37.007041,-1.6447653,-0.40040629,-1.1068345,-2.4964686,-2.4288788,2.4127759,-2.8404272,-3.1912464
15,1,Pi,15,97.918638,48.767469,69.953289,50.100722,50.865826,119.70593,141.9527,142.34632,141.75089,141.95154,234.77442,178.61974,176.35911,117.43099,120.45434,121.888,14.473775,4.678194,19.941505,52.627067,49.444683,34.220692,35.184085,37.459692,-2.5099012,-0.91449021,-1.5422514,-4.1300753,-3.768237,3.5394646,-3.9241327,-4.0807615
16,1,Pi,16,94.823119,44.715332,61.621286,46.526535,47.579652,118.34609,142.50081,143.03303,142.22726,142.47664,241.45197,183.88921,180.5665,116.30074,118.98295,120.52965,16.732462,4.9338283,24.01249,60.973819,56.48107,39.493441,37.46937,40.525411,-2.7863668,-0.93361455,-1.711513,-4.5264748,-4.0677252,4.1895394,-4.2735122,-4.4991067
17,1,Pi,17,187.14726,127.66548,161.70298,127.86889,115.68651,127.59543,140.73232,141.47934,140.4103,140.41609,252.42716,199.96912,165.51892,127.33484,127.63569,128.11666,4.9950642,2.8358077,6.2918864,10.747111,11.675398,6.2818301,8.6444009,11.536521,-1.3812165,0.22345579,-1.1025587,-1.7875101,-1.7788135,0.67140594,-0.50559582,-0.76012381
18,1,Pi,18,185.39031,117.53737,149.0765,118.31314,106.02298,127.72135,140.88606,141.55227,140.56177,140.80184,255.33315,197.71639,170.69163,127.46585,127.66674,128.73377,5.3565327,2.8418689,6.8919032,12.057471,13.458572,6.6303268,9.5910029,12.256969,-1.4435311,0.23208285,-1.1347123,-1.8961359,-1.902682,0.73992432,-0.6036112,-0.82367446
19,1,Pi,19,113.98059,93.525506,127.26106,93.123922,89.529951,125.88199,142.16323,142.94779,141.87707,141.54111,181.35719,139.502,124.13825,124.83642,126.30193,126.52966,6.5735402,4.5562811,8.1019867,18.029092,18.111933,14.916096,20.973221,25.513975,-1.6636295,0.058602002,-1.2078957,-2.3739661,-2.265127,1.489877,-1.6751422,-2.0113785
20,1,Pi,20,100.93939,89.826603,124.09039,90.006287,86.376608,126.78471,142.03512,142.81789,141.75231,141.38119,165.94607,125.7073,118.88781,125.95875,127.06619,127.56965,6.1970549,4.8859188,7.8118827,18.395215,18.686243,16.346559,24.867343,27.437929,-1.4526744,-0.071856255,-0.94823549,-2.2295615,-2.1293131,1.5296735,-1.9933013,-2.1511202
21,1,Pi,21,84.329767,78.207915,109.08156,78.457834,77.591198,125.41611,142.20741,142.98386,141.91918,141.59933,148.24064,118.4727,112.48281,124.37638,125.81887,126.14785,7.2407276,5.4941921,9.1948516,23.318362,22.659489,26.02488,34.413512,37.783809,-1.6447985,-0.49439016,-1.029119,-2.5797274,-2.4114179,2.1820967,-2.9506235,-3.1356296
22,1,Pi,22,83.39043,65.864812,94.731624,65.81006,66.562799,125.74942,142.53896,143.4278,142.23097,141.72262,150.74287,119.74582,111.94382,124.26659,126.42341,126.24254,8.3042646,5.5973254,10.906342,31.253274,29.333787,27.434201,37.2288,41.572612,-1.8945843,-0.24247751,-1.21817,-3.0490567,-2.8321468,2.5352073,-3.0731818,-3.3638925
23,2,E7,1,85.813519,25.615749,29.260244,30.86545,34.472574,138.38129,157.56568,157.8835,157.40328,157.52896,166.16582,215.32052,220.90299,139.56181,137.91238,137.70441,30.274394,17.527414,37.530062,176.26375,142.00772,51.55288,63.304141,59.528392,-3.2383064,-2.661317,-0.45653457,-7.525758,-6.4713035,5.5820471,-6.7592819,-6.4254527
24,2,E7,2,325.95403,159.75668,179.57207,166.25025,153.13036,85.126307,144.17311,144.4117,144.06891,144.08093,647.09996,413.8853,465.57677,84.130681,84.788643,89.484036,23.287286,2.2779706,23.995088,25.715956,24.774367,17.624993,4.2047543,4.581497,-3.5794685,0.079724709,-3.4592033,-3.6424317,-3.5521545,2.4683973,-0.44886361,-0.050224548
25,2,E7,3,379.64364,731.7551,594.81327,807.01506,921.2881,90.908199,146.02304,146.55032,145.87208,145.42469,334.48255,448.63424,658.56699,98.809511,88.070362,84.799663,5.2023325,2.1890904,4.9678919,5.3059122,5.4685734,2.5776936,2.2258994,2.2972555,-1.5774374,-0.077218989,-1.4416118,-1.6069701,-1.6685388,-0.081000085,-0.027845096,0.29608974
26,2,E7,4,463.30879,892.26591,822.77882,970.63986,890.88879,87.945619,145.2909,145.75619,145.07062,145.21939,481.20644,540.00389,568.43741,92.320918,85.417535,89.485516,4.8191913,2.2329598,4.7243569,4.9140138,4.8497739,2.4221267,2.2436466,2.4356867,-1.4913392,-0.11662133,-1.433476,-1.5161055,-1.4833372,-0.030138694,-0.069382729,0.15757448
27,2,E7,5,368.96821,750.62604,626.27823,824.18291,1059.0368,92.966921,145.32692,145.47403,145.37645,144.73158,352.66036,447.9215,849.49138,100.55597,90.7125,84.690239,4.6406665,2.6304291,4.3558162,4.7761315,5.174081,2.9410439,2.6471756,2.3690097,-1.4312248,-0.032903837,-1.2748707,-1.4627188,-1.6134086,0.0076504909,0.03327095,0.24846298
28,2,E7,6,304.15812,600.89308,490.64344,651.26795,986.68801,90.823613,137.3127,136.941,137.81749,135.6909,291.04179,356.14781,869.64325,98.256084,89.616752,77.556085,4.7435935,2.55936,4.4858956,4.8193397,5.4099962,2.7813268,2.7241592,2.3351471,-1.2908535,-0.2283458,-1.0899505,-1.3069167,-1.589793,-0.21032884,-0.13782259,0.23654601
29,2,E7,7,331.2568,965.6772,870.00252,1082.045,1016.9912,92.755554,132.87162,133.09913,132.80692,132.66395,354.17764,415.88499,443.45571,96.713199,90.625985,93.392426,2.522541,2.72444,2.5142818,2.6545821,2.5051012,6.3709882,2.8797281,3.0257739,-0.6880772,-0.025884903,-0.6195662,-0.73010074,-0.67078572,0.51356428,-0.053177497,0.32003283
30,2,E7,8,363.99736,974.25993,906.35524,1083.1114,950.74052,92.627037,142.95403,143.3254,142.75889,143.03692,407.53087,461.49117,447.62988,96.777996,89.99972,95.323202,3.2879027,2.0215523,3.1757058,3.4626692,3.248495,6.2386084,2.306462,2.988372,-1.0892286,0.027922284,-1.0144458,-1.129067,-1.0434539,0.66062258,0.013614106,0.38364337
31,2,E7,9,376.49464,975.96653,960.11164,1058.5361,952.02125,92.171365,142.96019,143.16749,142.86688,142.95409,455.1793,462.85163,484.49701,94.695812,90.3286,95.08812,3.3675899,2.1146125,3.2934864,3.5403726,3.3641413,5.6914951,2.4001142,2.9337034,-1.1026781,0.035857626,-1.0568161,-1.1367417,-1.0684509,0.62179495,0.0023461559,0.37605315
32,2,E7,10,331.211,750.94266,673.41685,848.24212,744.31767,91.968013,144.30775,144.71146,144.06594,144.55003,362.72009,435.50855,419.39721,97.437151,88.688254,94.564231,4.344887,1.9866052,4.1141843,4.6242203,4.3191718,8.538752,2.3682617,3.0696354,-1.3868015,0.022756492,-1.2679285,-1.4422691,-1.3393608,0.91305627,-0.0073804208,0.29900087
33,2,E7,11,345.74542,761.5121,739.6057,825.97058,753.76166,90.661196,143.7434,143.84675,143.62967,144.1085,409.97549,428.19299,447.58174,93.459965,88.712709,93.403408,4.4580138,1.9188267,4.2817527,4.7024093,4.4620326,7.6756826,2.3348389,2.8853156,-1.4007553,-0.048346656,-1.3288624,-1.4351037,-1.366101,0.8235733,-0.097741334,0.28787544
34,2,E7,12,332.3604,742.83621,647.27717,845.38943,729.26795,91.919947,143.76217,144.14104,143.48728,144.24539,341.86103,436.1847,387.70748,97.808809,88.435485,94.471027,4.3572165,1.9657636,4.1158759,4.622108,4.3303258,9.2049673,2.3266543,3.0586136,-1.4020191,0.013788321,-1.2735414,-1.4529089,-1.3511747,0.93805785,-0.014836149,0.22571487
35,2,E7,13,340.74126,815.69828,749.4311,908.33035,798.93381,90.748617,143.31868,143.60093,143.11571,143.68276,381.17476,431.69062,416.82182,95.24918,87.915633,93.589201,4.0765886,1.9174811,3.9010478,4.291869,4.0440394,7.8865159,2.2732369,2.9388925,-1.3131573,-0.021309261,-1.2225464,-1.3513248,-1.2684431,0.833692,-0.043143673,0.29194494
36,2,E7,14,347.17878,825.03205,827.76799,882.67318,810.83676,90.871569,143.30364,143.32108,143.25773,143.54775,435.4739,416.90669,454.21453,92.656513,89.394709,93.853775,4.0538023,1.9662683,3.9576625,4.2453127,4.0600269,6.7772358,2.3894505,2.8885807,-1.2808225,-0.06027412,-1.2371529,-1.3036125,-1.249859,0.7167924,-0.10420658,0.31222668
37,2,E7,15,314.09807,772.41559,618.71258,914.85416,751.44744,102.88903,153.01066,153.7942,152.5129,153.5875,299.90053,433.88346,343.09777,111.37973,98.061883,105.51914,3.912903,2.1703832,3.6924064,4.1958434,3.9269848,8.1438336,2.6666967,3.7722098,-1.2940097,0.011941879,-1.1293954,-1.3660774,-1.2345873,0.70179858,-0.0013560047,0.044943623
38,2,E7,16,289.39128,733.63355,597.12918,864.61453,717.10242,94.889037,143.20229,143.70158,142.85126,143.76401,287.92537,396.92799,323.80307,102.45365,90.55852,97.392999,3.8202413,2.1075849,3.6558807,4.0707527,3.8075809,10.164426,2.5263208,3.5071974,-1.2667671,0.019932976,-1.110733,-1.326794,-1.209329,0.9034276,0.022552372,0.14726324
39,2,E7,17,362.61065,838.79122,788.48582,919.74131,815.03826,90.781388,142.97117,143.12733,142.81594,143.41657,404.92583,449.41085,421.88304,94.22031,88.515564,93.485686,4.0227022,1.9329162,3.8926582,4.2230324,4.0055627,7.1344928,2.2667648,2.8396516,-1.2941143,-0.0057182815,-1.2278461,-1.3254668,-1.2580746,0.73135959,-0.033338572,0.27001539
40,2,E7,18,356.72314,834.54507,768.9543,925.71759,818.70701,90.874863,142.96894,143.18839,142.79526,143.34306,394.23229,449.22348,430.45098,95.023012,88.267495,93.475926,4.0069622,1.9129148,3.8643787,4.2121207,3.9833819,7.3317753,2.2293223,2.8422977,-1.2956825,-0.0012451302,-1.2183807,-1.3297052,-1.2601718,0.75929555,-0.024779566,0.30623824
41,2,E7,19,342.53313,817.86668,924.54759,828.94545,796.02923,94.216236,142.81319,142.38562,143.01139,142.97016,509.35593,380.68179,470.82907,92.252646,94.568687,97.603819,3.7189236,2.0503962,3.811883,3.8813121,3.7993456,5.3659252,2.6898372,2.9487092,-1.1523907,-0.07812597,-1.1855015,-1.1535339,-1.1390654,0.49383089,-0.17258986,0.29021809
42,2,E7,20,364.84126,888.28837,922.09283,936.31908,871.59688,92.104535,142.55182,142.40205,142.60637,142.72049,478.38486,428.39769,479.38349,92.717944,91.236533,95.024127,3.6572164,2.0019501,3.6460161,3.8245428,3.6895447,5.5975776,2.3990346,2.7939754,-1.1583542,-0.041868586,-1.1465087,-1.1757291,-1.1415863,0.55951144,-0.088862805,0.3144707
43,2,E7,21,371.20141,924.07536,878.24928,1009.487,899.96121,91.47869,142.51331,142.68032,142.38274,142.80509,424.31287,454.50722,444.29053,94.616668,89.382968,94.097963,3.5723652,2.0077409,3.4894871,3.7372564,3.5651423,6.4031921,2.3207492,2.8342416,-1.1570535,0.0095697459,-1.1040628,-1.1845339,-1.1286011,0.66053395,-0.017485833,0.3083792
44,2,E7,22,368.90421,957.4708,832.49281,1096.182,942.84998,99.669432,151.95736,152.61947,151.57171,152.26972,390.82729,486.05825,447.15351,106.21907,95.831223,102.29467,3.5252816,2.1090413,3.3757351,3.7340544,3.5092692,6.0032662,2.46293,3.1440023,-1.165804,0.017012152,-1.0666249,-1.2199909,-1.1252385,0.59998348,0.0099867747,0.2715275
45,2,E7,23,347.74929,898.08728,815.71525,1006.4947,890.10367,91.571502,142.601,143.02934,142.35744,142.78904,386.30916,443.95525,433.2259,96.484005,88.613259,93.970744,3.5808996,2.0430974,3.4527326,3.7706752,3.5549884,7.0022414,2.3519753,2.9375222,-1.1552766,0.0045371125,-1.0728751,-1.1956507,-1.1141053,0.72707231,-0.0095657991,0.32202619
46,2,E7,24,358.11952,906.50958,834.63232,1003.2704,882.77254,90.936558,142.58317,142.96033,142.35164,142.84577,394.1697,445.73903,422.3509,95.111397,88.325921,93.486234,3.6371264,2.0550217,3.5365711,3.8092404,3.6127404,7.1984758,2.3497583,2.9399981,-1.1919243,0.028634865,-1.1261123,-1.2214142,-1.1550924,0.7338431,0.00051573768,0.31821839
47,2,E7,25,386.12252,948.23353,1006.9323,983.05113,913.2716,99.412272,151.93839,151.89403,151.93989,152.10379,511.51865,440.80721,481.57326,99.266382,98.877891,102.60624,3.6821644,2.0417239,3.7061469,3.8509549,3.7329744,4.7203062,2.5652981,2.9013854,-1.1929454,-0.06534827,-1.2023752,-1.2067722,-1.1715763,0.4059968,-0.14514262,0.2400795
48,3,x5,1,216.94298,313.77213,414.47303,291.07794,280.31597,109.5734,144.68457,144.61486,144.72601,144.6555,323.0187,227.03812,245.00522,104.96143,111.36908,112.47682,5.9752152,2.7813645,5.9446347,7.1764157,7.1910098,9.6965284,7.0398251,6.3536072,-1.7122749,-0.63972522,-1.6361495,-1.8007125,-1.8123573,0.41254015,-1.1697282,-0.83303125
49,3,x5,2,196.27737,82.89962,116.37512,81.572338,76.272917,113.71825,151.31717,152.17001,151.37202,148.58757,458.52279,295.95509,285.15092,109.07024,115.58065,116.36927,21.568827,2.8209363,23.129182,38.992983,36.533159,16.005203,15.577093,16.890496,-3.3812309,-0.59873705,-3.1548882,-4.1389819,-3.7773534,2.0197995,-2.3741148,-2.3347785
50,3,x5,3,203.84126,78.219548,104.5248,78.8005,73.973334,111.57511,151.25745,152.17958,151.28733,148.46205,507.73798,309.99169,297.46633,108.22529,112.79692,114.11522,23.716608,2.5042875,26.405341,41.680035,38.141973,16.02696,15.305135,17.1273,-3.5100421,-0.50692702,-3.2745074,-4.2669851,-3.7755353,2.131612,-2.3990431,-2.4049417
51,3,x5,4,200.49792,81.003805,108.55026,82.042736,74.044343,110.89704,150.21412,151.03043,150.2033,147.91917,496.8803,303.30056,299.81938,107.4865,112.04676,113.95936,22.570638,2.6191828,25.024396,38.525484,38.453467,16.233588,14.893658,16.08578,-3.4316275,-0.54991355,-3.1819687,-4.1080169,-3.8948637,2.1207896,-2.3391455,-2.2488081
52,3,x5,5,224.90864,238.59345,285.49526,244.97707,194.36992,111.48396,148.32254,149.33006,148.26977,145.83694,348.76321,275.0079,240.24529,110.14134,111.63449,114.27099,7.6648927,4.6689985,8.0013622,9.4767203,10.003613,11.550477,8.4404518,10.257626,-1.6893343,0.1932675,-1.6216885,-1.8187981,-1.8499386,1.2297191,-0.53588386,-0.61870952
53,3,x5,6,237.31109,265.7861,319.51087,270.6612,213.75079,113.25629,149.11022,150.32067,149.07124,146.03375,355.73464,283.04211,240.70396,111.94374,113.46852,115.64847,6.9315538,4.616844,7.2133654,8.491232,8.7479035,10.134033,7.9933309,9.821781,-1.5977339,0.20908015,-1.5507416,-1.7250861,-1.6728757,1.0572436,-0.45096967,-0.55439662
54,3,x5,7,243.15781,147.44259,187.19087,147.28011,127.65552,114.08345,150.37143,151.56043,150.32311,147.33695,424.81083,300.89738,265.39363,111.9676,114.83072,115.83122,12.342648,4.9838337,13.085508,17.538026,17.25677,12.055828,10.918811,13.040891,-2.1808647,0.28763103,-2.0698851,-2.4986218,-2.3851699,1.5074405,-0.94319653,-1.1058739
55,3,x5,8,278.35569,146.22972,156.12868,159.14744,128.38566,111.16958,150.46813,151.78233,150.3527,147.44289,404.17617,359.92336,304.93306,112.66274,110.02497,113.18518,13.798678,5.9848242,14.62482,17.992127,18.395282,14.190596,9.2273586,11.594934,-2.4311217,0.71686179,-2.2482702,-2.678704,-2.5328748,1.8926333,-0.25125959,-0.58480868
56,3,x5,9,235.54259,58.843287,64.473238,66.254207,58.819361,101.78105,146.66945,147.67817,146.7797,143.2139,640.7222,404.9247,355.46669,104.73106,99.991968,103.2931,34.436008,2.0353401,40.001115,55.563853,50.515334,19.753288,10.275801,14.662081,-4.1164881,-0.24048527,-3.2185258,-4.9820247,-4.2672086,3.0661571,-1.8800862,-2.4327671
57,3,x5,10,231.81443,60.734117,67.105637,67.51615,63.586737,102.54294,146.2625,147.26411,146.45262,142.42944,638.54632,408.00319,367.67607,105.1811,100.90877,104.08478,29.665502,2.4464432,35.216481,51.035128,41.242035,19.84509,10.737838,14.478365,-3.5503159,-0.18154956,-2.7568542,-4.4992171,-3.4824252,3.1026251,-1.9011829,-2.3326621
58,3,x5,11,214.96749,61.683426,78.706759,64.151248,63.162509,105.21142,146.225,147.20924,146.42262,142.40755,626.77294,363.53051,341.98581,103.31846,105.82329,107.07239,27.508734,2.5901977,33.359929,51.151673,40.807881,18.290498,13.484693,15.67021,-3.4844214,-0.30711614,-3.0775764,-4.4546249,-3.5320176,2.7670359,-2.2850735,-2.4076583
59,3,x5,12,222.27616,133.37952,155.54641,138.3601,119.81195,104.68167,145.6236,146.65093,145.81251,141.78861,422.9586,290.03992,251.02233,103.886,104.74097,106.50762,14.381709,3.6239801,16.043208,19.31741,17.450902,17.329421,10.12288,13.354016,-2.4546316,0.029492654,-2.3346996,-2.7385573,-2.3439476,2.0774457,-1.1620598,-1.3557947
60,3,x5,13,230.43524,118.93027,139.16937,125.01776,109.13171,102.9989,145.6688,146.72496,145.84376,141.81089,463.47755,312.78733,276.84608,102.45313,102.94916,104.71249,18.081815,3.1553656,20.236751,23.976131,21.554318,16.633024,8.9674096,11.373318,-3.1540275,-0.01724505,-2.9807663,-3.448321,-3.0133835,2.0580136,-1.1142925,-1.2399092
61,3,x5,14,239.85349,165.12171,195.0282,173.01397,145.4201,104.92515,145.09304,146.06536,145.22009,141.70675,437.57901,305.74525,283.06662,104.22967,104.80413,107.40468,12.469285,4.148048,13.654106,15.579288,14.704105,13.170882,8.2146179,9.3956823,-2.4629798,0.1635098,-2.3669554,-2.6461407,-2.3706683,1.5757793,-0.68755372,-0.6976039
62,3,x5,15,202.97449,147.857,183.28541,151.32379,127.52761,103.54071,145.06988,146.07725,145.18193,141.66737,430.2201,269.92949,253.55934,101.56364,103.89725,106.92922,13.499965,2.6802909,14.86232,17.70827,16.567729,15.507514,9.3711158,11.50239,-2.5103115,-0.20770142,-2.4350901,-2.7608588,-2.4187413,1.8320067,-1.2706712,-1.2264915
63,3,x5,16,252.08786,155.43608,169.13725,167.66315,135.2838,104.64174,144.82711,145.95309,144.88294,141.41098,401.35587,329.75234,273.64724,105.72794,103.61457,107.10837,12.645058,4.752699,13.711555,16.082176,15.257487,15.919574,8.1145856,10.990647,-2.3512847,0.35673198,-2.1693593,-2.5850406,-2.2529932,1.8993094,-0.46140621,-0.75608397
64,3,x5,17,228.53657,150.14936,179.41761,155.03924,129.95071,104.50663,144.41482,145.50399,144.41145,141.39595,425.66291,292.63584,259.50415,103.46917,104.49817,107.31269,12.697929,4.0056635,13.995078,16.577775,15.903593,15.161251,9.0517364,11.387485,-2.3283005,0.076949965,-2.2148754,-2.568677,-2.3233242,1.7778499,-0.90904901,-1.0665354
65,3,x5,18,220.87381,107.6665,120.59698,115.28677,98.032102,100.58918,144.84591,146.06398,144.75746,141.90967,449.75427,314.76073,269.20221,101.46205,99.691355,102.95004,19.873858,3.1587986,21.744202,26.630145,25.11313,21.255732,9.2039662,13.154548,-3.2731804,-0.0098434951,-2.9597435,-3.6085408,-3.2380383,2.6723542,-1.1976603,-1.5785417
66,3,x5,19,222.74852,108.00263,120.12717,116.54605,96.567433,100.55824,144.92868,146.16855,144.81145,142.08374,461.93977,320.83807,277.85883,101.53184,99.512624,103.41905,19.951775,3.1207992,22.122941,26.396067,25.698602,21.046649,9.1898307,13.107963,-3.2565246,-0.0099275992,-2.9801562,-3.5675613,-3.2284873,2.6884511,-1.2103331,-1.5866609
67,3,x5,20,195.47392,118.98219,165.22234,116.17085,102.42713,108.26215,144.67362,145.8428,144.60091,141.80425,421.31108,271.47308,258.4063,104.21911,109.78545,111.06088,14.412646,3.2546299,15.441572,21.915777,21.557146,15.636641,11.608928,12.774668,-2.5653185,-0.46779579,-2.4180535,-2.9927752,-2.8135398,1.8293992,-1.7213178,-1.6805391
68,3,x5,21,193.53371,79.806391,108.85217,79.881751,72.606842,105.03296,145.11424,146.32824,145.01287,142.25025,507.721,309.63459,298.32547,101.1733,106.41961,108.0573,22.171419,2.5897939,25.085638,37.24417,35.594727,19.549018,12.890249,14.472362,-3.3091045,-0.42792893,-3.0398338,-3.988783,-3.65623,2.6310546,-2.0650053,-2.0853295
69,3,x5,22,202.96445,75.553258,99.452952,77.28409,69.606131,105.63674,145.19463,146.43456,145.08312,142.30585,534.82115,317.49454,300.20064,102.99352,106.43296,108.49679,22.559757,2.8885889,26.351336,38.329864,36.609604,18.279387,13.189903,15.522151,-3.1869096,-0.28339375,-2.9168107,-3.8790442,-3.4995465,2.5400653,-2.0602339,-2.1621609
70,3,x5,23,23.822799,32.330622,38.194245,34.466072,39.101886,140.59058,144.28263,147.92158,146.22614,124.98977,28.674927,27.45407,27.416158,144.08005,142.59289,121.34264,61.633289,30.289867,41.851733,53.318462,72.723632,26.678216,28.651416,18.231375,1.6308676,-2.5370942,0.95711984,1.2518012,2.6547541,-2.3010218,-2.3351073,-1.5739268
71,3,x5,24,27.800467,29.887558,32.392734,33.426769,25.555823,155.64205,157.77064,157.99219,157.66431,157.75727,29.340283,31.877189,23.60358,155.79638,155.51067,155.97611,40.122426,78.797717,33.857281,33.777016,52.373022,69.777882,62.453643,104.42302,1.8243248,3.6578923,1.6579075,1.5067073,2.3488704,3.3932888,2.9453747,4.5848855
72,3,x5,25,25.112478,31.056553,32.894365,34.97712,26.62832,161.02362,157.41519,157.7341,157.25801,157.40044,26.726444,28.648243,25.165715,161.37577,160.99393,160.1845,37.490181,98.14375,33.047897,30.990653,49.01628,85.640532,76.285551,100.59143,1.7996088,5.2062718,1.6656959,1.4895294,2.2896045,4.7177136,4.2977303,5.274173
73,3,x5,26,275.75876,445.00069,467.34767,463.08276,430.51504,108.40823,145.65552,145.88407,145.57764,145.47216,295.4963,328.09983,327.83299,108.67297,107.96007,110.0477,4.9211092,2.9127464,4.5588442,5.5927631,5.3839831,9.1523059,4.2965281,4.2181004,-1.4844685,-0.54304449,-1.3184411,-1.5734183,-1.5212674,0.4125345,-0.76127384,-0.47778428
74,4,Br,1,156.80763,139.56635,130.51237,156.4174,124.74516,104.30277,138.02616,138.31485,137.81181,138.38665,170.40569,188.57383,148.88558,107.3878,101.98294,108.24201,13.298972,2.7430767,13.321188,12.946057,12.866134,2.9087116,2.6352503,2.9001126,-1.928207,-0.33606227,-1.7386633,-2.043423,-1.6474805,-0.37205297,-0.18942243,-0.067279378
75,4,Br,2,165.17093,92.935976,114.51515,89.365425,86.291501,105.0198,138.99013,139.05818,138.86879,139.46986,222.50702,173.38423,160.15554,102.0453,105.94536,108.12556,22.104321,2.6926731,19.349074,23.186924,21.32689,2.6187559,2.8719063,2.5768092,-2.0077961,-0.71980916,-2.1378958,-1.971451,-1.7558818,-0.53862661,-0.76909032,-0.27113452
76,4,Br,3,131.079,74.232764,70.509909,82.557768,69.794504,107.00632,139.15646,139.32309,138.97071,139.71635,123.86642,164.64988,130.53294,110.47689,104.63623,110.21459,26.06166,2.4494843,24.272154,25.269624,25.339323,2.7475002,2.3390987,2.5877153,-1.7145936,-0.45570994,-1.1756647,-2.0097091,-1.3654405,-0.34438624,-0.3616659,-0.1521885
77,4,Br,4,156.80604,78.736089,79.15403,84.877126,74.005575,102.422,139.21908,139.34016,139.04851,139.82508,148.93852,193.33748,156.24253,104.50734,100.67269,106.0679,27.614595,2.3302727,24.430922,27.557785,26.287668,2.5937614,2.2496768,2.4500281,-2.1900922,-0.42204465,-1.7856817,-2.4075081,-1.7833994,-0.30164717,-0.35585657,-0.11880255
78,4,Br,5,183.03666,141.31647,193.42997,129.6939,121.05446,106.00238,138.22313,138.26343,138.15189,138.55566,258.61605,190.00608,174.73199,101.09638,107.75272,109.93629,13.447838,2.6814682,11.551074,14.713514,13.996545,2.5389869,2.9810974,2.7407402,-1.7558554,-0.75323011,-1.7982925,-1.7591996,-1.6459035,-0.5251419,-0.84901196,-0.4988672
79,4,Br,6,184.24023,102.84993,153.61815,89.934039,88.213277,109.49677,138.44944,138.49983,138.35692,138.84895,263.46884,187.26781,176.45462,103.29328,111.94712,113.24431,13.887747,3.4629654,12.653211,15.295371,13.451872,2.8606676,3.9684494,3.5016035,-2.5919157,-1.0546794,-2.4444441,-2.6889645,-2.5322201,-0.72100479,-1.1923014,-0.90661296
80,4,Br,7,182.32547,134.28259,177.6583,125.15339,118.46345,105.9705,138.34979,138.41029,138.25601,138.72781,257.19841,189.73271,174.31247,101.68389,107.45248,109.65506,14.898222,2.8174368,13.094552,16.06763,14.835595,2.6389679,3.0617933,2.7049082,-2.0591662,-0.80268782,-2.1327783,-2.0589786,-1.8519483,-0.55401799,-0.88646425,-0.45654975
81,4,Br,8,171.56088,148.43304,156.42376,155.19329,134.79844,102.00442,138.38407,138.55986,138.21736,138.82273,192.82001,198.31472,166.3194,102.46329,101.11975,105.44752,13.870817,2.3334192,12.857067,14.099821,13.343218,2.547474,2.2952587,2.4684406,-2.1023346,-0.46510266,-1.9771971,-2.175611,-1.9002908,-0.32047859,-0.43038229,-0.024490522
82,4,Br,9,170.83821,145.05934,155.59389,150.54381,131.39023,102.80841,138.28534,138.46696,138.12732,138.69052,200.06424,195.09393,156.70591,103.1512,102.025,106.03301,13.831304,2.4409599,12.789275,14.117532,13.207359,2.6596512,2.3889226,2.4984462,-1.9897931,-0.57395269,-1.8585203,-2.0729473,-1.7997026,-0.45881549,-0.53617593,-0.086961657
83,4,Br,10,192.52089,144.40242,161.73164,145.95565,129.77826,100.27563,138.32287,138.4127,138.18091,138.83364,230.94411,214.28257,176.34448,99.031344,100.16453,104.19836,15.716321,2.2912066,14.704013,16.117796,14.810192,2.5369643,2.3165322,2.365816,-2.3789491,-0.4878331,-2.3581798,-2.4191978,-2.0829564,-0.38117702,-0.48501562,-0.091822402
84,4,Br,11,185.38497,110.45647,140.1672,104.437,99.075402,102.92585,138.6477,138.73817,138.51537,139.11608,251.23747,192.31256,170.48206,98.933259,104.23778,106.7232,20.094489,2.5698462,17.983637,21.209509,19.404897,2.5339384,2.7752295,2.551429,-2.3902812,-0.68706494,-2.5241357,-2.3500134,-2.0614755,-0.52405113,-0.75399987,-0.33133841
85,4,Br,12,192.97376,59.765924,77.823052,56.36623,55.581896,103.49113,139.18249,139.28308,139.02997,139.73644,266.1792,198.75721,186.71588,98.695889,105.0659,108.02533,41.03608,2.6496191,33.881417,43.620203,38.52062,2.6205066,2.8453428,2.5389879,-2.1386592,-0.67827819,-2.5820146,-1.968206,-1.4772072,-0.49167318,-0.7418578,-0.27889468
86,4,Br,13,161.07543,51.800734,70.189833,47.903717,48.228688,105.93265,139.35782,139.46983,139.1983,139.91493,255.93329,149.0265,154.53017,100.06441,107.97447,110.89456,44.361814,3.1745112,36.032442,47.21729,42.096497,2.9769836,3.4932967,2.8653658,-1.4049152,-0.79750293,-2.2374335,-1.0031878,-0.61614126,-0.63480769,-0.8384974,-0.36148841
87,4,Br,14,149.40677,110.39777,116.87463,117.03808,102.99142,104.62592,138.87218,139.07348,138.69431,139.31836,178.32515,171.3254,174.60772,105.84069,103.32793,108.22884,16.901585,2.5590156,15.188105,16.80631,16.710765,2.6457583,2.5227728,2.5600519,-1.5354093,-0.50656176,-1.3389606,-1.639697,-1.3723729,-0.24879038,-0.412257,-0.047863241
88,4,Br,15,153.7513,86.715182,98.155535,88.6726,80.548062,104.42562,138.95037,139.11441,138.77748,139.45951,196.05826,168.13824,168.25587,104.03244,103.87041,108.41061,22.808735,2.5359535,19.903802,22.921668,22.268531,2.6472924,2.5001552,2.4962058,-1.6035531,-0.56246877,-1.5589286,-1.6622758,-1.269544,-0.34403683,-0.49239446,-0.10379204
89,4,Br,16,281.98322,290.00256,283.26715,315.65131,311.70554,107.80473,148.9514,149.38594,148.61281,149.62911,343.09262,363.7586,374.66203,110.33122,106.33832,108.80817,7.9160694,3.0749764,7.7149291,9.1385394,8.6293979,11.786022,5.1928649,5.0892768,-1.604067,-0.47878412,-1.4952773,-1.6937048,-1.6075803,0.95289753,-0.7940248,-0.51898197
90,4,Br,17,175.15961,120.35481,124.66033,129.03661,139.10835,99.918085,132.59013,132.665,132.43093,133.28926,286.83799,244.22289,290.35397,101.40092,99.180784,99.896806,10.66223,3.9797485,12.950489,15.018744,13.892488,32.365373,10.067737,7.7255536,-1.6837487,-0.47795469,-1.2138218,-1.9659942,-1.9637392,3.198372,-1.4571038,-0.97468479
91,4,Br,18,174.81509,188.05381,184.4419,203.71486,213.81882,101.07311,132.31449,132.40646,132.16632,132.91278,231.41863,230.40929,268.05538,102.98529,100.1035,101.12761,7.1874734,3.7592591,8.054397,9.0366347,8.5062432,28.242291,7.9926915,6.4655488,-1.1622538,-0.57202845,-0.88600457,-1.3169176,-1.3109433,2.3418752,-1.1706274,-0.74355086
92,4,Br,19,203.902,264.19797,256.36911,282.33844,299.81878,92.909826,128.17234,132.72869,128.25121,116.18083,229.98548,230.98596,350.8931,99.325474,91.839953,81.621562,7.5584966,3.3139738,7.2970529,7.5910873,7.9176083,3.110609,3.2650374,2.7294297,-1.4498324,-0.42377273,-1.4070247,-1.4983016,-1.461139,-0.22150643,-0.39830701,-0.076658477
93,4,Br,20,154.32299,150.69142,167.44636,155.95045,138.70396,94.869233,127.69068,127.9115,127.47522,128.24452,210.66519,173.33616,179.13709,94.235698,94.410175,99.000154,12.345565,2.9378313,11.845493,12.276898,12.433067,2.8225479,2.8876864,3.0192936,-1.5897145,-0.64810429,-1.6924877,-1.5955517,-1.4413966,-0.35686276,-0.56613839,-0.36406986
94,4,Br,21,186.94341,151.77325,155.23408,159.58393,164.27607,87.857926,125.84884,126.14051,125.65588,126.06911,228.12222,214.86558,295.88659,89.165262,86.96625,89.097921,15.30185,6.7138004,14.851663,15.189203,14.940166,5.245526,5.7697846,4.2688586,-1.8595119,-0.16510288,-1.8530076,-1.8955561,-1.9185305,-0.012805557,-0.15605747,0.0040020367
95,4,Br,22,100.95147,132.91504,122.12303,141.48356,168.76384,102.57192,125.73694,126.00565,125.58082,125.84212,97.211295,113.30141,183.48875,104.85887,101.80289,100.62192,11.241215,3.7163584,11.675723,10.737865,9.9500705,3.3379391,3.6662295,3.340292,-0.72999013,-0.81089556,-0.53208471,-0.77383722,-1.0672387,-0.54464424,-0.75801504,-0.59262319
96,4,Br,23,53.506776,93.710923,83.967351,105.07202,96.006706,89.158981,102.19181,102.36995,101.99573,102.80298,49.566641,64.803874,63.320284,90.671675,88.178148,90.430403,25.305021,4.5225742,30.309984,21.101572,23.79991,3.9622648,4.4107788,3.8610844,0.76673921,-0.34989754,1.099051,0.50932873,0.77335375,-0.28547859,-0.32168878,-0.17306885
97,4,Br,24,51.60553,95.565758,90.182435,104.33213,98.259493,88.920598,102.04529,102.16519,101.9025,102.53666,48.334676,61.604528,63.576377,89.948945,88.22845,89.930984,24.4197,4.3868177,26.657827,21.304896,22.960529,3.9341181,4.2948928,3.6563509,0.62946841,-0.36475575,0.85833384,0.42172703,0.58136169,-0.27122834,-0.36537688,-0.18690915
98,4,Br,25,77.32619,133.87047,131.09315,142.70684,136.13186,120.66417,138.15149,138.28205,137.98127,138.73991,74.952038,89.426197,94.367336,121.44436,120.03829,121.96544,7.7187854,4.2065183,7.5293397,7.5017243,7.497882,3.808664,4.1896927,3.5663771,-0.58961916,-0.68211913,-0.48245224,-0.65910877,-0.57478399,-0.51158499,-0.68266125,-0.41626398
99,4,Br,26,64.224432,90.511223,84.960398,99.558631,93.772287,121.97537,138.4845,138.61234,138.30878,139.08062,61.465867,76.947151,78.231091,123.13411,121.16055,123.2678,13.011987,4.5947571,13.652998,11.887067,12.016961,4.0236644,4.4882128,3.6727486,-0.13793924,-0.80190398,-0.011319283,-0.23694393,-0.14448457,-0.58188083,-0.77058892,-0.472482
100,4,Br,27,71.883851,93.780649,89.141621,103.90259,98.983773,123.92844,138.52332,138.72672,138.3256,139.03714,70.811744,86.378762,92.853269,125.21142,123.02548,125.33395,12.133732,4.9304086,12.516606,11.040671,10.986153,4.3347327,4.7261484,3.7610586,-0.031500359,-0.57552316,0.11035363,-0.16343644,-0.041604629,-0.43775269,-0.55878448,-0.30705807
101,4,Br,28,72.798096,95.326091,92.550862,103.57623,98.266705,120.97631,138.5502,138.74845,138.34378,139.11823,72.10115,86.659818,92.101607,121.97972,120.19419,122.50721,12.592394,4.0729781,12.515524,11.818245,11.812633,3.571679,4.0958733,3.3474881,-0.51301472,-0.93007844,-0.40482699,-0.61076143,-0.467534,-0.68215584,-0.89568976,-0.55554218
102,4,Br,29,83.225281,98.723264,96.480255,106.4776,101.64261,119.41222,138.55031,138.73144,138.34843,139.16711,81.898614,98.254836,101.13477,120.45097,118.64434,120.75908,12.520394,4.2051155,12.268292,11.915317,11.751499,3.8820556,4.0914576,3.3905519,-0.73055271,-0.5534938,-0.60532677,-0.81709554,-0.71455876,-0.38225658,-0.54918366,-0.2985079
103,4,Br,30,82.19287,104.52988,105.04261,111.91556,107.76716,119.72691,138.36166,138.50175,138.17634,138.98422,85.047478,96.363404,103.28525,120.44048,119.06955,121.33987,11.378304,4.2022066,10.891176,10.907991,10.659232,3.7227491,4.1267858,3.3589137,-0.65217193,-0.59984523,-0.57876728,-0.72698409,-0.60653112,-0.43441612,-0.57383735,-0.32620132
104,4,Br,31,77.597914,127.41739,119.23454,140.11063,129.17517,121.01702,138.16958,138.40026,137.94945,138.75689,71.715432,93.837423,91.156563,122.34633,120.11616,122.30806,8.1403627,4.2360794,8.3155258,7.6792454,7.8278095,3.6938694,4.1764078,3.6240997,-0.5756173,-0.48726059,-0.42707174,-0.66298827,-0.54716114,-0.35322507,-0.46671235,-0.27940031
105,4,Br,32,68.537699,89.843968,105.57418,88.218034,90.279086,121.20607,138.38357,138.51055,138.21754,138.94556,85.612469,71.601042,83.864216,120.12793,121.45608,122.80252,13.427016,4.3743652,11.10831,13.881054,12.955533,3.978282,4.4163013,3.5553854,-0.32386824,-0.92130585,-0.47482915,-0.28736247,-0.29270673,-0.75103639,-0.8926654,-0.54482647
106,4,Br,33,73.407444,96.558568,110.09804,96.11623,96.67617,122.36056,138.68903,138.76431,138.55502,139.2719,86.811553,77.179546,85.774704,121.99477,122.35508,123.41292,11.913932,4.8154664,10.035843,12.183126,11.630771,4.4731101,4.794373,3.7440848,-0.30463342,-0.82679422,-0.31943519,-0.31685732,-0.36897181,-0.71997932,-0.80987028,-0.48378927
107,4,Br,34,76.607678,85.248814,83.059768,91.701627,84.655233,120.87041,138.8866,138.96994,138.70462,139.64668,67.391605,91.740583,82.185407,121.74318,120.16222,122.39595,14.77423,4.1280681,14.332498,14.040416,14.307125,3.7276586,4.0905743,3.7764909,-0.58079049,-0.60299118,-0.40322444,-0.6884488,-0.48708566,-0.4987609,-0.58493268,-0.38599947
108,5,Ps,1,103.74018,116.19292,117.21616,123.89063,114.78555,119.44807,138.47774,138.67777,138.29134,138.99262,104.67159,119.40696,110.02223,120.23772,118.79228,120.87353,11.007094,5.2495017,10.437112,10.736991,10.441595,4.8607401,5.1562108,4.2532071,-0.60442965,-1.0624386,-0.50298763,-0.68315566,-0.54437507,-0.96949445,-1.0313836,-0.65345825
109,5,Ps,2,84.519631,128.19666,110.32284,149.31213,124.98125,121.73624,138.03172,138.35811,137.76553,138.63291,73.308631,107.43912,91.673208,124.20185,120.19787,123.35787,8.4204629,5.3919859,9.5013613,7.5560808,8.3055446,4.9160985,5.09311,4.6001999,-0.19027319,-0.44345358,0.05147687,-0.32632895,-0.1416036,-0.50181432,-0.37592587,-0.23528354
110,5,Ps,3,102.46002,138.4976,124.6665,158.32528,132.49587,121.36287,137.87837,138.18771,137.62098,138.45476,91.796372,126.68655,108.06204,123.34745,120.02364,123.20971,7.8489867,5.6568182,8.3371296,7.2181246,7.8665207,5.1729637,5.3289937,4.7691541,-0.3010807,-0.16083644,-0.13369244,-0.40545736,-0.2123936,-0.27154657,-0.10671124,-0.014193656
111,5,Ps,4,108.45839,147.14415,133.55734,168.3378,142.92693,121.64843,137.53173,137.86859,137.26183,138.09352,94.190987,135.81171,118.90757,123.44789,120.41748,123.39941,7.2483599,5.3880246,7.5378557,6.7344544,7.1702076,4.9246606,5.0829504,4.4218753,-0.33670696,-0.053790454,-0.15848904,-0.44323476,-0.28486197,-0.1330483,-0.045782595,0.062793267
112,5,Ps,5,122.20973,127.82074,141.5671,132.82413,126.398,120.13221,138.00457,138.17428,137.83011,138.46853,138.6832,134.95501,142.74986,119.82739,119.89287,122.24277,9.9381236,4.9092718,8.8953427,9.8576937,9.5803524,4.4050373,4.8366888,3.8637542,-0.6749662,-0.69132459,-0.70571258,-0.68968425,-0.56044217,-0.62560162,-0.67472613,-0.40465147
113,5,Ps,6,108.20898,93.140906,98.0809,98.203941,91.124902,114.79861,138.54428,138.7878,138.31699,139.12962,115.17674,126.23822,120.85041,115.29875,114.12459,117.07585,15.966812,4.1446207,14.413276,15.703739,15.319997,3.9228218,4.0386176,3.4594238,-0.98772031,-1.0068447,-0.90698857,-1.0693627,-0.83814678,-0.80409404,-0.94762147,-0.58748693
114,5,Ps,7,169.52103,90.370811,96.785869,94.098591,86.082424,109.5826,138.73317,139.01705,138.49647,139.26867,187.94731,189.92059,168.07262,110.17688,108.80564,112.14626,20.643665,3.4871152,18.591863,20.659082,19.63781,3.507247,3.4157673,3.0829397,-1.5548109,-0.94748579,-1.4463007,-1.644742,-1.3308373,-0.89139845,-0.89480659,-0.54353078
115,5,Ps,8,127.97115,148.3255,158.85471,154.50423,140.93519,115.17845,138.12498,138.38653,137.91035,138.59278,146.15464,143.29905,134.02925,115.28523,114.72764,117.33662,9.3293685,4.4751141,8.8632853,9.3234678,9.0211352,4.4512992,4.425555,3.7035043,-1.0098574,-1.1062007,-1.0192767,-1.0432312,-0.87813219,-1.0500328,-1.0533408,-0.67076887
116,5,Ps,9,119.11351,142.37915,155.10526,148.86064,138.73063,118.59092,137.89792,138.14912,137.70355,138.2814,141.56383,131.45806,134.35707,118.75119,118.14881,120.54066,8.9592929,4.9754128,8.3699384,8.8311112,8.6603741,4.6575382,4.8313979,3.9055666,-0.61630384,-0.95736468,-0.6320755,-0.64806093,-0.52348377,-0.84718672,-0.91958396,-0.56052824
117,5,Ps,10,121.31353,146.13958,160.24401,151.89755,143.18957,118.53687,137.84274,138.06125,137.66179,138.24583,142.9916,132.89152,138.00478,118.46952,118.21166,120.4723,8.7853491,5.0032477,8.1819651,8.6857676,8.4238065,4.6292784,4.9070071,3.9308011,-0.69288581,-0.96325952,-0.71188204,-0.71132743,-0.60130456,-0.86010518,-0.92065466,-0.54450551
118,5,Ps,11,151.64593,152.20863,214.72987,137.44638,134.52471,116.60631,137.33265,137.60122,137.1603,137.56376,231.69179,142.56872,144.71279,113.1999,117.83473,119.28098,10.060241,5.5938347,8.7282469,10.962769,10.318153,4.7955948,6.1110641,5.1435013,-1.1285566,-1.3515765,-1.2908847,-1.070552,-0.94884114,-1.1820396,-1.4025137,-1.0939801
119,5,Ps,12,109.06997,107.61514,111.51877,114.14238,104.44306,116.55619,137.86012,138.34452,137.54083,138.27553,120.9864,123.7925,117.75648,117.5782,115.65882,118.62677,12.871594,4.7750659,12.262395,12.522292,12.440551,5.0749984,4.5552448,3.8113215,-0.54854229,-1.0064077,-0.51794867,-0.62469324,-0.39715469,-1.023915,-0.92752967,-0.58318296
120,5,Ps,13,119.90636,132.19637,163.71536,127.94141,126.09763,122.24876,137.61688,137.95026,137.41463,137.85706,156.6204,119.73413,125.88916,121.29513,122.46075,123.72058,9.3909506,5.798429,8.177554,9.7755662,9.3444573,5.6581853,5.7683009,4.588728,-0.49712418,-0.72361694,-0.58914836,-0.48539993,-0.44565837,-0.76114948,-0.73125442,-0.54895062
121,5,Ps,14,115.00545,152.68571,186.02699,149.24546,144.20043,120.09336,137.30841,137.64132,137.11271,137.51778,151.18968,117.54061,123.5449,119.04973,120.32198,121.72656,7.817659,5.0260431,6.983167,8.0887515,7.8409013,4.690394,5.1404952,4.0906451,-0.56587527,-0.80698534,-0.67300197,-0.55147678,-0.50984553,-0.8368605,-0.79282793,-0.49601542
122,5,Ps,15,141.07209,185.15347,193.17343,195.88379,178.41218,120.01882,137.01125,137.44179,136.75882,137.22964,155.29216,156.4169,145.33911,120.57676,119.48265,121.42659,6.4968526,5.0327004,6.436267,6.3699476,6.2864915,4.8528987,4.9185236,4.1227219,-0.52673797,-0.40834335,-0.56441073,-0.54966127,-0.42085367,-0.55011194,-0.37356804,-0.1987414
123,5,Ps,16,110.75403,119.17647,119.16102,129.27397,113.91382,117.79513,137.78307,138.23846,137.47285,138.22904,117.97392,128.69624,114.40541,118.94899,116.83044,119.88398,10.937373,4.9266009,10.79632,10.448723,10.738511,5.0348801,4.6819814,4.1408473,-0.6993015,-0.88477498,-0.69005484,-0.75582105,-0.51028537,-0.91423518,-0.78837949,-0.58184506
124,5,Ps,17,172.48133,190.27282,166.69232,222.06447,180.28767,126.05409,136.0338,136.83192,135.61015,136.17598,145.82326,211.76695,163.74367,127.76586,125.0274,126.9605,5.5409482,4.5232939,6.4199887,4.9935963,5.5418484,5.0480777,4.1852269,4.1698221,-0.028606015,0.39173029,-0.00023960321,-0.097941898,0.049394821,0.098088413,0.40319771,0.38526585
125,5,Ps,18,170.22107,93.842947,114.25932,90.86104,90.664127,112.12342,137.97977,138.28707,137.73931,138.42551,194.29788,180.96595,187.73367,109.75158,112.86956,114.58225,20.584516,5.5228177,16.634458,21.887809,20.658495,4.5754127,5.6437743,5.1079963,-1.6395105,-1.2043951,-1.6859812,-1.6187858,-1.5467887,-0.82382136,-1.2770558,-1.1136465
126,5,Ps,19,118.81161,111.88358,113.00159,120.57586,109.30417,116.06392,137.97841,138.40237,137.68615,138.41476,121.20342,139.56652,132.79365,117.30781,115.04492,118.1707,12.369632,4.7517045,11.575698,12.043941,11.915441,4.3917321,4.5448626,3.7947022,-0.80179133,-0.71049433,-0.68079603,-0.89677571,-0.66807182,-0.60377569,-0.67712213,-0.37046075
127,5,Ps,20,150.07783,65.087869,83.571733,62.165135,61.675772,111.19969,138.36128,138.7332,138.09234,138.77955,235.28737,144.79814,145.23628,108.0639,112.12252,114.74599,30.207575,4.1692893,26.248235,31.265004,28.428147,4.0739464,4.2637371,3.5022762,-1.08768,-1.098653,-1.669447,-0.88840991,-0.59884559,-1.0633904,-1.0475569,-0.65033616
128,5,Ps,21,136.51181,72.614494,69.295143,79.701879,71.425739,116.48407,138.42693,138.92793,138.08883,138.88592,130.53124,161.47713,129.51557,118.57368,115.14727,118.07149,23.000532,5.8377104,23.089981,21.532668,21.780273,5.8246399,5.3898365,5.2291333,-0.84091341,-0.41286903,-0.6053611,-1.0131739,-0.65285766,-0.44759456,-0.38832533,-0.3519591
