number,classNumber,className,numberInClass,1 meanBacteriaarcLength,2 meanBacteriaWholeCurvature,3 minrolcorPointAndMidP10B10,4 minrolcorPointsP10B10,5 minrolcoranglespointpointmiddleP10B10,6 minrolcoranglespointmiddlepointP10B10,7 medianOfTheObjectsSize,8 howMuchWhiteInMaskPercent,9 howManyObjects,10 howManyBacterias,11 meanShiftr25,12 meanShiftr50,13 meanShiftr75,14 meanShiftr100,15 meanShiftr125,16 meanShiftr150,17 meanShiftr175,18 meanShiftr200,19 NewKmeansAndVariance2DForK3,20 NewKmeansAndVariance2DForK6,21 NewKmeansAndVariance2DForK10,22 NewKmeansAndVariance3DForK3,23 NewKmeansAndVariance3DForK6,24 NewKmeansAndVariance3DForK10,25 NewKmeansAndVariance2DForK3weighted,26 NewKmeansAndVariance2DForK6weighted,27 NewKmeansAndVariance2DForK10weighted
1,1,Pi,1,113.4330954,10.00234168,0.1810156696,1.078065717,0.2540829393,0.4203906253,595,0.07781819661,285,642.8436975,261,209,171,133,94,73,59,44,4990.639798,5709.218298,12043.61137,4618.575511,85758.34081,42622.24441,507.8786749,2445.047073,2488.64779
2,1,Pi,2,107.6461657,9.913298399,0.4116024545,0.981311518,0.4650362235,0.4250532517,562,0.08795694987,347,769.2633452,326,238,175,127,89,64,56,43,3553.366669,10146.62342,3735.245716,14585.76588,33647.11023,99926.26961,7.448613054,770.0838341,1909.271632
3,1,Pi,3,112.2453837,10.03551692,0.355859417,1.379122913,0.5019733276,0.4930921068,588,0.09085083008,344,759.4387755,315,235,174,131,97,68,52,43,603.6620797,2916.180743,5960.271457,12872.53766,16131.86968,25897.51101,3331.363527,549.545902,750.9845547
4,1,Pi,4,105.8650985,10.07727343,0.3316864123,1.133941177,0.4766911254,0.308588079,560.5,0.0688285319,294,603.5789474,279,203,142,111,75,59,42,36,1275.582032,4120.158944,5143.136367,17761.55778,18173.57286,145663.0994,195.3209439,638.0728028,6165.409602
5,1,Pi,5,118.5558811,10.05533707,0.4480261587,1.229899124,0.4721625768,0.4856006057,610,0.08595621745,287,692.6098361,270,212,154,116,94,67,46,37,8332.669475,14968.39146,11716.02278,41895.29501,76847.55567,102976.0878,658.2977706,3214.137341,4448.297554
6,1,Pi,6,114.8026176,10.08914473,0.2135666351,1.13381677,0.3998613894,0.4282855094,601,0.0821685791,283,672.0049917,258,207,158,110,92,69,52,39,1704.80354,9583.039689,8008.299671,44392.5277,81536.93016,85530.09715,1155.23919,647.9074067,2301.136176
7,1,Pi,7,105.2611269,10.10749008,0.1582166009,1.015793763,0.2374529976,0.3581839031,538.5,0.08452860514,310,771.5413185,286,217,159,114,81,68,47,37,2173.65939,9270.108857,13235.5185,40536.00271,44824.80538,169333.207,441.8444741,2998.359268,10607.53093
8,1,Pi,8,96.27587698,10.00860746,0.2569378172,1.203734902,0.470708177,0.5231860337,497,0.06639302572,363,656.6096579,332,236,158,118,76,57,45,41,4650.148808,2954.31115,5364.871181,3553.928097,39826.03349,44926.20882,367.4803773,2231.47924,6984.674528
9,1,Pi,9,98.02707193,10.00878658,0.2827686194,1.099922528,0.3951846977,0.4043709127,506.5,0.07543518066,356,732.041461,336,245,176,121,83,60,47,41,3571.063623,2851.309984,10288.01215,73839.63467,13210.46812,40288.29919,1776.095101,3249.219939,8843.121035
10,1,Pi,10,94.8925243,10.03063823,0.3643427777,1.090906732,0.5070316302,0.4658835661,476,0.1268802897,398,1310.172269,354,244,171,126,93,72,54,37,5655.601824,16448.85613,15202.11913,38296.82051,112221.1585,32676.20846,1531.743895,1455.546819,2450.238544
11,1,Pi,11,91.65332457,10.16187444,0.4918834796,0.9882940409,0.7291844499,0.6111514081,434,0.1213739014,410,1374.601382,348,236,165,118,93,66,53,36,3835.419367,4529.6622,10456.57244,28040.95978,43847.56026,36507.13298,1191.624577,5001.996619,7636.553275
12,1,Pi,12,101.4595588,10.10851267,0.3116585628,1.334842977,0.411352077,0.4227120001,501,0.06580240885,330,645.5728543,298,195,125,93,70,47,37,32,1416.407019,4591.750673,5975.987852,24986.17908,35632.25622,101318.9736,1601.253786,4265.791832,4847.874245
13,1,Pi,13,106.7000116,10.16645035,0.3568061652,1.257708144,0.5104048695,0.4933518611,526.5,0.07147664388,310,667.2782526,281,188,129,96,67,50,39,33,7952.75255,10222.28684,6050.548576,63973.94589,95893.45416,173017.103,785.5850865,5196.560077,3979.272871
14,1,Pi,14,106.4906097,10.10350273,0.3297978926,1.186186087,0.5644287984,0.3411507836,552,0.1131081136,421,1007.153986,395,287,191,125,88,71,48,39,4791.859462,7554.782935,5820.696101,7884.311831,17335.70987,50157.58289,98.04579112,4859.623172,6283.405953
15,1,Pi,15,106.4418216,9.954504393,0.2041938386,1.084225845,0.3458058705,0.3476866871,600.5,0.05007222493,286,409.8501249,269,199,140,106,73,56,38,38,1385.515032,6505.743773,5837.305194,20308.96589,5715.062296,20985.89867,640.4154577,1281.035097,1963.791023
16,1,Pi,16,94.98356813,10.04173834,0.1217736144,1.322350263,0.1948727061,0.3724231371,466.5,0.04010294596,266,422.5380493,255,188,149,112,77,58,45,37,3668.884076,6600.287443,25711.08292,499.1577812,68745.47458,25234.54789,603.3243962,6795.957624,15061.55924
17,1,Pi,17,107.6003403,10.29181532,0.519116226,1.294232021,0.6440984661,0.5050761063,546.5,0.2591361491,368,2330.660567,348,273,188,126,99,73,53,44,3427.090019,7950.208812,10796.00392,1545.017831,23389.78384,24910.49118,221.8864565,2589.082423,1392.817608
18,1,Pi,18,106.661802,9.995441172,0.3512142054,1.321914343,0.5918819924,0.4812787869,579.5,0.2393058268,330,2029.742882,319,256,181,132,95,68,57,40,2788.843503,4327.587942,5358.552588,1342.875218,23685.00208,27194.03454,327.9188979,1613.726794,1528.192711
19,1,Pi,19,106.3259511,9.90585108,0.4703503534,1.12951686,0.5747083359,0.4560885899,596.5,0.1768674723,382,1457.399832,362,284,192,137,102,73,56,45,5292.783001,8754.929186,4716.863592,103210.1538,5105.053554,11619.0725,137.8361418,3561.341821,1115.758454
20,1,Pi,20,89.56128955,10.00115717,0.2589720688,1.265300159,0.5511783279,0.4892107849,416.5,0.1837461344,456,2168.42497,409,292,183,130,88,70,53,37,368.34301,3191.881064,4882.897769,1613.79452,29997.86073,90739.21615,124.0079525,836.986529,535.8526817
21,1,Pi,21,93.59322265,9.982400768,0.4065194142,1.507120296,0.5248055156,0.6509454061,446,0.1439876302,489,1586.834081,440,305,194,132,96,69,49,32,3173.32682,4342.396251,11511.79868,73484.60724,48660.29421,24247.7683,85.16615846,965.4570152,3545.814486
22,1,Pi,22,95.55782677,9.915804862,0.2402277936,1.409462663,0.3628385168,0.4229795458,479,0.1253159587,384,1285.914405,356,262,173,119,86,72,51,44,4744.923852,3686.098544,5065.369653,30358.08222,49521.08807,35996.66975,288.3403442,7514.077978,3731.130302
23,2,E7,1,66.99855235,9.822960267,0.2754437094,1.408619245,0.5425785751,0.5867907698,272,0.03062438965,402,553.4007353,384,274,178,132,95,66,50,39,2141.39282,8493.103105,4835.350929,2223.827459,5029.000616,5955.231869,1466.507882,2540.046505,4225.525229
24,2,E7,2,71.59698249,9.80010684,0.07476293727,1.323248561,0.1789409423,0.4465310375,298.5,0.02977010091,320,490.2043551,303,220,164,113,80,67,49,34,13471.08403,8786.489685,22448.41027,10516.34061,15471.43883,12891.54593,720.7082829,1001.892249,2770.872008
25,2,E7,3,125.0130249,9.790142389,0.2353446135,0.9558157002,0.3173006743,0.3779034504,861,0.1564174398,575,892.941928,570,445,278,182,117,82,64,49,960.182805,4715.474585,6487.137511,11347.88383,14410.25884,31054.99068,1120.563306,1115.117691,3479.294657
26,2,E7,4,119.0076089,9.812501798,0.1159271276,0.9564160726,0.1851036762,0.4626201124,817.5,0.172376709,704,1036.411009,702,498,306,192,126,93,73,53,3647.268977,5102.729727,4140.596959,12589.07924,11022.54961,26360.2924,574.771285,840.2367871,1602.198302
27,2,E7,5,123.2392639,9.80407461,0.2012081442,1.256999909,0.3118768856,0.3699679203,865,0.1723738607,611,979.4820809,606,465,284,189,132,96,71,51,16.67995858,3857.391028,4475.185711,3326.456875,9657.039564,41971.84036,1518.445421,1626.356181,2868.438781
28,2,E7,6,124.2676232,9.81987657,0.332226091,1.441882791,0.4326742845,0.5250827783,887,0.1661273193,566,920.5738444,560,440,282,184,129,92,70,52,4806.405461,6286.387585,3930.394882,23943.96571,55462.91062,50413.39721,354.0258901,3068.127412,3446.782865
29,2,E7,7,82.03880078,9.837078476,0.4231550563,1.361141449,0.5495884689,0.7470537637,336,0.3110803223,3023,4550.660714,2415,834,392,228,144,99,76,54,302.2335398,1213.432579,2083.622022,381.3457678,5858.827865,11193.51594,113.3165639,1188.220786,1345.845891
30,2,E7,8,69.70298772,9.836870996,0.1677281791,1.583546187,0.3245798094,0.4135906428,284,0.230479126,2898,3988.911972,2376,811,405,239,153,104,75,54,268.4721482,1447.515616,1204.121078,256.1972685,1964.711031,3002.045514,129.7374072,1073.826018,1083.881511
31,2,E7,9,71.42154128,9.829326059,0.1486416172,1.523246728,0.2969004244,0.4663813787,288,0.226548055,2877,3866.420139,2362,813,400,236,156,104,80,64,412.7118974,904.1809055,876.5134432,413.4487203,708.6329415,5911.898216,155.4420225,844.3417488,887.4638497
32,2,E7,10,66.8716281,9.794616256,0.1370128591,1.380385478,0.2309396653,0.3631616525,266,0.1733070882,2510,3202.402256,2104,795,392,218,143,105,74,55,342.0559939,1749.668875,2258.806906,184.0862595,1922.061633,5203.397495,411.9996503,653.9522106,672.1748595
33,2,E7,11,66.95316432,9.797583966,0.1527936807,1.203622127,0.2010958866,0.57988981,264,0.1704868571,2491,3174.155303,2073,752,383,224,141,100,71,61,429.420455,1627.203058,1315.216436,561.6878368,1058.878582,6723.450522,15.45176294,1019.630496,1296.720908
34,2,E7,12,66.46202422,9.804540811,0.1692181612,1.076745863,0.2063550616,0.4818962313,264,0.1753047689,2511,3263.856061,2114,782,365,224,143,97,65,54,300.1049566,1245.151626,1249.363858,300.5707139,1139.962726,2096.783555,11.55385364,556.1147266,332.0587925
35,2,E7,13,66.730505,9.845699437,0.1935491478,1.022582265,0.2866720405,0.3687177779,264,0.1847324626,2685,3439.382576,2204,776,390,231,144,102,78,60,357.6096818,1328.899224,1634.708661,358.8388694,1247.456797,971.3501191,7.736467185,461.0171557,551.4559287
36,2,E7,14,66.48977913,9.819035059,0.2270031792,1.296640985,0.3740323142,0.544675085,267,0.1857430013,2700,3419.340824,2193,798,387,229,146,103,78,60,319.5785699,1299.721448,1860.486158,395.6169178,1304.747764,1149.715575,70.85565857,309.3346788,535.3972076
37,2,E7,15,68.61228922,9.7912336,0.1355637774,1.094126357,0.2249748983,0.3889100018,273,0.1922532145,2608,3461.40293,2179,777,393,236,154,101,76,58,814.4159269,1667.591028,705.8529951,841.2041778,1391.664014,5320.906922,122.0116867,227.5402907,639.831708
38,2,E7,16,69.61005397,9.790319313,0.1240460121,1.17405582,0.149965935,0.2510318297,278,0.1963006592,2617,3470.708633,2202,775,393,225,148,103,71,59,1015.236919,717.128599,1455.183838,1037.961646,1643.231279,1899.381254,58.34053968,673.8184769,1117.406289
39,2,E7,17,68.97190601,9.792191274,0.2795434671,1.19115303,0.4313572132,0.4033344631,275,0.1912235514,2551,3417.825455,2141,787,397,229,154,106,73,63,479.4739248,812.0710751,1462.019906,132.9541988,1211.019658,8960.991674,39.45056382,488.0455262,312.99176
40,2,E7,18,68.74622785,9.791723655,0.2087882044,1.136385012,0.3471969341,0.5177552876,278,0.1914408366,2546,3384.784173,2144,779,390,227,145,102,71,60,28.0319647,850.104697,838.5171872,30.59996478,365.0479146,2535.254232,362.7283484,368.7853935,848.5204593
41,2,E7,19,71.60286611,9.784014764,0.3423536413,1.386980925,0.4404285632,0.4086931309,301,0.2071905518,2534,3383.332226,2172,776,387,227,151,100,77,59,214.422839,1481.79165,926.5451574,391.8929644,1730.149663,3944.036471,13.14968987,1053.303911,1249.557172
42,2,E7,20,71.20566183,9.806235585,0.191899255,1.14619046,0.2591843564,0.3651339721,292,0.2100673421,2631,3536.037671,2202,785,389,239,153,106,76,57,1165.645433,1871.715831,2235.646473,587.9605188,2558.319818,1370.832689,39.22268363,1206.772027,573.7751201
43,2,E7,21,69.78309824,9.787933152,0.1467863274,1.138262016,0.2331048768,0.3887358476,283,0.2145894368,2770,3727.031802,2287,798,381,234,152,105,78,55,290.8253939,1590.89693,2315.652993,219.583899,1655.189752,3175.719731,75.9853327,461.2861959,117.4118161
44,2,E7,22,67.77317999,9.807364863,0.1607697338,1.101437601,0.2270100602,0.4037937645,273,0.2133555094,2867,3841.336996,2341,798,396,216,144,110,83,62,447.4404623,406.1658069,968.4769649,368.955738,1049.555851,3130.837073,844.10774,634.7351363,1076.172776
45,2,E7,23,69.17258942,9.795704747,0.2172048427,0.9760012105,0.2926100405,0.5097373525,279,0.2093806966,2795,3688.702509,2257,808,399,227,150,97,68,52,248.5054506,1528.689359,1510.606275,626.6314764,1432.839455,2600.13237,56.56488586,384.5529687,495.1000255
46,2,E7,24,69.7353891,9.83213407,0.1443778801,1.315420717,0.2909761267,0.4623920388,281,0.2081437174,2728,3640.811388,2241,783,400,229,139,99,73,55,282.2890243,865.2057851,714.6271173,283.4866971,1308.415676,8632.615552,23.53019285,666.1732587,402.6781726
47,2,E7,25,69.09844437,9.840072725,0.1741962654,1.347466523,0.3075920968,0.4568101511,282,0.2090820312,2762,3644.255319,2295,804,383,218,159,104,76,52,273.4993061,1074.665502,1050.575984,273.6838088,729.7031263,1111.534355,126.2100243,214.7881178,646.9770687
48,3,x5,1,72.50101216,9.865111419,0.4230347734,1.309962194,0.5433924003,0.674186514,322.5,0.1580904134,1930,2409.444961,1677,664,335,192,123,84,55,45,476.0464949,2022.520799,2128.451486,469.514536,1849.518445,5408.178987,81.09298869,1186.41856,738.4590915
49,3,x5,2,72.15066973,9.867299945,0.3361059166,1.140039953,0.5290486514,0.6674970997,301,0.03540303548,361,578.1162791,329,235,159,117,88,66,46,35,4680.812054,1651.795613,6142.642293,4543.751632,21708.44688,23304.44283,1866.34217,1240.733527,2271.900933
50,3,x5,3,64.30469817,9.829216768,0.5327993263,1.292081052,0.6363630853,0.7097490333,260,0.02928751628,369,553.6692308,344,256,184,129,87,68,53,41,2976.282311,5669.465366,4540.575501,8257.342202,5422.041424,12267.74556,1920.2171,1653.216758,4785.138197
51,3,x5,4,66.01460331,9.947760916,0.2608782584,1.377648136,0.3694284883,0.5071723738,246,0.03087585449,372,616.9146341,352,255,176,125,88,70,47,39,1954.826727,628.1051759,13298.74333,11538.45723,6306.431493,5307.839022,575.7207047,3398.844658,1552.13061
52,3,x5,5,77.00915644,9.878247792,0.2007587801,1.211511252,0.3257269314,0.5849516382,331,0.1026847331,655,1524.821752,595,369,222,142,92,69,53,36,1917.680016,6031.612711,7674.06647,4269.865543,15642.8356,24813.39208,472.7460207,766.9307558,9062.98153
53,3,x5,6,78.1426681,9.912058653,0.3785332674,1.341597802,0.501835341,0.4406810325,338,0.1206589762,697,1754.62426,635,394,226,150,101,69,54,31,1286.134086,4087.952676,6991.671502,679.7789062,8207.955871,20837.78405,280.3594631,663.3297225,1575.731661
54,3,x5,7,68.86241635,9.842785483,0.4511022609,1.245845046,0.681722806,0.6821181157,272,0.06400939941,497,1156.6875,440,267,164,112,78,56,46,36,567.2405454,3883.74398,8026.163113,15238.95769,22137.16316,34068.03669,1205.4061,420.4250259,5581.708064
55,3,x5,8,70.2423126,9.891374581,0.3380405776,1.115926306,0.5680166526,0.5979371275,270,0.05511149089,409,1003.274074,382,251,163,111,81,54,49,37,1428.853912,1898.538017,4381.639926,11847.19865,11045.5849,17448.537,22.54477273,58.71643071,633.8763798
56,3,x5,9,54.63558544,9.910424915,0.5861493578,1.398864071,0.7624460718,0.7289403023,163,0.01580688477,243,476.6503067,226,175,136,104,80,64,45,37,8333.091021,15016.03285,9355.445858,2818.128429,4922.248179,18730.91393,377.0003869,5019.99621,10407.27213
57,3,x5,10,52.28229468,9.853235127,0.4343758528,1.408654212,0.7256292039,0.668703015,160,0.01565511068,231,480.925,213,161,132,98,75,58,44,32,5559.080158,9996.044135,15851.94015,14345.48803,24975.94108,19784.63646,722.1902879,1412.167047,16125.11093
58,3,x5,11,60.0135443,9.935075076,0.3488693367,1.12942618,0.5398160081,0.7008138335,188.5,0.01869405111,248,487.4535809,228,172,128,102,86,61,48,35,3377.705006,5390.538807,16364.64686,2056.837598,171401.466,6520.117121,5527.48594,8691.157749,6341.39734
59,3,x5,12,61.12928201,9.870617326,0.4215297282,1.399920639,0.6918604929,0.6260053206,215,0.04526041667,560,1034.716279,506,295,180,129,91,61,45,34,3296.696299,1599.974453,4963.948509,2006.283362,1540.696292,4918.766525,174.6605791,539.7469594,668.3369058
60,3,x5,13,63.59461556,9.908517482,0.3845742309,1.238437502,0.5937111334,0.5403248669,219.5,0.04063273112,444,909.8769932,415,275,173,120,81,54,39,31,3634.133353,5680.153565,2748.810494,3462.621452,56305.13752,66132.19759,1022.27862,441.6075256,3430.950383
61,3,x5,14,66.70061938,9.884447358,0.3767485072,1.561300409,0.5994096983,0.5803237706,235.5,0.06279947917,614,1310.70913,559,326,202,130,89,54,44,32,1586.553438,4059.541454,7552.023385,1990.642802,78676.70344,75963.16182,270.2019291,2658.918388,890.8907977
62,3,x5,15,66.7662243,9.909168548,0.4217424401,1.254768761,0.4628950734,0.6173656138,249,0.05205403646,528,1027.534137,493,306,194,122,89,61,48,36,756.0352428,4445.967083,1063.449759,2625.236567,4266.412727,37876.58236,1103.180316,356.9060844,1858.699116
63,3,x5,16,67.03025918,10.02097351,0.3701279277,1.20861163,0.5684770505,0.6066684897,242,0.0551739502,521,1120.623967,468,326,220,139,95,64,50,36,978.9152576,4601.018086,3509.900559,161547.2923,15936.58472,6242.749017,619.9097981,3214.688835,7327.480562
64,3,x5,17,65.39196556,9.867081655,0.4993337887,1.245484491,0.614005927,0.6559887988,233,0.05402079264,573,1139.583691,510,346,223,135,92,65,41,36,1553.195092,1192.800729,4221.720395,143.1202703,29245.73334,21674.04995,386.610018,1311.001629,2002.348284
65,3,x5,18,63.85527307,9.870268281,0.2474352905,1.109520091,0.4305399632,0.5254027968,235,0.03344116211,341,699.4468085,328,259,173,117,88,69,52,38,639.4555564,7317.964319,6788.188473,3380.135328,17004.23289,41450.15432,714.1931279,4710.312649,2384.144965
66,3,x5,19,67.95174459,9.855805392,0.5654638716,1.487686382,0.6594835032,0.5156699366,263,0.0333601888,336,623.4676806,317,244,159,116,85,68,52,37,1517.552469,6939.06419,4485.525023,12729.68612,43427.9652,82546.85601,632.0733136,2121.748558,1092.08853
67,3,x5,20,80.9984386,10.06432019,0.4513873691,1.319764788,0.6487718869,0.5156568284,345,0.05289713542,439,753.6231884,407,265,173,117,84,68,46,37,2950.426273,8759.687685,7335.333539,14013.95753,14168.67533,25190.39822,326.9122965,3016.252854,1610.039403
68,3,x5,21,68.42527481,9.878399798,0.3873889008,1.292932933,0.6102166143,0.6301599892,291,0.02845357259,275,480.6013746,262,191,138,102,72,56,41,33,4711.187364,2507.83072,1707.009414,4905.545781,11550.67355,16878.29152,1030.544269,963.7037182,1931.505581
69,3,x5,22,58.7033591,9.851935732,0.3505159108,1.217870135,0.5741024876,0.6315197997,205.5,0.02639241536,298,631.2603406,277,189,133,99,70,56,47,38,2901.383648,5921.442569,6814.251817,14397.10752,6742.131265,10138.21131,1748.648489,3746.619554,3210.337917
70,3,x5,23,58.61930449,10.29591229,0.6823973755,1.274633422,0.9621603951,0.5927941515,136,0.4372406006,1234,15802.38971,790,312,156,85,58,40,30,24,285.8617086,7551.260924,3915.187133,16.57903938,349.5233769,1852.778727,66.22781301,2875.63571,1986.022516
71,3,x5,24,58.92139866,10.30486036,0.7673750135,0.9419569043,1.102215153,0.6995591232,133,0.6108931478,1451,22576.40602,900,312,158,84,55,38,31,20,850.6208476,2565.592737,2185.502909,1003.497276,616.1139124,2634.094987,8.918283222,592.571044,859.1840527
72,3,x5,25,69.99365088,10.39155697,0.7735509366,1.391121709,1.034391299,0.5682272989,178,0.4533526611,2556,12518.64607,1583,518,241,131,83,53,34,34,740.355867,836.4732243,454.066681,324.981347,6838.17424,4991.092675,77.57994538,118.677183,459.7245283
73,3,x5,26,68.7927694,9.835548509,0.2856799161,1.182359317,0.461193824,0.5182375575,302,0.1909629313,2361,3108.016556,1996,725,358,191,127,91,68,50,997.5341724,1379.057409,1175.1275,242.6753237,1788.72223,3758.124261,30.45712006,254.4040358,413.8738665
74,4,Br,1,56.43192342,9.857291348,0.518572793,1.064595237,0.7521921538,0.8935512337,185,0.07346028646,1102,1951.740541,935,430,232,135,84,52,44,34,1245.196277,3113.28555,2951.318134,1389.243194,4839.113449,2977.457719,135.1414668,653.5174508,1356.861176
75,4,Br,2,69.49399715,9.832363463,0.3908645917,1.249122448,0.5237744425,0.5696261047,280,0.04426188151,609,776.9857143,550,258,156,97,63,44,33,26,2359.126732,16379.27169,11899.11937,2306.150943,11970.68388,7851.919577,630.6567078,4519.866427,1073.059355
76,4,Br,3,70.53814289,9.824771076,0.3194685588,1.095025884,0.3717866059,0.4578911668,281,0.0382607015,440,669.2491103,414,241,152,100,76,59,44,37,4225.418867,3501.256614,7544.818296,2414.65503,2707.525362,19149.2022,2663.469468,1733.324134,8684.976398
77,4,Br,4,66.1830438,9.849915715,0.264888591,1.217624163,0.4313641371,0.578124847,262,0.03184366862,432,597.3969466,411,287,186,119,85,65,49,40,5526.379899,1632.377428,7949.085909,5301.995704,3145.948533,9217.416433,7745.365478,333.6990802,3503.449096
78,4,Br,5,69.71506337,9.911710369,0.5017968424,1.289421421,0.5214287407,0.4920121024,277,0.07520324707,1031,1334.436823,865,361,199,124,93,66,44,35,3509.68215,3672.092426,1721.015865,3425.158313,3719.792465,5290.042935,3430.352893,2324.596039,2463.460248
79,4,Br,6,70.58512747,9.852832472,0.5844181318,1.494491835,0.6224365658,0.7429247697,305,0.06901509603,857,1112.206557,741,320,186,110,76,56,42,32,2733.524673,855.8940579,3352.490454,1625.990633,2640.507889,14291.86015,293.2406072,6646.207676,2259.015648
80,4,Br,7,74.02534541,9.892092267,0.3982902128,1.203300437,0.661049809,0.5680013624,306.5,0.07587259928,938,1216.734095,852,460,252,150,105,69,47,39,130.5830781,1091.735219,2187.221274,136.252525,10448.44034,29897.61541,16.21671556,1039.702129,2276.451
81,4,Br,8,73.39925088,9.803770752,0.3740213762,1.37240147,0.5500884707,0.5368008809,293,0.06953491211,835,1166.477816,770,444,252,154,96,67,50,38,1109.697084,195.005727,3538.071911,1102.368269,3071.125553,8364.503269,593.6086325,1746.595497,2263.050324
82,4,Br,9,76.2534375,9.878908029,0.2748198869,1.206664425,0.3981099966,0.3937680805,291,0.06916015625,868,1168.164948,774,408,214,140,94,63,41,37,872.4260954,2413.96564,4214.951259,868.4231414,4071.348987,6235.715582,167.3313752,4598.408479,2545.275824
83,4,Br,10,68.37325185,9.844999008,0.4131104747,1.404869338,0.4587270035,0.5337601002,263,0.0631431071,814,1180.079848,744,429,238,156,98,62,42,36,638.7736485,1417.571842,4947.809478,634.4424613,2410.976229,4704.237253,240.7884455,2137.85388,872.035523
84,4,Br,11,69.12828244,9.843348589,0.3872638788,1.265851285,0.4698214597,0.6594099757,271.5,0.05208150228,728,942.8766114,663,362,209,139,95,66,51,38,1556.263569,3198.960751,5152.681086,851.7927404,6635.26354,5408.739857,663.85514,3344.487486,1987.3458
85,4,Br,12,65.55733806,9.831814795,0.2980797975,1.371121747,0.4492647659,0.587359937,268,0.02346252441,325,430.3097015,311,224,165,106,83,68,54,44,1931.524709,1759.428203,8470.389736,2045.194952,6236.322757,9823.157916,627.5047721,1688.939094,4911.571436
86,4,Br,13,67.03895116,9.82399834,0.2590962731,1.285563045,0.3614381857,0.6914717399,271.5,0.02045817057,290,370.3720074,277,204,141,105,79,61,46,36,594.0309411,854.5068613,26206.40263,597.8903488,5018.479772,3261.244456,9364.3224,821.9507864,1369.607605
87,4,Br,14,83.94683296,10.00051341,0.1444729926,1.375186636,0.2312155655,0.3368613609,327,0.04950134277,541,744.0642202,492,283,172,106,74,51,42,31,999.41902,1965.160595,10105.71344,988.3938316,12400.44836,12431.24635,1681.990163,2785.83504,10884.49424
88,4,Br,15,72.04918423,9.835146682,0.3729556221,1.198472177,0.5662006893,0.5304747513,280,0.03657755534,485,642.0928571,445,259,157,101,69,55,40,28,1799.785346,7087.961403,2094.282266,1421.824148,1054.403525,14337.62967,227.9412187,3868.289657,10060.2304
89,4,Br,16,66.72793681,9.875586716,0.3525815383,1.226315376,0.4501738016,0.5554710527,247,0.09338704427,1169,1858.364372,971,508,281,162,110,75,58,47,11.64673108,1667.193077,1350.707169,7919.437764,17393.70726,8456.659715,13.6646149,1046.607874,1514.01325
90,4,Br,17,76.99950182,9.863420815,0.1496109231,0.9211901344,0.3181283802,0.4434304087,317,0.05357035319,597,830.6277603,534,286,165,102,69,54,43,35,752.9241974,3165.608903,2502.526642,926.2303365,2898.987226,54311.22949,629.357296,4477.504299,1373.542592
91,4,Br,18,85.89698458,10.05934315,0.5010297165,1.455435409,0.6831105812,0.5275162068,315,0.09244628906,972,1442.514286,823,391,203,124,77,52,40,31,1267.002441,2072.946425,3303.825316,2082.090599,1111.519402,22242.31967,637.3941486,390.0904657,2185.478429
92,4,Br,19,102.9041677,9.922818943,0.4186564315,0.9576723235,0.4348648442,0.5024942111,541,0.1228570557,676,1116.205176,649,436,259,163,115,72,54,40,415.4435807,1788.688821,3487.082179,372.5954713,21540.49508,16928.50166,95.61692012,704.8701341,1048.382493
93,4,Br,20,98.6020597,9.913149523,0.2932447983,1.212004907,0.4422675629,0.4482482623,517.5,0.07914164225,534,751.6850242,511,371,246,165,106,76,60,43,631.9430251,2586.153515,5564.896641,1687.16584,1331.976444,11661.58263,1194.532433,2397.651809,3344.6831
94,4,Br,21,115.9616862,10.09350731,0.3591202206,1.152941196,0.6342587108,0.4519084028,719,0.06121520996,293,418.4770515,287,245,193,146,106,73,62,48,2479.057288,12727.53962,11475.05145,34649.23307,70167.00118,106859.4096,1128.947231,1788.287692,8294.733923
95,4,Br,22,113.8302966,9.97466822,0.6056868023,1.01477065,0.8640803504,0.6212468986,674,0.1215047201,571,886.0830861,546,394,248,167,101,77,56,44,891.983746,3282.232523,6085.240046,1915.790244,17123.36186,36213.20679,599.7524291,688.5369341,1231.966336
96,4,Br,23,92.32729723,10.07282432,0.808041831,1.106798193,1.10845167,0.6689777474,390,0.2206813558,1449,2781.264103,1241,600,302,184,103,78,52,39,382.7839417,1989.249857,2348.279464,10974.17622,242826.1141,251572.788,10.11602695,174.44223,887.6669042
97,4,Br,24,98.06674725,10.10702587,0.4546851017,1.121472074,0.6165815868,0.4223844525,422,0.2384552002,1400,2777.381517,1239,612,296,175,109,74,52,44,3532.25086,3165.087753,3084.307358,2756.889273,14314.44897,52139.37165,13.48168978,198.2660604,681.5032427
98,4,Br,25,90.98849359,9.952585689,0.2723926031,1.183017348,0.3750277438,0.5626933376,383,0.2122644043,1584,2724.078329,1358,611,294,167,93,66,46,39,365.7477586,1592.662223,768.8748749,3527.684993,18233.66894,21896.269,45.61872304,492.4227301,306.547592
99,4,Br,26,73.8309972,9.991817238,0.6694570104,1.299815074,0.7515003019,0.5543360267,267,0.1434434001,1565,2640.64794,1130,446,211,127,78,51,39,30,2056.254396,2069.98048,3431.005251,2693.402487,3503.78095,5681.770873,2206.991865,206.0145346,2874.575956
100,4,Br,27,80.00644625,10.14507943,0.4366040198,1.077722073,0.6515018836,0.5410912802,292,0.1713806152,1439,2884.828767,1102,505,258,157,92,54,41,29,1808.345771,4518.294975,9109.546531,767.3169145,3699.255675,7289.564677,33.75247289,156.9678294,1573.677683
101,4,Br,28,75.64663867,9.981631885,0.5889880289,1.154671263,0.7924512607,0.7654496229,286,0.1455084229,1403,2500.70979,1083,503,268,161,101,65,42,26,568.9528544,1433.387619,3046.535308,177.147242,11862.02825,10540.12915,835.6304862,898.7406181,447.2210751
102,4,Br,29,88.30995156,10.05225803,0.3148323426,1.192726406,0.4675593789,0.4778654912,358,0.134486084,1107,1846.441341,964,494,272,163,108,64,46,38,1066.929016,898.7821479,1137.289949,8229.168737,22605.72863,26652.00482,427.4787308,633.2792655,595.066968
103,4,Br,30,83.24224697,10.12982767,0.5013091169,1.258248624,0.8850452245,0.495792215,334,0.1459063721,1188,2147.182635,1005,494,268,157,104,71,48,32,808.3252322,1296.085014,2665.419467,633.3207126,110196.9762,133514.9182,54.49178105,968.7528779,713.7600385
104,4,Br,31,87.36255702,10.03354713,0.3499214822,1.223320979,0.5385963962,0.4623855222,363.5,0.2091194661,1396,2827.686382,1209,588,299,175,93,65,52,39,530.5020747,2377.92516,1941.098864,16514.01588,23907.31635,30874.65141,426.2238,411.5159232,1025.914158
105,4,Br,32,84.95488998,10.02771522,0.4414015347,1.138414369,0.6324301122,0.6117498588,347,0.1359035238,1220,1925.051873,1013,454,228,133,79,58,42,35,806.7933209,4329.699544,4717.288124,1228.889795,1796.20417,74370.17481,84.61667846,729.3156345,144.0126194
106,4,Br,33,87.4492742,10.02264693,0.4453713033,1.560688823,0.6657222383,0.5709803825,344,0.1544232178,1293,2206.456395,1057,475,234,133,83,49,42,27,2552.966113,1455.140939,753.5739265,18488.18642,21199.41664,40620.33685,1268.849772,436.5070958,775.1510785
107,4,Br,34,94.09626643,9.983540585,0.7153104013,0.9961494404,1.101996431,0.5596766377,413,0.1252357992,772,1490.457627,697,399,230,142,91,66,43,36,3067.843968,5715.210888,4825.459759,1777.469707,6855.665815,17906.00874,226.9844542,3271.832838,1938.593408
108,5,Ps,1,63.85545172,10.04091074,0.7798096047,1.232181013,1.111411978,0.7644179317,203,0.1398040771,1692,3385.049261,1314,535,263,149,88,65,44,34,504.9009868,1384.16972,3068.531307,1179.163753,5189.732533,5998.253404,103.6245019,2296.098635,3379.45332
109,5,Ps,2,76.30618057,10.09268274,0.7107629514,1.200426655,0.9818540113,0.6846039269,273,0.1971661377,1523,3549.857143,1237,531,262,150,93,63,38,25,1176.665875,1260.275804,1719.23786,31751.60536,68975.89145,29784.43002,860.8763462,935.714251,124.4454472
110,5,Ps,3,75.28036293,10.01008,0.6377688167,1.394411181,0.8778557589,0.6073263313,289,0.2046669515,1151,3480.896194,1015,490,251,159,94,64,50,37,1204.259195,1209.99112,4716.160302,637.0197537,9115.193416,12257.51658,130.1875807,907.9421993,634.4189137
111,5,Ps,4,77.05580429,10.04811501,0.4192052885,1.422989735,0.6178138777,0.5896089531,310,0.2329528809,1106,3693.580645,952,463,248,154,104,73,49,32,489.6389864,2339.093351,2606.179286,19285.71001,8180.620544,21714.77058,137.0756085,404.1919471,904.8398088
112,5,Ps,5,67.22827397,9.923655026,0.5663861081,1.513444536,0.7461482681,0.7683056201,227,0.1701049805,1672,3683.259912,1318,554,282,158,93,65,53,37,1866.394992,1103.157599,2047.14849,130125.9929,80255.73356,148244.476,144.0107857,734.6511338,772.0208532
113,5,Ps,6,65.69942053,10.03176184,0.3241952252,1.437616938,0.4783262808,0.5919383012,215,0.07924031576,937,1811.544186,830,435,246,134,90,61,40,32,855.368997,1101.040192,3783.973375,6567.663823,38112.25434,10061.25406,29.18950683,389.7072587,2477.010108
114,5,Ps,7,58.74985742,10.02417248,0.6217443861,1.307369884,0.9724033449,0.7974222096,179,0.05080078125,749,1394.949721,678,396,241,152,99,73,52,36,770.3001021,2335.947707,3781.665187,2240.022097,3055.35473,51464.64256,133.0875955,1351.237896,674.8521548
115,5,Ps,8,70.32967074,10.04321454,0.5899858839,1.272506977,0.8128245375,0.6941899376,239,0.1376344808,1422,2830.548117,1224,567,288,159,100,72,48,28,1599.309845,1203.734422,2084.14923,298.4548457,2341.409789,57771.14479,1215.977817,1577.581958,528.6236994
116,5,Ps,9,65.64807968,10.03329738,0.5851461425,1.447441371,0.8365132307,0.6833170822,203,0.1640893555,1767,3973.064039,1364,571,278,161,105,61,41,28,996.945974,1394.702899,2130.573352,64792.86167,39218.42786,163843.5306,304.351977,615.0515463,944.300938
117,5,Ps,10,65.99804872,9.985695886,0.8064711393,1.495352051,0.974008276,0.7954556851,217,0.1728908285,1765,3916.096774,1364,580,287,162,95,62,44,32,235.3656354,1093.044626,1303.533538,185.5637227,1422.492382,13207.68634,5.371037898,635.0095998,1392.677919
118,5,Ps,11,61.17612149,9.950472439,0.6435315674,1.435295522,0.8600282615,0.7157990827,206,0.1642545573,1762,3919.145631,1424,579,291,157,100,71,52,33,1045.164024,1505.939162,1112.118535,8595.780887,11657.61544,50312.76864,300.5330288,337.4707316,2502.243142
119,5,Ps,12,65.48595244,10.04523527,0.5737916397,1.094345107,0.8051636266,0.6331693702,220,0.1016092936,1124,2270.136364,913,424,215,136,92,62,41,32,231.3935241,1024.686986,2312.508842,451.1973013,539.0619351,14741.74651,76.12045786,412.0295189,1549.493022
120,5,Ps,13,69.56782723,10.04753688,0.7056968131,1.240798513,1.006584895,0.7260345019,241,0.2140342204,1702,4365.232365,1302,541,268,153,95,66,41,30,2023.439957,4323.393118,2827.277829,1518.883705,35769.38418,34639.46589,513.8155587,392.9655936,1422.369012
121,5,Ps,14,71.32872415,10.08506032,0.7738759054,1.560885925,1.032869003,0.5184104775,238,0.2173173014,1865,4488.058824,1437,595,275,158,98,63,43,36,1373.234261,1781.771865,2361.836187,4762.716877,2929.906578,22543.58912,54.46879384,3162.694594,435.2325708
122,5,Ps,15,72.61871512,10.01358125,0.5550468453,1.321346259,0.8810155162,0.8425077934,248,0.2547951253,1802,5049.875,1441,585,286,157,95,71,51,39,882.9618264,487.4932851,1363.983868,52044.17825,19281.53501,9240.4956,2.421164581,183.8424041,202.5664155
123,5,Ps,16,70.42572235,10.17340954,0.717573492,1.19713267,0.990558353,0.664096574,237,0.1330332438,1251,2759.008439,1093,531,278,148,99,64,48,37,425.7308216,2991.184319,4978.101373,442.3317754,8988.474594,20609.54595,305.1240711,234.2344478,1341.897609
124,5,Ps,17,72.2465841,10.11156237,1.017192161,1.400593977,1.092751784,0.8815523819,248,0.4187143962,1410,8298.649194,1143,518,250,135,89,65,38,31,1918.432704,1451.753878,2465.974439,5986.892037,6627.929399,44933.83634,283.6621935,184.4395271,400.5180344
125,5,Ps,18,70.94470712,10.01644149,0.4862494635,1.448750814,0.6832384661,0.6160995316,266,0.06972045898,671,1288.308271,585,319,197,128,92,62,43,36,8802.379582,4970.640218,5267.085434,3031.632212,5350.257347,43904.88666,1266.393191,345.9823514,1223.778552
126,5,Ps,19,65.93520479,9.999152692,0.3584562595,1.427951813,0.665775804,0.6452129527,240,0.1065478516,1095,2182.1,938,458,242,151,93,63,44,28,3155.564269,2260.738289,6358.277667,5993.575621,7613.158902,2451.349761,305.1945588,73.70244307,129.9918538
127,5,Ps,20,55.5271679,9.939843569,0.4334446601,1.445775768,0.6116095766,0.6313195523,178.5,0.03802246094,578,1046.991597,499,273,175,120,81,55,43,32,2913.690536,3444.409452,4117.929074,1969.398867,18448.41659,22491.13069,777.6298984,4641.889729,2351.894764
128,5,Ps,21,50.86287352,9.986448961,0.6788105263,1.501884161,0.9393566399,0.6811889003,140,0.06408732096,741,2250.014286,674,406,232,141,95,63,44,37,160.8668373,1211.681106,3980.329744,959.0189584,1293.076012,70165.88495,758.9569558,158.9309119,5746.13257
