number;classNumber;className;numberInClass;1 meanBacteriaarcLength;2 meanBacteriaWholeCurvature;3 minrolcorPointAndMidP10B10;4 minrolcorPointsP10B10;5 minrolcoranglespointpointmiddleP10B10;6 minrolcoranglespointmiddlepointP10B10;7 medianOfTheObjectsSize;8 howMuchWhiteInMaskPercent;9 howManyObjects;10 howManyBacterias;11 meanShiftr25;12 meanShiftr50;13 meanShiftr75;14 meanShiftr100;15 meanShiftr125;16 meanShiftr150;17 meanShiftr175;18 meanShiftr200;19 NewKmeansAndVariance2DForK3;20 NewKmeansAndVariance2DForK6;21 NewKmeansAndVariance2DForK10;22 NewKmeansAndVariance3DForK3;23 NewKmeansAndVariance3DForK6;24 NewKmeansAndVariance3DForK10;25 NewKmeansAndVariance2DForK3weighted;26 NewKmeansAndVariance2DForK6weighted;27 NewKmeansAndVariance2DForK10weighted;28 varianceOnMask;29 varianceWholeImage;30 varianceWholeImageRed;31 varianceWholeImageGreen;32 varianceWholeImageBlue;33 meanOnMask;34 meanWholeImage;35 meanWholeImageRed;36 meanWholeImageGreen;37 meanWholeImageBlue;38 warRedOnMask;39 warGreenOnMask;40 warBlueOnMask;41 meanOnMaskRed;42 meanOnMaskGreen;43 meanOnMaskBlue;44 kurthosisGrayWholeImage;45 kurthosisGrayOnMask;46 kurthosisRedWholeImage;47 kurthosisGreenWholeImage;48 kurthosisBlueWholeImage;49 kurthosisRedOnMask;50 kurthosisGreenOnMask;51 kurthosisBlueOnMask;52 skewnessGrayWholeImage;53 skewnessGrayOnMask;54 skewnessRedWholeImage;55 skewnessGreenWholeImage;56 skewnessBlueWholeImage;57 skewnessRedOnMask;58 skewnessGreenOnMask;59 skewnessBlueOnMask
1;1;Pi;1;0.68766;-0.28128;-0.77451;-0.52631;-0.78342;-0.47283;0.22546;-0.79113;-0.96132;-0.97546;-0.9564;-0.85736;-0.67143;-0.36774;-0.25;-0.027778;0.09434;0.090909;-0.26015;-0.32149;-0.099923;-0.94302;-0.29553;-0.66759;-0.89202;-0.44712;-0.70374;-0.45256;-0.9469;-0.9415;-0.94745;-0.92497;0.035845;0.43673;0.44499;0.43444;0.42471;-0.5363;-0.21622;-0.51279;0.060776;0.035698;0.11547;-0.5945;-0.9601;-0.0136;-0.55382;-0.53029;-0.2802;-0.61467;-0.73392;-0.53812;-0.37099;-0.11802;-0.20093;-0.36172;0.31963;-0.063653;-0.16289
2;1;Pi;2;0.53158;-0.5744;-0.28517;-0.81846;-0.34459;-0.45832;0.13793;-0.75707;-0.91691;-0.96407;-0.89737;-0.77117;-0.64286;-0.44516;-0.34615;-0.27778;-0.018868;0.045455;-0.47372;0.22452;-0.74517;-0.81961;-0.72535;-0.21026;-0.99893;-0.83519;-0.77613;-0.65175;-0.92614;-0.88875;-0.93919;-0.92654;-0.016629;0.42906;0.43674;0.42722;0.41616;-0.50932;-0.4932;-0.69726;-0.042744;0.001258;0.11152;-0.6996;-0.94108;-0.39322;-0.62015;-0.54741;-0.34178;-0.30944;-0.45866;-0.40306;-0.46021;-0.19839;-0.11872;-0.31109;0.28196;-0.27742;-0.39836
3;1;Pi;3;0.65563;-0.17207;-0.40346;0.38274;-0.26775;-0.24653;0.2069;-0.74734;-0.91905;-0.96496;-0.90736;-0.78009;-0.65;-0.39355;-0.19231;-0.16667;-0.16981;0.045455;-0.91203;-0.66517;-0.57237;-0.84082;-0.86982;-0.80107;-0.28883;-0.88628;-0.92084;-0.56956;-0.93252;-0.92257;-0.93328;-0.91096;0.011691;0.42276;0.43331;0.4198;0.40785;-0.5719;-0.35751;-0.59388;0.048722;0.0052975;0.094621;-0.66102;-0.94523;-0.23153;-0.64339;-0.61934;-0.24897;-0.52003;-0.67374;-0.46471;-0.43444;-0.11017;-0.11668;-0.28547;0.30898;-0.12371;-0.20897
4;1;Pi;4;0.48354;-0.034606;-0.45476;-0.35759;-0.32035;-0.82084;0.13395;-0.82134;-0.95487;-0.979;-0.94005;-0.87519;-0.87857;-0.65161;-0.61538;-0.41667;-0.54717;-0.27273;-0.81219;-0.51702;-0.63583;-0.78029;-0.85298;0.15476;-0.95879;-0.86577;-0.24436;-0.69184;-0.95556;-0.92605;-0.96499;-0.95161;0.011388;0.44171;0.44923;0.43952;0.43073;-0.50406;-0.49362;-0.69827;-0.015106;0.029034;0.13785;-0.62201;-0.92362;-0.15037;-0.41635;-0.32443;-0.20558;-0.090587;-0.28285;-0.4378;-0.52996;-0.12545;-0.25519;-0.41953;0.43224;-0.43301;-0.55336
5;1;Pi;5;0.82584;-0.10682;-0.20787;-0.067846;-0.32977;-0.26985;0.26525;-0.76379;-0.95989;-0.97098;-0.94823;-0.84844;-0.79286;-0.5871;-0.25;-0.19444;-0.39623;-0.22727;0.23646;0.81783;-0.12536;-0.48148;-0.36903;-0.18592;-0.85988;-0.26894;-0.4589;-0.60737;-0.9497;-0.92444;-0.95642;-0.93979;0.054815;0.43298;0.44208;0.43009;0.42128;-0.52354;-0.43585;-0.65555;0.050227;0.064195;0.15972;-0.61454;-0.92634;-0.17334;-0.49517;-0.44133;-0.35672;-0.35408;-0.52278;-0.46919;-0.4888;-0.12588;-0.21967;-0.37564;0.23072;-0.25384;-0.34761
6;1;Pi;6;0.7246;0.0044733;-0.70543;-0.35797;-0.48017;-0.44825;0.24138;-0.77651;-0.96275;-0.97283;-0.95913;-0.8633;-0.76429;-0.66452;-0.28846;-0.13889;-0.16981;-0.13636;-0.74841;0.15518;-0.41332;-0.45056;-0.33035;-0.32515;-0.75372;-0.86349;-0.72717;-0.62709;-0.95618;-0.93827;-0.95922;-0.94012;0.063591;0.43517;0.44538;0.43198;0.42203;-0.56469;-0.4318;-0.64372;0.080852;0.064449;0.15355;-0.62853;-0.93836;-0.10378;-0.47939;-0.4413;-0.25653;-0.34124;-0.53707;-0.45632;-0.45776;-0.026845;-0.22085;-0.37347;0.34073;-0.24649;-0.33434
7;1;Pi;7;0.46725;0.064865;-0.8229;-0.71434;-0.81801;-0.66646;0.075597;-0.76859;-0.94341;-0.96387;-0.9337;-0.83358;-0.75714;-0.6129;-0.5;-0.16667;-0.35849;-0.22727;-0.67874;0.11667;-0.0073559;-0.49831;-0.63316;0.34366;-0.90613;-0.31893;0.31063;-0.64754;-0.9448;-0.91671;-0.95357;-0.93362;0.05201;0.44608;0.45801;0.44541;0.41342;-0.5313;-0.47839;-0.68236;0.043992;0.064281;0.15198;-0.68002;-0.93216;-0.28873;-0.52707;-0.51316;-0.33124;-0.25945;-0.45139;-0.38388;-0.46768;-0.088084;-0.16844;-0.28239;0.30075;-0.30685;-0.40682
8;1;Pi;8;0.22489;-0.26065;-0.61339;-0.14685;-0.33279;-0.15285;-0.034483;-0.82952;-0.90544;-0.97422;-0.89192;-0.77712;-0.76429;-0.56129;-0.59615;-0.47222;-0.43396;-0.045455;-0.31074;-0.66047;-0.61861;-0.9562;-0.67439;-0.64921;-0.92201;-0.49661;-0.14201;-0.71616;-0.93998;-0.90739;-0.95373;-0.93816;-0.044334;0.45474;0.4652;0.45462;0.42298;-0.48284;-0.53831;-0.7255;-0.083875;-0.019552;0.088295;-0.65993;-0.93174;-0.235;-0.52016;-0.47545;-0.17496;0.03052;-0.18445;-0.42585;-0.54065;-0.26102;-0.1781;-0.30481;0.45332;-0.50665;-0.62565
9;1;Pi;9;0.27213;-0.26006;-0.55858;-0.46031;-0.4899;-0.52269;-0.0092838;-0.79914;-0.91046;-0.96743;-0.88828;-0.75037;-0.63571;-0.52258;-0.46154;-0.38889;-0.35849;-0.045455;-0.47109;-0.67315;-0.23627;-0.085956;-0.89392;-0.68622;-0.62109;-0.26081;0.090189;-0.68534;-0.94276;-0.90771;-0.95603;-0.93841;0.0018179;0.44193;0.44996;0.44014;0.42687;-0.50008;-0.50286;-0.69632;-0.037891;0.026016;0.13074;-0.6741;-0.93514;-0.28455;-0.50932;-0.47025;-0.23472;-0.11055;-0.33028;-0.4047;-0.52514;-0.19631;-0.1828;-0.31621;0.38937;-0.41499;-0.51398
10;1;Pi;10;0.18758;-0.18813;-0.38546;-0.48754;-0.25723;-0.33122;-0.090186;-0.62628;-0.88037;-0.91536;-0.87193;-0.75334;-0.67143;-0.45806;-0.26923;-0.055556;-0.09434;-0.22727;-0.16134;1;0.14538;-0.52603;-0.077258;-0.74697;-0.67329;-0.67638;-0.70854;-0.64577;-0.88427;-0.83663;-0.90632;-0.89801;0.009546;0.41565;0.4256;0.41387;0.39652;-0.53138;-0.57919;-0.76615;-0.019086;0.027892;0.13837;-0.82047;-0.94444;-0.61111;-0.76931;-0.71416;-0.51486;-0.31958;-0.39692;-0.2051;-0.39657;-0.11607;0.088809;-0.11679;0.085739;-0.22335;-0.38568
11;1;Pi;11;0.10021;0.2439;-0.1148;-0.79738;0.20489;0.12096;-0.20159;-0.64478;-0.87178;-0.90955;-0.87738;-0.77712;-0.71429;-0.56129;-0.26923;-0.22222;-0.13208;-0.27273;-0.43181;-0.46663;-0.22318;-0.65301;-0.64122;-0.7164;-0.74595;0.14528;-0.060559;-0.68054;-0.89334;-0.84583;-0.91378;-0.90513;0.011085;0.4178;0.42834;0.41579;0.39799;-0.55694;-0.59539;-0.77268;-0.018485;0.029522;0.14149;-0.813;-0.94178;-0.59492;-0.74782;-0.68777;-0.44636;-0.24553;-0.33974;-0.21531;-0.43424;-0.10594;0.064265;-0.13649;0.13676;-0.27567;-0.43906
12;1;Pi;12;0.36471;0.068232;-0.49727;0.24903;-0.45626;-0.4656;-0.023873;-0.83151;-0.92908;-0.97521;-0.9228;-0.89896;-1;-0.88387;-0.71154;-0.75;-0.73585;-0.45455;-0.79126;-0.45899;-0.57115;-0.69084;-0.70898;-0.19915;-0.65844;-0.025287;-0.40898;-0.67929;-0.95064;-0.92328;-0.95902;-0.94183;-0.00076008;0.43847;0.44827;0.43633;0.42036;-0.47208;-0.45762;-0.65805;-0.0015134;0.0050529;0.12012;-0.64505;-0.93075;-0.20462;-0.47652;-0.43673;-0.2389;-0.14097;-0.38346;-0.39939;-0.58486;-0.072873;-0.20814;-0.33011;0.40202;-0.43202;-0.5058
13;1;Pi;13;0.50606;0.25896;-0.40145;0.016124;-0.25021;-0.24572;0.043767;-0.81244;-0.94341;-0.97326;-0.93824;-0.91976;-0.97143;-0.84516;-0.76923;-0.66667;-0.66038;-0.40909;0.18001;0.23383;-0.56536;-0.20811;-0.21193;0.37306;-0.83269;0.19036;-0.5175;-0.64862;-0.94965;-0.92126;-0.95819;-0.94241;0.009349;0.42298;0.43183;0.41931;0.41713;-0.47847;-0.45075;-0.66169;0.0013839;0.018043;0.13288;-0.64472;-0.93799;-0.20717;-0.48906;-0.42629;-0.3152;-0.2453;-0.43577;-0.40915;-0.5416;-0.087803;-0.20261;-0.35588;0.31276;-0.35345;-0.4515
14;1;Pi;14;0.50041;0.051739;-0.45877;-0.19984;-0.13783;-0.71948;0.11141;-0.67256;-0.8639;-0.94265;-0.8347;-0.62556;-0.52857;-0.47097;-0.36538;-0.083333;-0.32075;-0.13636;-0.28969;-0.094396;-0.58321;-0.90259;-0.85989;-0.60745;-0.97957;0.11229;-0.22962;-0.69379;-0.88093;-0.82529;-0.90521;-0.89947;-0.036792;0.4018;0.41183;0.39828;0.39261;-0.54385;-0.603;-0.77296;-0.075562;-0.015543;0.10974;-0.82841;-0.9367;-0.63601;-0.77626;-0.70973;-0.39181;-0.21198;-0.32025;-0.16788;-0.42526;-0.081984;0.1136;-0.11409;0.19593;-0.29115;-0.44713
15;1;Pi;15;0.49909;-0.43876;-0.72532;-0.50771;-0.59261;-0.69914;0.24005;-0.88436;-0.9606;-0.99644;-0.94914;-0.88707;-0.89286;-0.71613;-0.65385;-0.5;-0.69811;-0.18182;-0.79585;-0.22348;-0.58192;-0.74875;-0.95574;-0.84027;-0.8637;-0.71681;-0.76931;-0.66281;-0.95128;-0.91676;-0.96389;-0.95102;-0.088779;0.43229;0.43949;0.42924;0.42754;-0.32928;-0.41014;-0.63889;-0.1378;-0.063958;0.073043;-0.59563;-0.94253;-0.11396;-0.42431;-0.32704;-0.23578;-0.10996;-0.31139;-0.45914;-0.55594;-0.25191;-0.24812;-0.40762;0.48178;-0.48718;-0.59919
16;1;Pi;16;0.19004;-0.15159;-0.90024;0.21131;-0.90658;-0.62214;-0.11538;-0.91786;-0.97493;-0.9953;-0.96185;-0.91976;-0.82857;-0.63871;-0.57692;-0.44444;-0.43396;-0.22727;-0.45655;-0.21184;0.96153;-0.99402;-0.43586;-0.80636;-0.87163;0.56091;0.86712;-0.67689;-0.95981;-0.9338;-0.9706;-0.95738;-0.12461;0.45196;0.46409;0.44632;0.44656;-0.30775;-0.38958;-0.62895;-0.16707;-0.10257;0.040164;-0.51921;-0.93722;0.093015;-0.32815;-0.22617;-0.10906;-0.048241;-0.25135;-0.55221;-0.56081;-0.31796;-0.33589;-0.47325;0.64671;-0.55037;-0.6707
17;1;Pi;17;0.53034;0.67166;-0.057004;0.12641;0.027894;-0.20922;0.096817;-0.1819;-0.90186;-0.82345;-0.87738;-0.66716;-0.55;-0.45806;-0.15385;-0.027778;-0.13208;0.090909;-0.49248;-0.04574;-0.19682;-0.98108;-0.80996;-0.80895;-0.95312;-0.41375;-0.84065;-0.25675;-0.78524;-0.72907;-0.81789;-0.82558;0.11912;0.38849;0.40843;0.38115;0.37193;-0.27237;-0.32684;-0.66452;0.11863;0.12452;0.22381;-0.91634;-0.98082;-0.80794;-0.90677;-0.86853;-0.90724;-0.82667;-0.81906;-0.079159;-0.26667;-0.080316;0.27058;0.028372;-0.24587;0.13117;-0.031537
18;1;Pi;18;0.50503;-0.30399;-0.41332;0.21;-0.080726;-0.2833;0.18435;-0.24853;-0.92908;-0.85055;-0.90372;-0.71768;-0.6;-0.38065;-0.23077;-0.16667;0.018868;-0.090909;-0.58732;-0.49149;-0.6191;-0.98358;-0.80752;-0.79072;-0.93046;-0.63973;-0.82374;-0.26474;-0.80655;-0.75489;-0.83583;-0.84428;0.12244;0.39401;0.41104;0.38659;0.3859;-0.263;-0.33563;-0.65229;0.12202;0.12533;0.23874;-0.90411;-0.98069;-0.77743;-0.89168;-0.84296;-0.89886;-0.8011;-0.80495;-0.10014;-0.26448;-0.092864;0.24653;0.0012257;-0.22849;0.11344;-0.0424
19;1;Pi;19;0.49597;-0.59892;-0.16049;-0.37095;-0.11645;-0.36171;0.22944;-0.45833;-0.89183;-0.9021;-0.86467;-0.63447;-0.52143;-0.31613;-0.096154;-0.027778;-0.018868;0.13636;-0.21525;0.053279;-0.66894;0.2777;-0.96078;-0.91502;-0.97107;-0.1885;-0.87527;-0.58971;-0.85708;-0.79952;-0.88312;-0.8762;0.073969;0.43985;0.46104;0.43376;0.41268;-0.50149;-0.56278;-0.76234;0.053937;0.089512;0.18539;-0.86294;-0.94506;-0.71591;-0.82288;-0.77625;-0.69973;-0.49372;-0.54533;-0.17423;-0.30858;-0.12142;0.14073;-0.078205;-0.038218;-0.080377;-0.24543
20;1;Pi;20;0.043785;-0.28518;-0.60908;0.039048;-0.1654;-0.25861;-0.24801;-0.43521;-0.83883;-0.83806;-0.82198;-0.6107;-0.58571;-0.40645;-0.36538;-0.11111;-0.13208;-0.22727;-0.947;-0.63124;-0.65604;-0.98022;-0.75545;-0.28358;-0.97403;-0.81969;-0.94772;-0.64906;-0.86487;-0.80601;-0.88897;-0.8823;0.097757;0.43525;0.45638;0.42929;0.40689;-0.55117;-0.61661;-0.77475;0.082996;0.10957;0.21057;-0.87567;-0.93821;-0.73066;-0.81867;-0.76802;-0.66535;-0.38856;-0.50765;-0.10322;-0.34174;-0.020091;0.1727;-0.048441;-0.028121;-0.13793;-0.26932
21;1;Pi;21;0.15254;-0.34692;-0.29595;0.76923;-0.22026;0.24483;-0.16976;-0.5688;-0.81519;-0.89044;-0.79382;-0.57207;-0.50714;-0.38065;-0.21154;-0.13889;-0.28302;-0.45455;-0.53019;-0.48967;-0.14122;-0.090352;-0.60152;-0.81424;-0.98232;-0.78992;-0.57166;-0.72465;-0.88932;-0.83671;-0.91065;-0.8993;0.061692;0.44143;0.46233;0.43527;0.41479;-0.60825;-0.64484;-0.78989;0.042026;0.076834;0.17615;-0.84036;-0.92557;-0.66035;-0.76195;-0.71105;-0.43275;-0.13077;-0.30504;-0.1679;-0.44915;-0.051656;0.095167;-0.11027;0.1374;-0.31109;-0.43762
22;1;Pi;22;0.20553;-0.56615;-0.64885;0.47435;-0.55718;-0.46477;-0.082228;-0.63154;-0.8904;-0.91754;-0.87012;-0.69985;-0.65714;-0.54839;-0.40385;-0.055556;-0.20755;0.090909;-0.29666;-0.57043;-0.64187;-0.62433;-0.59442;-0.72047;-0.93892;0.72729;-0.5485;-0.72892;-0.9153;-0.86607;-0.9344;-0.92064;0.070476;0.45333;0.47823;0.44645;0.41925;-0.60019;-0.63987;-0.79117;0.039183;0.0927;0.17844;-0.80438;-0.92343;-0.57333;-0.67054;-0.61537;-0.39888;-0.054738;-0.23084;-0.25199;-0.38511;-0.12543;-0.0087532;-0.20247;0.22699;-0.33326;-0.47664
23;2;E7;1;-0.56478;-0.87179;-0.57412;0.4718;-0.18329;0.045132;-0.6313;-0.9497;-0.87751;-0.98352;-0.84469;-0.66419;-0.62143;-0.38065;-0.23077;-0.22222;-0.24528;-0.13636;-0.68353;0.021062;-0.65974;-0.97267;-0.9614;-0.96022;-0.68722;-0.42512;-0.48673;-0.71789;-1;-1;-1;-0.98274;0.40334;0.99264;0.99611;0.99064;0.99173;-0.55047;-0.26693;-0.53359;0.4352;0.39423;0.45588;-0.061022;-0.67548;0.78028;1;1;0.18077;0.64943;0.1208;-0.70436;-1;0.1718;-1;-1;1;-1;-1
24;2;E7;2;-0.44075;-0.94703;-1;0.21403;-0.93973;-0.39146;-0.56101;-0.95257;-0.93625;-0.98921;-0.91826;-0.82467;-0.72143;-0.62581;-0.51923;-0.19444;-0.28302;-0.36364;1;0.057163;0.70814;-0.87;-0.87527;-0.90487;-0.84655;-0.78148;-0.66848;0.37493;-0.7177;-0.69251;-0.74583;-0.75312;-1;0.51198;0.51348;0.51238;0.50467;1;0.50788;0.044805;-1;-1;-0.71129;-0.29743;-0.99241;0.09213;-0.73433;-0.68073;-0.63463;-0.94656;-0.95527;-0.81921;-0.30321;-1;-0.14014;-0.36026;0.21004;0.14143;0.089817
25;2;E7;3;1;-0.97983;-0.65922;-0.89545;-0.65191;-0.60508;0.93103;-0.52704;-0.75358;-0.95293;-0.67575;-0.15602;0.092857;0.26452;0.19231;0.22222;0.28302;0.31818;-0.85905;-0.44377;-0.53145;-0.8597;-0.88402;-0.75991;-0.76113;-0.75525;-0.57997;0.61926;0.48606;0.15694;0.45712;0.73343;-0.84764;0.57837;0.5901;0.57705;0.55333;-0.0078361;0.64347;0.50103;-0.61994;-0.91387;-0.82467;-0.90933;-0.99426;-0.87525;-0.96946;-0.95751;-0.99626;-1;-1;-0.14522;-0.3431;-0.21263;0.31056;0.052539;-0.43676;0.21759;0.14902
26;2;E7;4;0.83802;-0.90622;-0.91264;-0.89363;-0.92691;-0.34138;0.81565;-0.47342;-0.66117;-0.94001;-0.55586;0.0014859;0.29286;0.39355;0.36538;0.52778;0.62264;0.5;-0.45977;-0.39612;-0.71369;-0.84433;-0.91197;-0.79738;-0.87773;-0.81893;-0.81449;1;0.82385;0.62328;0.76431;0.6746;-0.92571;0.5521;0.56165;0.5483;0.5459;0.46518;1;0.28796;-0.78794;-0.98349;-0.71125;-0.92229;-0.99335;-0.88764;-0.97397;-0.96639;-1;-0.99952;-0.99729;-0.11623;-0.35312;-0.20946;0.33068;0.093126;-0.42386;0.21007;0.12534
27;2;E7;5;0.95216;-0.93396;-0.73166;0.013986;-0.66319;-0.62978;0.94164;-0.47342;-0.72779;-0.94514;-0.64305;-0.096582;0.13571;0.35484;0.48077;0.61111;0.54717;0.40909;-0.99925;-0.54935;-0.68771;-0.95902;-0.92323;-0.67278;-0.67613;-0.6368;-0.65629;0.57068;0.52577;0.22131;0.48936;1;-0.79339;0.55339;0.55154;0.55927;0.52823;0.050767;0.64069;0.95236;-0.57472;-0.84453;-0.82732;-0.92833;-0.98509;-0.90637;-0.97556;-0.96174;-0.98753;-0.98862;-0.99859;-0.095995;-0.33184;-0.14756;0.3425;0.064621;-0.41427;0.22864;0.14088
28;2;E7;6;0.97989;-0.88194;-0.45362;0.57224;-0.41191;-0.14695;1;-0.49441;-0.76003;-0.95045;-0.68483;-0.17088;0.12143;0.29032;0.42308;0.5;0.50943;0.45455;-0.28752;-0.25047;-0.73002;-0.70374;-0.54541;-0.60541;-0.92489;-0.30277;-0.58403;0.27574;0.21066;-0.05616;0.16473;0.85999;-0.84987;0.26576;0.24584;0.28816;0.20079;-0.14788;0.28258;1;-0.63427;-0.87329;-1;-0.92485;-0.98656;-0.89976;-0.97506;-0.95835;-0.99137;-0.98654;-0.99926;-0.048738;-0.38152;-0.075395;0.377;0.069796;-0.46957;0.19769;0.13884
29;2;E7;7;-0.15911;-0.82532;-0.26065;0.32844;-0.16871;0.54399;-0.46154;-0.0073712;1;-0.6235;1;1;0.90714;0.85806;0.71154;0.69444;0.73585;0.54545;-0.95682;-0.87468;-0.87344;-0.99548;-0.95456;-0.91842;-0.97631;-0.73831;-0.84652;0.39906;0.97835;0.71989;0.97346;0.91863;-0.79896;0.10637;0.10821;0.10844;0.091161;0.055658;0.51568;-0.0074883;-0.67422;-0.8468;-0.61669;-1;-0.98313;-1;-1;-1;-0.9051;-0.98234;-0.98573;0.15419;-0.33005;0.10817;0.50472;0.2712;-0.28592;0.213;0.15311
30;2;E7;8;-0.49184;-0.826;-0.80271;1;-0.63677;-0.494;-0.59947;-0.27819;0.91046;-0.67409;0.96458;0.93165;1;1;0.88462;0.83333;0.69811;0.54545;-0.96184;-0.84588;-0.94175;-0.99703;-0.98668;-0.98379;-0.9728;-0.76482;-0.87925;0.54806;0.99641;0.79425;0.97546;0.79042;-0.80235;0.46823;0.47456;0.46539;0.46685;0.22766;0.69364;0.0023792;-0.67254;-0.86324;-0.56995;-0.9741;-0.99774;-0.96637;-0.99069;-0.98934;-0.90828;-0.99782;-0.98647;0.01914;-0.31638;-0.04593;0.41638;0.18953;-0.24861;0.22509;0.16399
31;2;E7;9;-0.44549;-0.85084;-0.84322;0.81792;-0.69435;-0.32967;-0.58886;-0.2914;0.89542;-0.68513;0.95186;0.93759;0.96429;0.96129;0.94231;0.83333;0.88679;1;-0.9404;-0.91274;-0.96719;-0.99509;-0.99704;-0.96057;-0.96731;-0.81798;-0.90379;0.60493;1;0.90422;0.92932;0.7929;-0.81435;0.46845;0.46891;0.46926;0.46385;0.38127;0.69895;0.089531;-0.72645;-0.8546;-0.57564;-0.97141;-0.99581;-0.96038;-0.9898;-0.98768;-0.92143;-0.9953;-0.98754;0.014612;-0.31436;-0.062465;0.41468;0.18405;-0.25846;0.22305;0.16269
32;2;E7;10;-0.56821;-0.9651;-0.86789;0.38655;-0.83156;-0.65097;-0.64721;-0.47029;0.63252;-0.74493;0.71753;0.8841;0.90714;0.72903;0.69231;0.86111;0.66038;0.59091;-0.9509;-0.8087;-0.85984;-0.99793;-0.98703;-0.96622;-0.9125;-0.86209;-0.93069;0.39885;0.52644;0.31774;0.53452;0.39095;-0.81971;0.51681;0.52422;0.51227;0.52166;0.083198;0.59225;-0.064362;-0.65547;-0.89766;-0.58832;-0.93834;-0.99847;-0.91866;-0.97731;-0.97399;-0.853;-0.99616;-0.98487;-0.081039;-0.31769;-0.14485;0.34703;0.12468;-0.18456;0.22129;0.14952
33;2;E7;11;-0.56601;-0.95533;-0.83441;-0.14719;-0.89364;0.023652;-0.65252;-0.47977;0.61891;-0.74748;0.68937;0.75632;0.84286;0.80645;0.65385;0.72222;0.54717;0.86364;-0.93792;-0.82377;-0.93312;-0.99325;-0.99415;-0.95409;-0.99722;-0.77737;-0.85266;0.465;0.54868;0.45314;0.49271;0.40923;-0.85415;0.49656;0.49324;0.49662;0.50566;0.23554;0.56371;0.0022654;-0.75845;-0.89701;-0.61642;-0.93451;-0.99988;-0.91014;-0.97641;-0.97194;-0.87374;-0.99706;-0.98848;-0.085737;-0.33576;-0.16863;0.34861;0.11882;-0.20726;0.20494;0.14761
34;2;E7;12;-0.57926;-0.93243;-0.79955;-0.5303;-0.8827;-0.28138;-0.65252;-0.46358;0.63324;-0.7394;0.72661;0.84547;0.71429;0.80645;0.69231;0.63889;0.32075;0.54545;-0.95714;-0.87078;-0.93823;-0.99648;-0.99348;-0.99102;-0.99805;-0.88476;-0.97318;0.40408;0.50938;0.26426;0.52917;0.36183;-0.82098;0.49723;0.50378;0.49151;0.51062;0.015951;0.59489;-0.13927;-0.64585;-0.90429;-0.59058;-0.93792;-0.9989;-0.91857;-0.97733;-0.97383;-0.83699;-0.99728;-0.98509;-0.086162;-0.31997;-0.14704;0.34467;0.12209;-0.17822;0.21994;0.13699
35;2;E7;13;-0.57201;-0.79694;-0.74791;-0.69384;-0.71562;-0.63367;-0.65252;-0.4319;0.75788;-0.72359;0.80836;0.82764;0.89286;0.89677;0.71154;0.77778;0.81132;0.81818;-0.94859;-0.86048;-0.90831;-0.99576;-0.99259;-1;-0.99886;-0.90679;-0.94577;0.44222;0.66272;0.47324;0.64733;0.49665;-0.85184;0.48131;0.48443;0.47819;0.49024;0.14269;0.57736;-0.07045;-0.71212;-0.91793;-0.61192;-0.94742;-0.99991;-0.92949;-0.98114;-0.97794;-0.86867;-0.99872;-0.98743;-0.056247;-0.32889;-0.12714;0.36716;0.14022;-0.2047;0.21482;0.14831
36;2;E7;14;-0.57851;-0.88471;-0.67692;0.13368;-0.5339;-0.085963;-0.64456;-0.4285;0.76862;-0.72539;0.79837;0.89302;0.87143;0.87097;0.75;0.80556;0.81132;0.81818;-0.95424;-0.86407;-0.89077;-0.99531;-0.99212;-0.99858;-0.98538;-0.94194;-0.94778;0.47152;0.68236;0.63349;0.59916;0.51968;-0.8486;0.48077;0.47441;0.48328;0.48535;0.31775;0.51967;0.017945;-0.77925;-0.87911;-0.60552;-0.94819;-0.99889;-0.92662;-0.98167;-0.97771;-0.89533;-0.99558;-0.98842;-0.045361;-0.3388;-0.13284;0.37773;0.14429;-0.23436;0.20377;0.15178
37;2;E7;15;-0.52126;-0.97624;-0.87097;-0.47781;-0.84397;-0.57082;-0.62865;-0.40663;0.70272;-0.7216;0.78565;0.83061;0.91429;0.96129;0.90385;0.75;0.73585;0.72727;-0.88071;-0.8188;-0.98045;-0.98979;-0.9914;-0.96529;-0.97445;-0.96089;-0.93473;0.32098;0.57163;0.20583;0.65958;0.40475;-0.53193;0.82916;0.84961;0.81524;0.84898;-0.11932;0.58591;-0.24473;-0.29448;-0.65165;-0.32316;-0.95296;-0.99465;-0.9401;-0.98224;-0.97961;-0.86249;-0.9881;-0.97111;-0.049801;-0.32044;-0.090789;0.3639;0.14764;-0.23816;0.22238;0.10609
38;2;E7;16;-0.49435;-0.97925;-0.89541;-0.23647;-1;-1;-0.61538;-0.39303;0.70917;-0.72077;0.80654;0.82467;0.91429;0.81935;0.78846;0.80556;0.54717;0.77273;-0.85087;-0.93575;-0.92225;-0.98735;-0.98933;-0.99259;-0.98805;-0.85749;-0.87506;0.20854;0.49001;0.16168;0.56526;0.33829;-0.74274;0.47714;0.48804;0.4687;0.49319;-0.15793;0.44171;-0.29034;-0.52559;-0.84857;-0.51985;-0.95609;-0.99595;-0.94196;-0.98369;-0.98133;-0.81393;-0.99189;-0.9763;-0.040629;-0.31841;-0.083506;0.3726;0.15318;-0.187;0.2267;0.12358
39;2;E7;17;-0.51156;-0.97308;-0.56542;-0.18484;-0.41465;-0.52592;-0.62334;-0.41009;0.66189;-0.72553;0.75114;0.86033;0.94286;0.87097;0.90385;0.88889;0.62264;0.95455;-0.93048;-0.92407;-0.92172;-0.99856;-0.99289;-0.93624;-0.99209;-0.90053;-0.97556;0.54175;0.71132;0.55313;0.66875;0.52781;-0.85098;0.46884;0.46747;0.46744;0.4806;0.21926;0.6465;-0.058485;-0.73876;-0.90219;-0.61443;-0.94924;-0.99958;-0.92992;-0.98193;-0.97849;-0.88675;-0.9989;-0.98938;-0.049836;-0.32493;-0.12921;0.37289;0.14249;-0.23066;0.21659;0.14456
40;2;E7;18;-0.51764;-0.97462;-0.71557;-0.35021;-0.58972;-0.16976;-0.61538;-0.40936;0.65831;-0.72851;0.75386;0.83655;0.89286;0.84516;0.73077;0.77778;0.54717;0.81818;-0.99757;-0.91939;-0.97014;-0.99983;-0.99987;-0.98752;-0.92303;-0.92816;-0.90866;0.51495;0.70238;0.51317;0.67997;0.53491;-0.84852;0.46876;0.46965;0.46669;0.47794;0.18479;0.64577;-0.038231;-0.71798;-0.9087;-0.61466;-0.94977;-1;-0.93136;-0.98206;-0.97881;-0.88201;-0.99991;-0.98933;-0.050364;-0.32379;-0.12552;0.37195;0.14203;-0.22357;0.21814;0.15075
41;2;E7;19;-0.44059;-1;-0.43213;0.40647;-0.39578;-0.50924;-0.55438;-0.35644;0.64971;-0.72864;0.77929;0.82764;0.87143;0.84516;0.84615;0.72222;0.77358;0.77273;-0.96987;-0.84166;-0.96331;-0.99535;-0.98861;-0.97628;-0.99771;-0.76957;-0.85855;0.45038;0.66728;0.83147;0.4983;0.49103;-0.76047;0.46317;0.4409;0.47445;0.46443;0.55593;0.37832;0.057221;-0.78971;-0.74332;-0.51475;-0.95952;-0.99714;-0.93403;-0.98587;-0.98144;-0.92925;-0.98747;-0.98724;-0.0021239;-0.34333;-0.11268;0.41096;0.16857;-0.29092;0.19141;0.14801
42;2;E7;20;-0.45131;-0.92685;-0.75142;-0.32061;-0.7728;-0.64483;-0.57825;-0.34677;0.7192;-0.71488;0.80654;0.85438;0.88571;1;0.88462;0.88889;0.73585;0.68182;-0.82852;-0.79368;-0.86164;-0.99293;-0.98178;-0.99681;-0.99214;-0.73401;-0.94298;0.5519;0.81548;0.82645;0.69988;0.63726;-0.81611;0.45379;0.44148;0.45992;0.45539;0.45609;0.56451;0.077443;-0.77766;-0.83078;-0.57719;-0.96161;-0.99815;-0.94246;-0.98652;-0.98302;-0.92368;-0.99532;-0.99027;-0.0041316;-0.33412;-0.097467;0.40605;0.16802;-0.27426;0.20655;0.15216
43;2;E7;21;-0.48968;-0.9871;-0.84715;-0.34455;-0.82705;-0.57136;-0.60212;-0.33158;0.81877;-0.69768;0.88374;0.89302;0.82857;0.93548;0.86538;0.86111;0.81132;0.59091;-0.95852;-0.82824;-0.85542;-0.99749;-0.98923;-0.98241;-0.98428;-0.90673;-1;0.58084;0.8908;0.73676;0.83724;0.69216;-0.83261;0.45241;0.45145;0.4519;0.45846;0.28176;0.66639;-0.0055148;-0.7285;-0.87942;-0.59961;-0.96448;-0.99803;-0.95042;-0.98753;-0.9848;-0.90432;-0.99744;-0.98948;-0.0036937;-0.32104;-0.080903;0.4041;0.17087;-0.24863;0.21946;0.15112
44;2;E7;22;-0.54389;-0.92313;-0.81748;-0.45574;-0.83973;-0.52449;-0.62865;-0.33573;0.88825;-0.68739;0.93279;0.89302;0.93571;0.70323;0.71154;1;1;0.90909;-0.93524;-0.97402;-0.96005;-0.99564;-0.99423;-0.98277;-0.82019;-0.86655;-0.88021;0.57039;0.96108;0.64315;1;0.77515;-0.61677;0.79136;0.80752;0.78148;0.80125;0.17381;0.7895;0.0012531;-0.4281;-0.71019;-0.40121;-0.96607;-0.99592;-0.9562;-0.98756;-0.9856;-0.91393;-0.9936;-0.98342;-0.0066396;-0.31915;-0.066293;0.39624;0.1716;-0.26399;0.22443;0.14482
45;2;E7;23;-0.50614;-0.96152;-0.69771;-0.8345;-0.70327;-0.19472;-0.61273;-0.34908;0.83668;-0.70113;0.85649;0.92273;0.95714;0.84516;0.82692;0.63889;0.43396;0.45455;-0.9648;-0.83589;-0.91795;-0.99245;-0.99106;-0.987;-0.98843;-0.92451;-0.95281;0.47412;0.8361;0.60883;0.83162;0.67308;-0.83016;0.45556;0.46396;0.45099;0.45788;0.15925;0.62521;-0.031671;-0.68015;-0.89962;-0.60269;-0.96419;-0.99729;-0.95229;-0.98714;-0.98495;-0.88993;-0.9966;-0.98746;-0.0030955;-0.32232;-0.068732;0.40163;0.17404;-0.23175;0.22089;0.15345
46;2;E7;24;-0.49096;-0.84159;-0.85226;0.19039;-0.70667;-0.34209;-0.60743;-0.35324;0.78868;-0.70545;0.84196;0.84844;0.96429;0.87097;0.61538;0.69444;0.62264;0.59091;-0.95978;-0.91753;-0.97976;-0.9967;-0.99209;-0.93886;-0.99549;-0.85926;-0.96436;0.52131;0.85383;0.64753;0.82557;0.65889;-0.84689;0.45492;0.46148;0.45078;0.45993;0.18459;0.63217;-0.057379;-0.71569;-0.90716;-0.61441;-0.96229;-0.99705;-0.94802;-0.9867;-0.98412;-0.88521;-0.99666;-0.98741;-0.015433;-0.31619;-0.089508;0.39593;0.16506;-0.23003;0.22272;0.1528
47;2;E7;25;-0.50814;-0.81546;-0.78899;0.28715;-0.67211;-0.35946;-0.60477;-0.35009;0.81304;-0.70514;0.89101;0.91085;0.84286;0.72903;1;0.83333;0.73585;0.45455;-0.96109;-0.89176;-0.95367;-0.99682;-0.99686;-0.99888;-0.97355;-0.96384;-0.93384;0.64874;0.94164;1;0.78761;0.71791;-0.62354;0.79068;0.78153;0.79468;0.79524;0.5629;0.61293;0.08262;-0.60811;-0.63023;-0.39367;-0.96076;-0.99732;-0.9394;-0.98622;-0.9824;-0.94477;-0.99083;-0.98817;-0.015777;-0.34009;-0.11927;0.39917;0.16145;-0.31321;0.19637;0.13944
48;3;x5;1;-0.41637;-0.73303;-0.26091;0.17391;-0.18159;0.31717;-0.49735;-0.52142;0.21705;-0.81635;0.3297;0.4948;0.5;0.39355;0.30769;0.27778;-0.056604;0.13636;-0.93099;-0.77513;-0.86996;-0.99439;-0.98763;-0.96459;-0.98319;-0.73873;-0.92241;-0.12115;-0.39358;-0.21198;-0.51148;-0.50699;-0.35578;0.53034;0.52076;0.53594;0.52548;-0.044794;-0.22121;-0.47662;-0.46066;-0.3024;-0.15475;-0.88318;-0.98195;-0.82559;-0.94791;-0.93282;-0.82517;-0.87;-0.92056;-0.19061;-0.4861;-0.28855;0.26766;0.021021;-0.31155;0.011042;-0.044
49;3;x5;2;-0.42582;-0.72583;-0.44538;-0.33918;-0.21143;0.29635;-0.55438;-0.93365;-0.90688;-0.98129;-0.89464;-0.78009;-0.75714;-0.57419;-0.36538;-0.22222;-0.39623;-0.31818;-0.30619;-0.82075;-0.55821;-0.94395;-0.82383;-0.82176;-0.60181;-0.72615;-0.73082;-0.2152;-0.87945;-0.82179;-0.9048;-0.90185;-0.24656;0.76838;0.79142;0.77432;0.66789;0.39205;0.047707;-0.38171;-0.35427;-0.19187;-0.060537;-0.35557;-0.98113;0.048106;-0.58138;-0.51215;-0.67356;-0.63945;-0.71421;-0.75247;-0.47568;-0.88124;-0.25009;-0.40961;0.096228;-0.20681;-0.30072
50;3;x5;3;-0.63744;-0.8512;-0.027966;0.11991;0.011803;0.42787;-0.66313;-0.9542;-0.90115;-0.98349;-0.88102;-0.71768;-0.57857;-0.41935;-0.38462;-0.16667;-0.13208;-0.045455;-0.55947;-0.32638;-0.68263;-0.89797;-0.95816;-0.90985;-0.5903;-0.63058;-0.41681;-0.18078;-0.8893;-0.84603;-0.91001;-0.9063;-0.30304;0.76624;0.79176;0.77128;0.66334;0.55072;0.10248;-0.3526;-0.37615;-0.26493;-0.1151;-0.2829;-0.98771;0.21467;-0.55042;-0.48909;-0.67303;-0.64679;-0.70957;-0.79584;-0.45234;-0.92792;-0.27843;-0.40922;0.1246;-0.21132;-0.31271
51;3;x5;4;-0.59132;-0.46096;-0.60503;0.37829;-0.54347;-0.2027;-0.70027;-0.94886;-0.899;-0.97779;-0.87375;-0.72065;-0.63571;-0.47097;-0.36538;-0.11111;-0.35849;-0.13636;-0.71125;-0.94671;-0.0024457;-0.85734;-0.95087;-0.96539;-0.87752;-0.22615;-0.82075;-0.19599;-0.88344;-0.8378;-0.90392;-0.90616;-0.32091;0.72879;0.7506;0.7324;0.64368;0.51571;0.076369;-0.34704;-0.39528;-0.28461;-0.11887;-0.32168;-0.98532;0.14446;-0.58676;-0.48462;-0.66807;-0.6579;-0.72997;-0.76944;-0.46327;-0.89181;-0.24323;-0.43537;0.12185;-0.20048;-0.28602
52;3;x5;5;-0.29477;-0.68979;-0.73261;-0.12337;-0.63438;0.039408;-0.4748;-0.70758;-0.69628;-0.89602;-0.65304;-0.38187;-0.30714;-0.25161;-0.28846;-0.13889;-0.13208;-0.27273;-0.71677;-0.28182;-0.43927;-0.94734;-0.87386;-0.80972;-0.89952;-0.83592;0.11766;-0.084904;-0.55179;-0.47583;-0.59803;-0.67331;-0.30544;0.6609;0.68968;0.66305;0.56827;0.038203;-0.03403;-0.48787;-0.32654;-0.29543;-0.11133;-0.82601;-0.94272;-0.72103;-0.92141;-0.8925;-0.78062;-0.83217;-0.84411;-0.18289;-0.27434;-0.28291;0.26365;0.012785;-0.10422;0.12569;-0.0073626
53;3;x5;6;-0.2642;-0.57849;-0.35535;0.26943;-0.26804;-0.40967;-0.45623;-0.64719;-0.66619;-0.87533;-0.61671;-0.30758;-0.27857;-0.14839;-0.11538;-0.13889;-0.09434;-0.5;-0.81062;-0.52098;-0.49227;-0.99179;-0.93518;-0.84145;-0.94062;-0.85992;-0.8178;-0.028464;-0.49456;-0.40624;-0.54981;-0.6358;-0.25874;0.68917;0.72517;0.69179;0.57539;0.060678;-0.0026802;-0.48678;-0.27987;-0.2473;-0.077983;-0.85082;-0.9438;-0.76109;-0.93276;-0.9105;-0.81466;-0.84425;-0.85264;-0.15205;-0.27032;-0.25522;0.28441;0.051588;-0.14798;0.14105;0.0036314
54;3;x5;7;-0.51451;-0.80653;-0.20134;-0.019697;0.10616;0.34186;-0.6313;-0.83753;-0.80946;-0.92918;-0.79382;-0.68499;-0.72143;-0.63871;-0.55769;-0.5;-0.39623;-0.27273;-0.91744;-0.54611;-0.41193;-0.81152;-0.82029;-0.73586;-0.743;-0.9162;-0.31729;-0.0018567;-0.74362;-0.67693;-0.78145;-0.80242;-0.23694;0.73444;0.76958;0.73669;0.62259;0.28337;0.066992;-0.42842;-0.27926;-0.21155;-0.07356;-0.66774;-0.93618;-0.46254;-0.82854;-0.78851;-0.76847;-0.76525;-0.7896;-0.34836;-0.25036;-0.45782;0.11313;-0.10451;-0.033762;0.052018;-0.090641
55;3;x5;8;-0.47729;-0.64658;-0.44128;-0.41199;-0.13037;0.079828;-0.6366;-0.86743;-0.87249;-0.943;-0.8465;-0.73254;-0.72857;-0.65161;-0.5;-0.55556;-0.28302;-0.22727;-0.78941;-0.79038;-0.69497;-0.85352;-0.91178;-0.8685;-0.9957;-1;-0.93547;0.15832;-0.74617;-0.74047;-0.75917;-0.801;-0.31372;0.73791;0.77753;0.73776;0.62643;0.21685;0.29732;-0.33495;-0.26126;-0.33768;-0.13761;-0.61847;-0.91537;-0.38427;-0.82331;-0.77219;-0.71717;-0.81092;-0.81792;-0.43261;-0.14124;-0.52743;0.073252;-0.13688;0.063965;0.17718;-0.0015674
56;3;x5;9;-0.89824;-0.58386;0.085252;0.44235;0.27408;0.48761;-0.92042;-0.99949;-0.9914;-0.99043;-0.98819;-0.9584;-0.92143;-0.74194;-0.51923;-0.27778;-0.43396;-0.22727;0.23652;0.82369;-0.30869;-0.96531;-0.96228;-0.85826;-0.91998;0.14945;0.28561;-0.036512;-0.93007;-0.92797;-0.93356;-0.93563;-0.56112;0.60157;0.6305;0.6096;0.47326;0.97944;0.47291;-0.21549;-0.46662;-0.60099;-0.37704;0.079786;-0.99746;0.90591;-0.39048;-0.31169;-0.58348;-0.78261;-0.75785;-1;-0.38461;-0.90608;-0.43676;-0.51697;0.3617;-0.11745;-0.31747
57;3;x5;10;-0.96171;-0.77213;-0.23684;0.47191;0.19749;0.3001;-0.92838;-1;-1;-0.99004;-1;-1;-0.95;-0.81935;-0.61538;-0.44444;-0.4717;-0.45455;-0.17568;0.206;0.19584;-0.82259;-0.79688;-0.84985;-0.84623;-0.68643;1;-0.053478;-0.92609;-0.92258;-0.93119;-0.9264;-0.54105;0.58697;0.61567;0.59787;0.44485;0.97242;0.48493;-0.18663;-0.45497;-0.57693;-0.35788;-0.081624;-0.98891;0.66265;-0.44265;-0.44464;-0.58127;-0.77013;-0.76145;-0.8094;-0.36962;-0.72591;-0.32985;-0.34498;0.37095;-0.12126;-0.30036
58;3;x5;11;-0.75319;-0.50272;-0.4183;-0.37123;-0.18903;0.40006;-0.85279;-0.98979;-0.98782;-0.98945;-0.98638;-0.96731;-0.97857;-0.76774;-0.40385;-0.36111;-0.32075;-0.31818;-0.49982;-0.3607;0.23566;-0.97474;0.41087;-0.95572;0.18033;1;-0.22238;-0.13014;-0.9241;-0.89885;-0.93751;-0.92722;-0.47073;0.58562;0.6137;0.5968;0.44406;0.93447;0.31139;-0.24736;-0.5032;-0.44795;-0.28557;-0.1546;-0.98592;0.56826;-0.44131;-0.45087;-0.61863;-0.69595;-0.73811;-0.78721;-0.40154;-0.85107;-0.31998;-0.35585;0.28581;-0.1907;-0.31318
59;3;x5;12;-0.72309;-0.71491;-0.2641;0.44554;0.12725;0.1672;-0.78249;-0.90053;-0.76433;-0.94017;-0.73388;-0.60178;-0.60714;-0.41935;-0.30769;-0.36111;-0.43396;-0.36364;-0.51186;-0.82712;-0.64975;-0.97536;-0.99017;-0.9685;-0.9632;-0.88855;-0.93117;-0.096884;-0.77321;-0.74166;-0.79819;-0.81759;-0.48469;0.56404;0.5937;0.57491;0.42164;0.2774;0.024626;-0.46239;-0.4885;-0.47635;-0.29924;-0.59875;-0.96444;-0.31216;-0.80804;-0.78573;-0.64173;-0.78674;-0.78347;-0.44053;-0.31598;-0.56116;0.059999;-0.095479;0.11085;0.012429;-0.13336
60;3;x5;13;-0.6566;-0.59014;-0.34253;-0.042064;-0.076921;-0.099504;-0.77056;-0.91608;-0.84742;-0.95141;-0.81653;-0.66122;-0.65714;-0.53548;-0.5;-0.55556;-0.66038;-0.5;-0.46172;-0.32506;-0.82178;-0.95733;-0.53847;-0.47996;-0.78213;-0.91129;-0.58601;-0.059754;-0.80362;-0.77516;-0.82324;-0.83826;-0.52903;0.56566;0.59635;0.57603;0.42245;0.40803;0.11339;-0.40135;-0.5256;-0.52338;-0.34269;-0.47356;-0.97418;-0.098952;-0.75437;-0.7269;-0.65847;-0.81794;-0.82226;-0.67598;-0.32786;-0.81329;-0.09716;-0.24219;0.10592;0.02107;-0.11355
61;3;x5;14;-0.57282;-0.66938;-0.35913;0.93283;-0.065067;0.025002;-0.72812;-0.84159;-0.72564;-0.91531;-0.68574;-0.50966;-0.45;-0.40645;-0.34615;-0.55556;-0.4717;-0.45455;-0.76598;-0.52448;-0.44875;-0.97556;-0.35394;-0.40151;-0.94279;-0.39757;-0.90336;-0.016894;-0.70641;-0.66089;-0.73313;-0.76804;-0.47827;0.545;0.57272;0.55367;0.41868;0.32453;0.085909;-0.38664;-0.4796;-0.4747;-0.27752;-0.66345;-0.95355;-0.43363;-0.85111;-0.82511;-0.74167;-0.83827;-0.86099;-0.44334;-0.28191;-0.57375;0.080462;-0.10133;-0.016423;0.098258;-0.020849
62;3;x5;15;-0.57105;-0.588;-0.26365;0.0072487;-0.34904;0.1403;-0.69231;-0.8777;-0.78725;-0.94081;-0.74569;-0.56909;-0.50714;-0.50968;-0.34615;-0.36111;-0.32075;-0.27273;-0.88939;-0.47693;-0.95267;-0.9677;-0.96769;-0.70547;-0.76484;-0.93091;-0.78244;-0.18472;-0.74274;-0.68491;-0.77385;-0.80266;-0.51475;0.54417;0.57315;0.5523;0.41725;0.30081;-0.053846;-0.45639;-0.54863;-0.4985;-0.28903;-0.62858;-0.98405;-0.3722;-0.82658;-0.79839;-0.68552;-0.80704;-0.81973;-0.45927;-0.37627;-0.60034;0.055061;-0.11187;0.048584;-0.0072163;-0.11126
63;3;x5;16;-0.56393;-0.21994;-0.37318;-0.13212;-0.12941;0.10701;-0.71088;-0.86722;-0.79226;-0.93243;-0.76839;-0.50966;-0.32143;-0.29032;-0.23077;-0.27778;-0.24528;-0.27273;-0.85627;-0.45785;-0.76268;1;-0.87143;-0.95793;-0.86808;-0.26881;-0.099175;0.038782;-0.72679;-0.71386;-0.74318;-0.78765;-0.48574;0.53545;0.5687;0.54157;0.40796;0.20775;0.17959;-0.40891;-0.44081;-0.50592;-0.28469;-0.65751;-0.94098;-0.43071;-0.84531;-0.81717;-0.67561;-0.84097;-0.82975;-0.40574;-0.23279;-0.49664;0.093991;-0.075546;0.065659;0.13916;-0.030846
64;3;x5;17;-0.60812;-0.72655;-0.098986;-0.020785;-0.034704;0.26053;-0.73475;-0.87109;-0.75501;-0.93072;-0.73025;-0.45022;-0.3;-0.34194;-0.28846;-0.25;-0.58491;-0.27273;-0.77093;-0.87722;-0.70739;-0.99843;-0.76166;-0.83478;-0.91793;-0.70987;-0.7645;-0.068395;-0.73792;-0.69283;-0.76688;-0.79797;-0.4893;0.52066;0.55261;0.52466;0.40742;0.28612;0.034755;-0.44234;-0.4993;-0.48273;-0.27975;-0.65572;-0.95651;-0.41629;-0.8396;-0.80791;-0.69384;-0.81567;-0.82198;-0.398;-0.30391;-0.5144;0.097614;-0.090959;0.034844;0.058194;-0.083916
65;3;x5;18;-0.64957;-0.71606;-0.63356;-0.43133;-0.41635;-0.14595;-0.72944;-0.94024;-0.9212;-0.97036;-0.89555;-0.70877;-0.65714;-0.57419;-0.36538;-0.13889;-0.16981;-0.18182;-0.90671;-0.12354;-0.50807;-0.95835;-0.86263;-0.67695;-0.84794;0.077701;-0.71679;-0.10327;-0.82733;-0.81315;-0.84151;-0.85974;-0.59253;0.53613;0.57267;0.53707;0.42603;0.36378;0.12109;-0.41942;-0.55126;-0.60888;-0.38535;-0.41292;-0.97411;-0.02231;-0.7238;-0.67588;-0.54737;-0.81156;-0.78737;-0.7161;-0.32598;-0.80509;-0.13264;-0.29142;0.26179;0.00599;-0.17144
66;3;x5;19;-0.53907;-0.76367;0.041353;0.71055;0.059898;-0.17625;-0.65517;-0.94051;-0.92479;-0.9772;-0.90554;-0.75334;-0.75714;-0.5871;-0.42308;-0.16667;-0.16981;-0.22727;-0.77623;-0.17016;-0.68691;-0.84259;-0.64468;-0.34896;-0.86549;-0.52203;-0.87822;-0.094735;-0.82662;-0.81412;-0.83915;-0.86258;-0.59335;0.5391;0.57642;0.53901;0.43233;0.40307;0.1448;-0.39895;-0.54946;-0.61357;-0.37399;-0.41029;-0.9749;-0.0030539;-0.7265;-0.66748;-0.55239;-0.81194;-0.78829;-0.71049;-0.326;-0.81305;-0.12356;-0.28933;0.26587;0.0036977;-0.17283
67;3;x5;20;-0.18717;-0.077248;-0.20074;0.20351;0.037616;-0.17629;-0.43767;-0.87487;-0.851;-0.96548;-0.8238;-0.69094;-0.65714;-0.57419;-0.44231;-0.16667;-0.39623;-0.22727;-0.56331;0.053865;-0.46558;-0.82669;-0.88602;-0.80671;-0.93068;-0.31479;-0.81351;-0.21886;-0.80351;-0.72187;-0.83985;-0.85124;-0.39034;0.52994;0.56475;0.53146;0.42221;0.27209;-0.047823;-0.44494;-0.47988;-0.34396;-0.18902;-0.5977;-0.97211;-0.34275;-0.77811;-0.72686;-0.68241;-0.74661;-0.79481;-0.47779;-0.44239;-0.59369;0.0037089;-0.19839;0.047922;-0.08873;-0.18888
68;3;x5;21;-0.5263;-0.68929;-0.33655;0.12249;-0.042587;0.18013;-0.5809;-0.957;-0.96848;-0.99007;-0.9555;-0.91085;-0.90714;-0.76774;-0.67308;-0.5;-0.58491;-0.40909;-0.30167;-0.71541;-0.90269;-0.93947;-0.90761;-0.87305;-0.78036;-0.79033;-0.77335;-0.22768;-0.88596;-0.83718;-0.90798;-0.90895;-0.47543;0.54576;0.58214;0.54623;0.43836;0.55066;0.10109;-0.35057;-0.55874;-0.4323;-0.26173;-0.33518;-0.98593;0.14758;-0.60152;-0.52561;-0.58839;-0.71201;-0.76157;-0.72819;-0.43226;-0.83634;-0.21683;-0.38307;0.25131;-0.1509;-0.25807
69;3;x5;22;-0.78852;-0.77641;-0.4148;-0.10417;-0.11771;0.18436;-0.80769;-0.96392;-0.95201;-0.9765;-0.94187;-0.91679;-0.94286;-0.80645;-0.71154;-0.5;-0.35849;-0.18182;-0.5706;-0.29537;-0.50605;-0.82195;-0.94727;-0.92684;-0.62695;-0.14557;-0.61357;-0.18477;-0.89491;-0.85641;-0.91285;-0.91475;-0.45952;0.54864;0.58595;0.54875;0.44037;0.63803;0.13176;-0.34614;-0.51161;-0.43195;-0.25109;-0.32204;-0.97972;0.21193;-0.58902;-0.51106;-0.6189;-0.70391;-0.74101;-0.68705;-0.39551;-0.78833;-0.19253;-0.34873;0.22822;-0.15003;-0.27121
70;3;x5;23;-0.79079;0.68514;0.28951;0.06723;0.68953;0.063819;-0.99204;0.41653;-0.28152;0.38989;-0.47593;-0.55126;-0.77857;-0.9871;-0.94231;-0.94444;-1;-0.81818;-0.95925;-0.094829;-0.7312;-1;-1;-0.99297;-0.98637;-0.34736;-0.76654;-1;-0.98587;-0.98172;-0.99324;-0.97379;0.46156;0.51591;0.63922;0.58975;-0.18678;-0.99372;-1;-0.99099;0.55219;0.51707;0.059843;1;-0.41023;1;-0.41635;0.0066984;-0.41705;-0.28637;-0.68795;0.93487;-0.96842;0.72348;0.94356;1;-1;-0.19975;-0.17065
71;3;x5;24;-0.78264;0.7146;0.46984;-0.93729;0.98087;0.39615;-1;1;-0.12607;1;-0.37602;-0.55126;-0.76429;-1;-1;-1;-0.96226;-1;-0.87533;-0.7083;-0.86553;-0.98778;-0.9978;-0.98673;-0.99861;-0.87631;-0.90732;-0.9819;-0.99101;-0.99359;-0.99519;-1;0.85819;1;1;1;1;-0.99157;-0.98274;-1;0.85554;0.85609;0.89814;0.27218;0.59792;0.59354;-0.64147;-0.28506;0.61877;0.62647;1;1;0.60639;0.99696;1;0.93296;0.44469;0.75538;0.88217
72;3;x5;25;-0.484;1;0.48295;0.41897;0.83978;-0.012651;-0.88064;0.47066;0.66547;0.094142;0.24432;0.060921;-0.17143;-0.39355;-0.46154;-0.58333;-0.84906;-0.36364;-0.89172;-0.92107;-1;-0.99618;-0.94648;-0.96792;-0.98394;-0.98611;-0.95723;-0.99413;-0.98855;-0.99257;-0.99228;-0.99792;1;0.98724;0.99075;0.98543;0.98708;-1;-0.99534;-0.99631;1;1;1;0.18312;1;0.55239;-0.67356;-0.33319;1;1;0.92496;0.99168;1;1;0.9962;0.91998;0.78071;1;1
73;3;x5;26;-0.51639;-0.83035;-0.5524;-0.21139;-0.35258;-0.16826;-0.55172;-0.41097;0.52579;-0.75343;0.61944;0.67608;0.66429;0.38065;0.38462;0.47222;0.43396;0.36364;-0.8535;-0.85431;-0.944;-0.9972;-0.98813;-0.97776;-0.99401;-0.95466;-0.96296;0.1465;-0.11741;-0.10382;-0.18857;-0.21632;-0.38649;0.56518;0.56623;0.56649;0.55505;-0.13352;0.17314;-0.28082;-0.36456;-0.39187;-0.21355;-0.91884;-0.97922;-0.89605;-0.96615;-0.95873;-0.83825;-0.94408;-0.96238;-0.11392;-0.46152;-0.16456;0.31799;0.084814;-0.31155;0.084924;0.016728
74;4;Br;1;-0.84979;-0.75878;-0.058158;-0.56698;0.25275;1;-0.86207;-0.80577;-0.37607;-0.85757;-0.34423;-0.20059;-0.23571;-0.34194;-0.44231;-0.61111;-0.4717;-0.36364;-0.8167;-0.64091;-0.80606;-0.983;-0.96297;-0.98399;-0.97165;-0.86219;-0.84514;-0.39482;-0.76019;-0.79287;-0.76429;-0.80805;-0.49467;0.29136;0.29506;0.28795;0.29843;-0.5368;-0.3713;-0.70384;-0.39784;-0.54874;-0.25725;-0.63538;-0.98275;-0.45055;-0.88144;-0.85146;-0.98831;-0.98895;-0.98819;-0.26331;-0.4089;-0.32856;0.21392;0.057154;-0.5106;0.18836;0.086902
75;4;Br;2;-0.49748;-0.84084;-0.32918;-0.0098005;-0.2224;-0.0082968;-0.61008;-0.90388;-0.72923;-0.96338;-0.69391;-0.71174;-0.77857;-0.83226;-0.84615;-0.83333;-0.88679;-0.72727;-0.65118;0.99144;-0.11114;-0.97165;-0.90415;-0.94509;-0.86579;0.033578;-0.8806;-0.35676;-0.85833;-0.8256;-0.89017;-0.88246;-0.47578;0.32596;0.32169;0.32586;0.33766;-0.36883;-0.43057;-0.6772;-0.53616;-0.44474;-0.26007;-0.33745;-0.98379;-0.14408;-0.76346;-0.73016;-0.99527;-0.98255;-0.99453;-0.2901;-0.50645;-0.48436;0.22985;0.033397;-0.55287;0.08351;0.052054
76;4;Br;3;-0.46931;-0.86583;-0.48069;-0.4751;-0.53857;-0.3561;-0.60743;-0.92405;-0.85029;-0.97308;-0.81744;-0.76226;-0.80714;-0.79355;-0.59615;-0.41667;-0.4717;-0.22727;-0.37386;-0.59317;-0.44931;-0.97031;-0.98055;-0.85493;-0.43152;-0.61202;0.07043;-0.5119;-0.89769;-0.91562;-0.90295;-0.91439;-0.42343;0.33193;0.33118;0.32952;0.34659;-0.68683;-0.46465;-0.74722;-0.31785;-0.4791;-0.20951;-0.20356;-0.98885;0.10622;-0.73947;-0.67263;-0.99218;-0.99694;-0.99431;-0.19139;-0.43932;-0.10885;0.22138;0.11896;-0.50359;0.15721;0.072387
77;4;Br;4;-0.58678;-0.78306;-0.59652;-0.10491;-0.41464;0.018158;-0.65782;-0.94561;-0.85602;-0.97955;-0.82016;-0.62556;-0.56429;-0.54839;-0.42308;-0.25;-0.28302;-0.090909;-0.18054;-0.82313;-0.41792;-0.93456;-0.97693;-0.93419;0.65414;-0.93629;-0.57695;-0.39482;-0.88821;-0.89793;-0.8986;-0.90624;-0.54423;0.33418;0.33179;0.33231;0.35053;-0.606;-0.35271;-0.68645;-0.47242;-0.58312;-0.30988;-0.15102;-0.99133;0.11429;-0.71311;-0.65904;-0.99588;-0.99936;-0.99701;-0.35147;-0.43076;-0.34691;0.1333;0.027367;-0.49274;0.15826;0.078094
78;4;Br;5;-0.49151;-0.57963;-0.093759;0.11188;-0.22728;-0.24989;-0.61804;-0.79992;-0.42693;-0.91317;-0.40781;-0.40565;-0.47143;-0.48387;-0.26923;-0.22222;-0.4717;-0.31818;-0.48021;-0.57215;-0.90161;-0.9578;-0.9722;-0.96553;-0.26768;-0.47503;-0.70688;-0.27545;-0.75651;-0.66416;-0.81446;-0.81519;-0.44989;0.29843;0.29322;0.30015;0.30455;-0.25242;-0.36571;-0.64274;-0.56073;-0.39731;-0.21625;-0.63034;-0.98403;-0.54055;-0.86108;-0.83525;-0.99719;-0.97961;-0.99131;-0.20528;-0.51495;-0.35183;0.27685;0.057499;-0.54944;0.069054;0.013124
79;4;Br;6;-0.46805;-0.77346;0.081578;0.7311;-0.017167;0.53114;-0.54377;-0.82071;-0.55158;-0.93319;-0.52044;-0.52749;-0.56429;-0.66452;-0.59615;-0.5;-0.54717;-0.45455;-0.59554;-0.91868;-0.7749;-0.98007;-0.9811;-0.89369;-0.93787;0.52622;-0.73243;-0.26998;-0.83746;-0.7456;-0.88911;-0.87874;-0.3578;0.30656;0.30169;0.30751;0.31517;-0.23677;-0.3764;-0.63867;-0.50385;-0.28723;-0.13618;-0.61546;-0.96778;-0.48452;-0.85438;-0.84306;-0.98946;-0.95294;-0.97641;-0.48675;-0.59158;-0.60399;0.07098;-0.13674;-0.59914;0.0069593;-0.056578
80;4;Br;7;-0.37525;-0.64421;-0.31342;-0.14816;0.063157;-0.013354;-0.53979;-0.79767;-0.49355;-0.92377;-0.41962;-0.11144;-0.092857;-0.14839;-0.038462;-0.13889;-0.35849;-0.13636;-0.98233;-0.88966;-0.8654;-0.99852;-0.9167;-0.76915;-0.99705;-0.77272;-0.73025;-0.27869;-0.77131;-0.69643;-0.82299;-0.8202;-0.45073;0.30298;0.29848;0.30389;0.31078;-0.25699;-0.36678;-0.64373;-0.54552;-0.40519;-0.22305;-0.58127;-0.9812;-0.46208;-0.84548;-0.82322;-0.99479;-0.97743;-0.99202;-0.30739;-0.52752;-0.48236;0.21047;0.012344;-0.55677;0.062279;0.020358
81;4;Br;8;-0.39214;-0.93496;-0.36492;0.36244;-0.16767;-0.11047;-0.5756;-0.81896;-0.56734;-0.9283;-0.4941;-0.15899;-0.092857;-0.096774;-0.21154;-0.19444;-0.24528;-0.18182;-0.83684;-1;-0.76049;-0.98656;-0.97755;-0.941;-0.8737;-0.60895;-0.73192;-0.32768;-0.74153;-0.73986;-0.76659;-0.78859;-0.55524;0.30421;0.30384;0.3025;0.31422;-0.46454;-0.33329;-0.66263;-0.52534;-0.57139;-0.32489;-0.61603;-0.99126;-0.47415;-0.86815;-0.84462;-0.99699;-0.99813;-0.99665;-0.32193;-0.44171;-0.42164;0.18465;0.0017497;-0.49752;0.14478;0.094217
82;4;Br;9;-0.31516;-0.68762;-0.57544;-0.138;-0.48381;-0.5557;-0.5809;-0.82022;-0.5437;-0.92815;-0.49046;-0.26597;-0.36429;-0.27742;-0.25;-0.30556;-0.58491;-0.22727;-0.87209;-0.72696;-0.70792;-0.98945;-0.9693;-0.95799;-0.96477;0.051775;-0.69666;-0.33097;-0.74863;-0.74156;-0.77532;-0.79519;-0.53405;0.30067;0.30051;0.29927;0.30943;-0.44118;-0.34586;-0.68535;-0.50753;-0.54763;-0.31072;-0.61737;-0.98903;-0.4776;-0.86795;-0.84657;-0.99429;-0.9956;-0.99606;-0.28404;-0.46938;-0.37533;0.20738;0.023794;-0.53262;0.12564;0.083537
83;4;Br;10;-0.5277;-0.79924;-0.28197;0.46048;-0.35772;-0.11994;-0.65517;-0.84044;-0.58238;-0.92707;-0.51771;-0.20357;-0.19286;-0.070968;-0.17308;-0.33333;-0.54717;-0.27273;-0.90681;-0.84957;-0.651;-0.99235;-0.983;-0.97021;-0.94908;-0.5183;-0.90572;-0.23229;-0.75002;-0.72901;-0.78393;-0.79831;-0.60079;0.30201;0.29857;0.30119;0.31462;-0.34163;-0.27098;-0.63893;-0.6142;-0.59646;-0.35513;-0.55359;-0.99214;-0.38025;-0.8449;-0.82359;-0.99724;-0.99755;-0.99866;-0.41505;-0.44748;-0.57032;0.13071;-0.038282;-0.51292;0.13489;0.082706
84;4;Br;11;-0.50734;-0.80468;-0.33682;0.040713;-0.33464;0.27118;-0.63263;-0.87761;-0.64398;-0.94844;-0.59128;-0.40267;-0.4;-0.29032;-0.23077;-0.22222;-0.20755;-0.18182;-0.77048;-0.63037;-0.63509;-0.98966;-0.94815;-0.96459;-0.8587;-0.23874;-0.76637;-0.26477;-0.82145;-0.77312;-0.86188;-0.85772;-0.53096;0.31367;0.31023;0.31319;0.32485;-0.27621;-0.35671;-0.65279;-0.61674;-0.48956;-0.29402;-0.40546;-0.98635;-0.2135;-0.78624;-0.75771;-0.99731;-0.98517;-0.99502;-0.41887;-0.49813;-0.63509;0.14603;-0.033574;-0.54917;0.08624;0.041762
85;4;Br;12;-0.60366;-0.84264;-0.52608;0.35858;-0.3774;0.046904;-0.64191;-0.97377;-0.93266;-0.9946;-0.91099;-0.81278;-0.71429;-0.71613;-0.46154;-0.16667;-0.09434;0.090909;-0.71472;-0.8075;-0.37743;-0.97488;-0.95144;-0.92936;-0.86646;-0.6223;-0.40102;-0.23023;-0.92813;-0.90066;-0.95213;-0.94189;-0.51606;0.33287;0.32975;0.33165;0.34731;-0.22804;-0.33156;-0.61441;-0.62288;-0.46783;-0.2625;0.3031;-0.98469;0.59477;-0.52807;-0.48366;-0.99523;-0.98327;-0.99527;-0.33416;-0.4959;-0.65768;0.23057;0.09447;-0.54095;0.088436;0.050727
86;4;Br;13;-0.56369;-0.86838;-0.60881;0.10023;-0.5601;0.37098;-0.63263;-0.98386;-0.95774;-1;-0.94187;-0.87221;-0.88571;-0.72903;-0.53846;-0.36111;-0.39623;-0.27273;-0.91346;-0.91885;1;-0.9928;-0.96149;-0.98172;1;-0.82317;-0.84355;-0.37539;-0.94489;-0.91627;-0.96801;-0.95612;-0.45172;0.33916;0.33644;0.33768;0.35378;-0.26107;-0.52562;-0.6905;-0.58745;-0.39149;-0.19305;0.41562;-0.97378;0.70413;-0.48663;-0.43239;-0.98667;-0.96577;-0.98887;-0.087137;-0.5262;-0.5232;0.44425;0.28317;-0.57727;0.070956;0.036608
87;4;Br;14;-0.10765;-0.2873;-0.85206;0.37085;-0.83098;-0.73283;-0.48541;-0.88628;-0.77794;-0.96634;-0.74659;-0.63744;-0.66429;-0.71613;-0.63462;-0.63889;-0.54717;-0.5;-0.85322;-0.78219;-0.25043;-0.98797;-0.9006;-0.90854;-0.64119;-0.36817;0.34524;-0.4285;-0.82158;-0.82077;-0.83822;-0.85015;-0.48616;0.32173;0.32224;0.31961;0.33217;-0.51127;-0.43861;-0.64303;-0.43789;-0.51344;-0.25757;-0.51349;-0.98657;-0.35564;-0.83697;-0.79634;-0.99463;-0.99198;-0.99485;-0.13107;-0.45225;-0.17257;0.30331;0.11744;-0.47933;0.14805;0.090221
88;4;Br;15;-0.42856;-0.83168;-0.36718;-0.16274;-0.13415;-0.13017;-0.61008;-0.9297;-0.81805;-0.97553;-0.78928;-0.70877;-0.77143;-0.78065;-0.73077;-0.52778;-0.62264;-0.63636;-0.73429;-0.15184;-0.87262;-0.9826;-0.99419;-0.89333;-0.95182;-0.11738;0.24225;-0.40873;-0.87142;-0.85906;-0.89147;-0.89358;-0.49144;0.32453;0.3237;0.32259;0.33728;-0.4541;-0.45104;-0.65805;-0.48471;-0.4992;-0.25317;-0.31362;-0.98705;-0.11588;-0.76652;-0.71666;-0.99459;-0.99259;-0.9961;-0.15401;-0.46646;-0.25841;0.29831;0.13998;-0.5035;0.13356;0.08066
89;4;Br;16;-0.57208;-0.69855;-0.41042;-0.078667;-0.37551;-0.052358;-0.69761;-0.73882;-0.32808;-0.86598;-0.31153;0.031204;0.11429;0.0064516;0.057692;0.027778;0.056604;0.22727;-1;-0.81885;-0.93036;-0.90215;-0.85942;-0.94026;-0.9976;-0.77112;-0.82551;0.17483;-0.4436;-0.48038;-0.46535;-0.44624;-0.40239;0.68347;0.69168;0.67535;0.70561;0.019922;0.31228;-0.17011;-0.32163;-0.43443;-0.24355;-0.81751;-0.97585;-0.73559;-0.9253;-0.9122;-0.77496;-0.91988;-0.94532;-0.15418;-0.44518;-0.23357;0.29135;0.065898;-0.17445;0.079;0.0096854
90;4;Br;17;-0.29504;-0.7386;-0.84116;-1;-0.65019;-0.40111;-0.51194;-0.8726;-0.73782;-0.95855;-0.70845;-0.62853;-0.71429;-0.76774;-0.73077;-0.55556;-0.50943;-0.31818;-0.88985;-0.63447;-0.84091;-0.98874;-0.97897;-0.57431;-0.86607;0.023763;-0.84306;-0.3113;-0.80062;-0.80484;-0.8157;-0.78025;-0.61022;0.096264;0.092654;0.094959;0.11381;-0.16144;-0.15416;-0.36941;-0.55285;-0.62228;-0.45925;-0.7246;-0.95704;-0.4694;-0.85756;-0.83674;-0.28037;-0.78823;-0.89369;-0.18101;-0.44497;-0.12374;0.23106;-0.012155;0.39524;-0.040938;-0.068215
91;4;Br;18;-0.05505;-0.093632;-0.095387;0.61317;0.10905;-0.13937;-0.51724;-0.74198;-0.4692;-0.90344;-0.44596;-0.31649;-0.44286;-0.48387;-0.57692;-0.61111;-0.62264;-0.5;-0.81346;-0.76892;-0.77868;-0.97443;-0.99371;-0.83024;-0.86435;-0.92323;-0.74162;-0.31287;-0.65815;-0.68255;-0.6755;-0.63567;-0.57978;0.086371;0.083392;0.085468;0.10017;-0.3401;-0.20806;-0.42213;-0.51182;-0.59806;-0.42946;-0.84216;-0.96163;-0.71833;-0.92648;-0.91396;-0.37946;-0.84427;-0.91837;-0.0054444;-0.46889;0.0041949;0.37478;0.13091;0.17794;0.01088;-0.028704
92;4;Br;19;0.40367;-0.54306;-0.2702;-0.88984;-0.40735;-0.21726;0.082228;-0.6398;-0.68123;-0.93283;-0.604;-0.18276;-0.042857;0.019355;0.15385;-0.055556;-0.09434;-0.090909;-0.94;-0.8039;-0.76445;-0.99559;-0.82521;-0.87265;-0.98009;-0.8503;-0.88368;-0.1805;-0.49791;-0.53541;-0.52789;-0.46924;-0.79489;-0.062292;0.094936;-0.054955;-0.50583;-0.34472;-0.20581;-0.2263;-0.60658;-0.81494;-0.9016;-0.82961;-0.97088;-0.75683;-0.94313;-0.9224;-0.98345;-0.97194;-0.99154;-0.10226;-0.4312;-0.19913;0.33462;0.097991;-0.47241;0.15058;0.085299
93;4;Br;20;0.28764;-0.57489;-0.53634;-0.12188;-0.39195;-0.38612;0.019894;-0.78669;-0.78295;-0.96566;-0.72934;-0.37593;-0.13571;0.045161;-0.019231;0.055556;0.13208;0.045455;-0.90783;-0.70577;-0.60308;-0.97932;-0.9919;-0.91468;-0.74533;-0.45811;-0.59679;-0.40612;-0.73678;-0.71732;-0.76517;-0.78103;-0.74326;-0.079579;-0.077639;-0.082787;-0.068903;-0.40701;-0.43076;-0.63233;-0.73836;-0.74748;-0.48095;-0.66764;-0.9787;-0.52558;-0.88915;-0.85767;-0.99038;-0.98213;-0.98586;-0.14935;-0.48823;-0.31054;0.31309;0.10232;-0.50675;0.12022;0.036167
94;4;Br;21;0.75586;0.018835;-0.39654;-0.30022;0.0074258;-0.37472;0.55438;-0.84692;-0.95559;-0.99567;-0.93279;-0.75037;-0.51429;-0.2;-0.019231;-0.027778;0.20755;0.27273;-0.63336;0.5421;-0.14408;-0.57119;-0.42413;-0.15493;-0.75934;-0.59929;0.021674;-0.25768;-0.7345;-0.7423;-0.75835;-0.73155;-0.92802;-0.14568;-0.14109;-0.14804;-0.14769;-0.35073;-0.26871;-0.35634;-0.86965;-0.94285;-0.72063;-0.56761;-0.90022;-0.37274;-0.8556;-0.82172;-0.93214;-0.9043;-0.96139;-0.24018;-0.36544;-0.37318;0.24666;-0.0022476;-0.41946;0.1944;0.099087
95;4;Br;22;0.69838;-0.37238;0.12671;-0.71743;0.4855;0.15239;0.43501;-0.64435;-0.75645;-0.95355;-0.69755;-0.30758;-0.12143;0.070968;-0.11538;0.083333;-0.018868;0.090909;-0.86919;-0.62012;-0.56267;-0.97648;-0.86165;-0.71874;-0.87239;-0.85408;-0.86075;-0.64901;-0.77419;-0.81003;-0.79233;-0.72286;-0.54028;-0.1497;-0.14592;-0.15073;-0.15591;-0.77277;-0.66502;-0.62204;-0.46331;-0.55346;-0.4417;-0.70501;-0.96252;-0.53421;-0.90688;-0.89326;-0.97799;-0.9611;-0.97957;0.14008;-0.52961;0.14231;0.49503;0.18432;-0.55439;0.085513;-0.0029032
96;4;Br;23;0.11839;-0.049253;0.55615;-0.43955;0.99384;0.30096;-0.3183;-0.31111;-0.12751;-0.78286;-0.066303;0.30461;0.26429;0.29032;-0.076923;0.11111;-0.16981;-0.13636;-0.94485;-0.77922;-0.85289;-0.86433;1;1;-0.99836;-0.97319;-0.90376;-0.86492;-0.85669;-0.88809;-0.86069;-0.86366;-0.89373;-0.99474;-0.99266;-0.99666;-0.99035;-0.92637;-0.85426;-0.90611;-0.83064;-0.91104;-0.68838;-0.22916;-0.94576;0.41319;-0.78749;-0.6947;-0.96299;-0.941;-0.96937;0.64396;-0.41242;0.77887;0.77916;0.58769;-0.48864;0.16444;0.068818
97;4;Br;24;0.2732;0.063337;-0.19374;-0.39524;-0.029346;-0.46662;-0.23342;-0.25139;-0.16261;-0.78321;-0.06812;0.34027;0.22143;0.17419;0.038462;0;-0.16981;0.090909;-0.47686;-0.63454;-0.79573;-0.96607;-0.88481;-0.59164;-0.99764;-0.96767;-0.92952;-0.87357;-0.85279;-0.87537;-0.86208;-0.8593;-0.90002;-1;-1;-1;-1;-0.93034;-0.86674;-0.90551;-0.84936;-0.90972;-0.70047;-0.25911;-0.94858;0.22751;-0.78515;-0.70674;-0.96366;-0.94413;-0.97338;0.59775;-0.4162;0.68493;0.75976;0.54561;-0.48502;0.15653;0.066452
98;4;Br;25;0.08228;-0.44507;-0.5806;-0.20941;-0.53183;-0.029877;-0.33687;-0.33939;-0.030802;-0.78801;0.039964;0.3373;0.20714;0.070968;-0.26923;-0.22222;-0.39623;-0.13636;-0.94738;-0.82802;-0.97555;-0.95653;-0.85249;-0.833;-0.99077;-0.89952;-0.97637;-0.75652;-0.77218;-0.79168;-0.79003;-0.78601;-0.063528;0.29586;0.29389;0.29403;0.31122;-0.84453;-0.75818;-0.83272;-0.033889;-0.074877;0.074917;-0.82419;-0.95233;-0.74502;-0.94416;-0.92842;-0.96668;-0.94697;-0.97515;0.18734;-0.49687;0.16168;0.52044;0.29224;-0.54601;0.099143;0.027245
99;4;Br;26;-0.3805;-0.31592;0.26205;0.14327;0.25131;-0.055891;-0.64456;-0.57063;-0.044413;-0.79553;-0.16712;-0.15305;-0.38571;-0.44516;-0.55769;-0.63889;-0.66038;-0.54545;-0.69618;-0.76929;-0.7688;-0.96686;-0.97398;-0.96241;-0.52903;-0.96587;-0.65552;-0.81614;-0.86343;-0.88606;-0.87104;-0.86799;-0.028976;0.30781;0.30572;0.30578;0.32356;-0.888;-0.80688;-0.87086;0.0098617;-0.045423;0.10644;-0.64509;-0.94426;-0.43368;-0.89364;-0.86363;-0.96151;-0.93891;-0.97306;0.3394;-0.52732;0.34554;0.61391;0.38654;-0.56384;0.083239;0.017634
100;4;Br;27;-0.21393;0.18861;-0.23211;-0.52735;0.043295;-0.097118;-0.57825;-0.47676;-0.13467;-0.77353;-0.19255;0.022288;-0.05;-0.058065;-0.28846;-0.55556;-0.58491;-0.59091;-0.73302;-0.46803;-0.32779;-0.9907;-0.97237;-0.94958;-0.99331;-0.97724;-0.81805;-0.78129;-0.85655;-0.8775;-0.86288;-0.8579;0.02249;0.30921;0.30982;0.30638;0.32199;-0.85787;-0.77007;-0.8363;0.063647;0.0035218;0.15645;-0.67481;-0.93729;-0.49146;-0.90339;-0.87841;-0.95403;-0.93248;-0.97133;0.37523;-0.46978;0.39303;0.63019;0.40909;-0.52727;0.12155;0.045913
101;4;Br;28;-0.33152;-0.34945;0.091276;-0.295;0.3365;0.60125;-0.59416;-0.56369;-0.16046;-0.80813;-0.20981;0.016345;0.021429;-0.0064516;-0.11538;-0.25;-0.54717;-0.72727;-0.91719;-0.84762;-0.79866;-0.99801;-0.90504;-0.92363;-0.822;-0.80538;-0.95879;-0.77712;-0.8533;-0.87053;-0.86349;-0.85929;-0.055303;0.31017;0.31059;0.30703;0.32492;-0.85372;-0.76898;-0.83807;-0.020027;-0.070785;0.088031;-0.65929;-0.95511;-0.49152;-0.89443;-0.86656;-0.97237;-0.9495;-0.97943;0.21312;-0.55991;0.19198;0.53114;0.31574;-0.58928;0.060611;0.0034356
102;4;Br;29;0.010034;-0.11696;-0.49053;-0.18009;-0.33934;-0.29392;-0.40318;-0.60073;-0.37249;-0.86706;-0.31789;-0.010401;0.05;0.019355;0.019231;-0.27778;-0.39623;-0.18182;-0.84319;-0.9134;-0.94694;-0.89832;-0.81643;-0.79505;-0.90919;-0.86688;-0.94032;-0.72967;-0.84615;-0.86249;-0.85805;-0.85276;-0.096518;0.31018;0.30998;0.3072;0.32669;-0.82213;-0.72373;-0.81672;-0.059609;-0.11146;0.045718;-0.66172;-0.95236;-0.50409;-0.89332;-0.86744;-0.96491;-0.94962;-0.97859;0.13989;-0.46418;0.11373;0.48546;0.26161;-0.51319;0.12329;0.047374
103;4;Br;30;-0.12665;0.1384;-0.094794;0.017756;0.52911;-0.23812;-0.46684;-0.56236;-0.31447;-0.83997;-0.28065;-0.010401;0.021429;-0.058065;-0.057692;-0.083333;-0.32075;-0.45455;-0.88162;-0.86451;-0.82826;-0.99236;-0.093954;0.057804;-0.98888;-0.78916;-0.92549;-0.73437;-0.83393;-0.84497;-0.84784;-0.8409;-0.088226;0.30341;0.30176;0.30103;0.32007;-0.81198;-0.73111;-0.81164;-0.059881;-0.1003;0.059776;-0.70037;-0.95242;-0.5741;-0.90492;-0.8831;-0.96874;-0.94867;-0.97921;0.16628;-0.47596;0.12409;0.50541;0.28528;-0.52643;0.11883;0.04264
104;4;Br;31;-0.01552;-0.17855;-0.41607;-0.087709;-0.19157;-0.34211;-0.38859;-0.34996;-0.16547;-0.77868;-0.095368;0.26895;0.24286;0.17419;-0.26923;-0.25;-0.16981;-0.13636;-0.9229;-0.7314;-0.88451;-0.79574;-0.80569;-0.76135;-0.90946;-0.91826;-0.88649;-0.75528;-0.78576;-0.81594;-0.79491;-0.79948;-0.05423;0.29651;0.29812;0.29289;0.31184;-0.85496;-0.74097;-0.84031;-0.010535;-0.072833;0.08321;-0.80992;-0.95172;-0.70505;-0.94212;-0.92369;-0.96944;-0.94733;-0.97402;0.19205;-0.44734;0.18329;0.51958;0.29829;-0.50583;0.1382;0.050641
105;4;Br;32;-0.08046;-0.19775;-0.22193;-0.34409;0.003622;0.12282;-0.43236;-0.59597;-0.29155;-0.85998;-0.27339;-0.12927;-0.26429;-0.36774;-0.53846;-0.44444;-0.54717;-0.31818;-0.88185;-0.49124;-0.66891;-0.98499;-0.98807;-0.41422;-0.98244;-0.84463;-0.99668;-0.79651;-0.86483;-0.84389;-0.89233;-0.87475;-0.049248;0.30419;0.30207;0.30251;0.31867;-0.81016;-0.82774;-0.85755;-0.067973;-0.037667;0.095179;-0.63105;-0.94884;-0.56306;-0.87067;-0.85018;-0.9626;-0.94085;-0.97536;0.2768;-0.55768;0.16466;0.60275;0.35406;-0.60676;0.061158;0.0052674
106;4;Br;33;-0.013181;-0.21443;-0.2135;0.93098;0.072876;-0.0040813;-0.44032;-0.53374;-0.23926;-0.83463;-0.23342;-0.066865;-0.22143;-0.36774;-0.46154;-0.69444;-0.54717;-0.68182;-0.62237;-0.84494;-0.97674;-0.77129;-0.82803;-0.68357;-0.72945;-0.91247;-0.91782;-0.77435;-0.8507;-0.83463;-0.8775;-0.86237;-0.018825;0.31516;0.31116;0.31461;0.33049;-0.80629;-0.80597;-0.85303;-0.019638;-0.014073;0.10995;-0.68224;-0.93968;-0.61759;-0.89023;-0.86917;-0.95071;-0.93064;-0.97167;0.28328;-0.53365;0.2253;0.59622;0.33734;-0.59888;0.076134;0.015701
107;4;Br;34;0.1661;-0.34317;0.35935;-0.77366;0.98041;-0.039267;-0.25729;-0.63181;-0.61246;-0.89912;-0.5604;-0.29272;-0.25;-0.25161;-0.30769;-0.22222;-0.50943;-0.27273;-0.54587;-0.32075;-0.66051;-0.9782;-0.94634;-0.86485;-0.95203;-0.25557;-0.77246;-0.75979;-0.8745;-0.88994;-0.88579;-0.88563;-0.058093;0.32225;0.31853;0.31998;0.34406;-0.8689;-0.74915;-0.86152;-0.026152;-0.071624;0.085338;-0.58547;-0.95396;-0.39914;-0.86883;-0.8308;-0.96862;-0.94964;-0.97103;0.19031;-0.47676;0.1926;0.51394;0.31146;-0.54275;0.11682;0.032418
108;5;Ps;1;-0.64956;-0.15431;0.49623;-0.060956;1;0.59804;-0.81432;-0.58286;0.046562;-0.72848;0;0.11144;-0.014286;-0.16129;-0.36538;-0.25;-0.4717;-0.36364;-0.92671;-0.85368;-0.79695;-0.98561;-0.96008;-0.95988;-0.97838;-0.48163;-0.59244;-0.63631;-0.80938;-0.82007;-0.82536;-0.82732;-0.095574;0.30757;0.30806;0.30515;0.32038;-0.74872;-0.64119;-0.79571;-0.065131;-0.10758;0.048488;-0.71293;-0.93065;-0.59719;-0.90689;-0.88622;-0.94139;-0.92087;-0.9617;0.18235;-0.59355;0.15367;0.51511;0.2989;-0.66218;0.036066;-0.013303
109;5;Ps;2;-0.31374;0.01612;0.3497;-0.15684;0.73049;0.3496;-0.62865;-0.39012;-0.074499;-0.71364;-0.069936;0.099554;-0.021429;-0.14839;-0.26923;-0.30556;-0.69811;-0.77273;-0.82688;-0.86892;-0.90174;-0.60707;-0.43395;-0.77005;-0.81661;-0.79681;-0.99912;-0.72378;-0.78412;-0.83417;-0.77763;-0.80759;-0.035277;0.29156;0.29661;0.28629;0.30735;-0.84983;-0.68789;-0.83909;0.037507;-0.070688;0.10862;-0.80045;-0.92769;-0.64476;-0.94353;-0.91684;-0.94006;-0.92257;-0.9549;0.32178;-0.4362;0.37005;0.59412;0.38717;-0.54353;0.15463;0.058182
110;5;Ps;3;-0.3414;-0.2558;0.1948;0.4289;0.51416;0.10905;-0.58621;-0.36492;-0.34097;-0.71985;-0.27157;-0.022288;-0.1;-0.032258;-0.25;-0.27778;-0.24528;-0.22727;-0.82278;-0.87511;-0.66899;-0.99232;-0.9277;-0.90993;-0.97271;-0.80325;-0.93541;-0.64214;-0.76244;-0.80483;-0.76071;-0.79305;-0.045116;0.28606;0.29051;0.28111;0.30089;-0.79022;-0.61279;-0.80034;0.015386;-0.075261;0.10503;-0.81978;-0.92219;-0.70395;-0.94743;-0.92314;-0.93389;-0.9162;-0.95159;0.28447;-0.36436;0.29779;0.5766;0.37166;-0.48511;0.20332;0.095977
111;5;Ps;4;-0.29352;-0.13059;-0.26903;0.5152;-0.026783;0.053905;-0.5305;-0.26988;-0.37321;-0.70069;-0.32879;-0.10253;-0.12143;-0.096774;-0.057692;-0.027778;-0.28302;-0.45455;-0.92897;-0.73617;-0.83286;-0.76142;-0.93541;-0.83445;-0.97123;-0.91996;-0.90162;-0.61484;-0.74425;-0.78664;-0.74191;-0.77286;-0.037591;0.27362;0.27907;0.26823;0.28781;-0.7825;-0.57718;-0.77471;0.017986;-0.064925;0.10963;-0.8401;-0.92778;-0.74459;-0.953;-0.93312;-0.93986;-0.92284;-0.95839;0.27248;-0.33715;0.28811;0.56824;0.35578;-0.44997;0.21434;0.10914
112;5;Ps;5;-0.55859;-0.54031;0.043311;0.78833;0.24018;0.61014;-0.75066;-0.48105;0.032235;-0.70162;0.0036331;0.1679;0.12143;-0.045161;-0.26923;-0.25;-0.13208;-0.22727;-0.72439;-0.88825;-0.87628;0.61096;-0.34092;0.17536;-0.96975;-0.8434;-0.91821;-0.55226;-0.78491;-0.77026;-0.80859;-0.80485;-0.077546;0.29059;0.29002;0.28861;0.30139;-0.63907;-0.58052;-0.71834;-0.075755;-0.078693;0.08163;-0.7491;-0.93773;-0.67557;-0.91702;-0.89856;-0.95234;-0.92949;-0.96932;0.1586;-0.49921;0.074554;0.51367;0.29538;-0.57493;0.10058;0.02923
113;5;Ps;6;-0.59982;-0.18443;-0.47066;0.55936;-0.31694;0.061155;-0.78249;-0.78635;-0.49427;-0.8702;-0.4396;-0.18574;-0.13571;-0.35484;-0.32692;-0.36111;-0.62264;-0.45455;-0.87463;-0.88851;-0.74139;-0.91889;-0.68852;-0.92746;-0.99428;-0.92331;-0.70519;-0.61598;-0.85789;-0.85922;-0.87358;-0.87311;-0.21809;0.30996;0.312;0.30607;0.32534;-0.71485;-0.61454;-0.77011;-0.19301;-0.23008;-0.043434;-0.54512;-0.95362;-0.39503;-0.84967;-0.81628;-0.96393;-0.95105;-0.97724;0.053313;-0.57942;-0.0039942;0.4296;0.23452;-0.62022;0.051217;-0.0020252
114;5;Ps;7;-0.78727;-0.20941;0.16079;0.16608;0.71083;0.70077;-0.87798;-0.88191;-0.62894;-0.90772;-0.57766;-0.30163;-0.17143;-0.12258;-0.15385;-0.027778;-0.16981;-0.27273;-0.88727;-0.73656;-0.74157;-0.97247;-0.97768;-0.59702;-0.97209;-0.70054;-0.93035;-0.33696;-0.86372;-0.86186;-0.88129;-0.88287;-0.35554;0.31674;0.32022;0.31251;0.33037;-0.48025;-0.36605;-0.65848;-0.32562;-0.36968;-0.16275;-0.38688;-0.96728;-0.18258;-0.79259;-0.75437;-0.97392;-0.96787;-0.98461;-0.1376;-0.56433;-0.21446;0.3022;0.12655;-0.64237;0.06077;0.0054889
115;5;Ps;8;-0.47494;-0.14673;0.093393;0.06081;0.37888;0.37944;-0.71883;-0.59015;-0.14685;-0.77842;-0.081744;0.20654;0.16429;-0.032258;-0.13462;-0.055556;-0.32075;-0.63636;-0.76408;-0.87588;-0.8734;-0.99651;-0.98357;-0.54669;-0.74075;-0.6481;-0.94862;-0.52604;-0.74176;-0.73489;-0.76788;-0.77672;-0.20808;0.29491;0.29763;0.29149;0.30589;-0.61498;-0.54797;-0.73896;-0.19336;-0.21425;-0.037122;-0.76969;-0.94675;-0.6772;-0.92317;-0.90658;-0.95123;-0.9406;-0.97246;0.04586;-0.60468;-0.047815;0.43538;0.22576;-0.68261;0.032095;-0.016262
116;5;Ps;9;-0.60121;-0.17937;0.083123;0.58903;0.42816;0.34559;-0.81432;-0.50126;0.10029;-0.67552;0.045413;0.21842;0.092857;-0.0064516;-0.038462;-0.36111;-0.58491;-0.63636;-0.85359;-0.85238;-0.8698;-0.19797;-0.6794;0.29985;-0.9355;-0.87111;-0.89669;-0.56635;-0.75427;-0.74256;-0.77848;-0.78098;-0.11816;0.28676;0.28912;0.28407;0.29462;-0.62978;-0.59417;-0.73818;-0.10362;-0.12447;0.040431;-0.78221;-0.93635;-0.70229;-0.92885;-0.91175;-0.94628;-0.92964;-0.9685;0.17835;-0.56684;0.10329;0.52288;0.30348;-0.63115;0.056289;0.0025833
117;5;Ps;10;-0.59177;-0.33608;0.55281;0.7337;0.71417;0.69465;-0.77719;-0.47169;0.098854;-0.68065;0.045413;0.24517;0.15714;0.0064516;-0.23077;-0.33333;-0.4717;-0.45455;-0.96676;-0.8895;-0.93403;-0.99791;-0.99115;-0.90234;-0.99937;-0.86648;-0.84067;-0.55634;-0.74636;-0.73205;-0.77278;-0.77235;-0.11959;0.28478;0.28598;0.28257;0.29333;-0.62518;-0.58858;-0.72956;-0.11091;-0.12282;0.038776;-0.7881;-0.93577;-0.71184;-0.93052;-0.91515;-0.94696;-0.9276;-0.96801;0.15257;-0.56834;0.072146;0.50888;0.28643;-0.63443;0.056095;0.0053223
118;5;Ps;11;-0.72183;-0.45203;0.20703;0.55235;0.47707;0.4467;-0.80637;-0.50071;0.096705;-0.68038;0.099909;0.2422;0.18571;-0.058065;-0.13462;-0.083333;-0.16981;-0.40909;-0.84642;-0.83869;-0.94889;-0.89378;-0.90673;-0.60622;-0.93631;-0.93542;-0.70204;-0.41831;-0.73359;-0.62059;-0.79991;-0.78912;-0.17046;0.26647;0.26949;0.26459;0.26862;-0.33922;-0.55082;-0.7137;-0.24735;-0.13271;0.0099405;-0.74496;-0.9235;-0.68407;-0.90429;-0.88799;-0.94296;-0.89508;-0.94426;0.0058999;-0.66705;-0.15381;0.42933;0.21026;-0.7161;-0.031064;-0.088608
119;5;Ps;12;-0.60558;-0.14007;0.059026;-0.47715;0.36294;0.1895;-0.76923;-0.71119;-0.36032;-0.8289;-0.36421;-0.21842;-0.35714;-0.32903;-0.28846;-0.33333;-0.58491;-0.45455;-0.96735;-0.89791;-0.85567;-0.99462;-0.99844;-0.8901;-0.98426;-0.91814;-0.82108;-0.61206;-0.82743;-0.83173;-0.84366;-0.84734;-0.17178;0.28541;0.29612;0.27823;0.2944;-0.69612;-0.62408;-0.77743;-0.13399;-0.18982;-0.0058943;-0.64984;-0.94051;-0.50439;-0.88632;-0.85756;-0.93624;-0.9371;-0.97035;0.20116;-0.57931;0.14783;0.52806;0.33117;-0.67599;0.054851;-0.0012895
120;5;Ps;13;-0.49548;-0.1325;0.33895;-0.034935;0.78194;0.47856;-0.71353;-0.33345;0.053725;-0.6402;-0.010899;0.12927;0.021429;-0.10968;-0.23077;-0.22222;-0.58491;-0.54545;-0.70106;-0.49201;-0.81569;-0.9814;-0.70785;-0.7313;-0.89075;-0.92256;-0.83696;-0.56275;-0.7757;-0.72495;-0.81775;-0.80543;-0.021772;0.27668;0.282;0.27371;0.27925;-0.58124;-0.63992;-0.7582;-0.037752;-0.011299;0.1174;-0.76761;-0.91925;-0.71207;-0.91797;-0.90195;-0.92223;-0.90434;-0.95512;0.21847;-0.50742;0.12004;0.5589;0.32054;-0.60932;0.090354;0.0045624
121;5;Ps;14;-0.44799;-0.0089724;0.48364;0.93158;0.83661;-0.16772;-0.72149;-0.32241;0.17049;-0.62914;0.11172;0.28975;0.071429;-0.045161;-0.17308;-0.30556;-0.50943;-0.27273;-0.79768;-0.80475;-0.85184;-0.94124;-0.97872;-0.82784;-0.98888;-0.28086;-0.96029;-0.58505;-0.73258;-0.67931;-0.77776;-0.7704;-0.078569;0.2656;0.27093;0.26288;0.26696;-0.59875;-0.64848;-0.76374;-0.095889;-0.067431;0.069135;-0.82084;-0.9353;-0.77279;-0.9374;-0.9235;-0.94549;-0.92129;-0.96488;0.19533;-0.52861;0.087319;0.54427;0.30647;-0.62853;0.079216;0.013611
122;5;Ps;15;-0.41319;-0.24428;0.019247;0.20828;0.52073;0.84111;-0.69496;-0.19649;0.12536;-0.57854;0.11535;0.26003;0.15;-0.058065;-0.23077;-0.083333;-0.20755;-0.13636;-0.87053;-0.96401;-0.92933;-0.35582;-0.84384;-0.93401;-1;-0.97101;-0.98936;-0.46643;-0.66426;-0.66469;-0.6902;-0.70419;-0.080534;0.25494;0.26378;0.25019;0.25652;-0.58552;-0.49678;-0.71222;-0.056352;-0.089459;0.061874;-0.86553;-0.93516;-0.8006;-0.9572;-0.94579;-0.94158;-0.92728;-0.96425;0.2085;-0.42728;0.1297;0.54467;0.32597;-0.55578;0.15505;0.064429
123;5;Ps;16;-0.47235;0.28187;0.36416;-0.16678;0.7486;0.28577;-0.72414;-0.60561;-0.26934;-0.78487;-0.20073;0.099554;0.092857;-0.17419;-0.15385;-0.27778;-0.32075;-0.22727;-0.93847;-0.65594;-0.64865;-0.99473;-0.92874;-0.84327;-0.93533;-0.95934;-0.84701;-0.6044;-0.8031;-0.81609;-0.81525;-0.82901;-0.13913;0.28264;0.29232;0.2758;0.29272;-0.70583;-0.60495;-0.78535;-0.098498;-0.15907;0.024536;-0.71529;-0.93737;-0.57892;-0.91021;-0.88196;-0.93721;-0.93367;-0.9639;0.15041;-0.54839;0.080665;0.49902;0.30637;-0.64816;0.080021;-0.0010608
124;5;Ps;17;-0.42323;0.078271;1;0.44757;0.96118;0.96265;-0.69496;0.35428;-0.15544;-0.28593;-0.15531;0.060921;-0.10714;-0.34194;-0.34615;-0.25;-0.69811;-0.5;-0.71666;-0.84536;-0.84375;-0.92608;-0.94821;-0.64914;-0.93992;-0.97087;-0.96463;-0.32349;-0.65348;-0.71886;-0.64105;-0.70056;0.078504;0.21986;0.24193;0.20899;0.21836;-0.61605;-0.2808;-0.66872;0.12979;0.056062;0.19582;-0.89787;-0.94575;-0.80143;-0.97305;-0.95646;-0.93689;-0.94709;-0.96333;0.3762;-0.22389;0.34987;0.64469;0.42903;-0.39133;0.29555;0.16426
125;5;Ps;18;-0.45835;-0.23486;-0.12675;0.59298;0.10931;0.13636;-0.64721;-0.81834;-0.68481;-0.91733;-0.66213;-0.53046;-0.48571;-0.43226;-0.28846;-0.33333;-0.50943;-0.27273;0.30626;-0.41237;-0.62621;-0.96267;-0.95875;-0.65736;-0.72998;-0.93345;-0.86177;-0.33378;-0.85642;-0.82612;-0.88737;-0.874;-0.28859;0.2897;0.29407;0.28535;0.29984;-0.45977;-0.40099;-0.612;-0.33663;-0.26302;-0.10379;-0.38888;-0.92497;-0.2821;-0.77843;-0.73974;-0.94825;-0.9077;-0.94496;-0.16611;-0.62964;-0.308;0.30794;0.079221;-0.62522;-0.0083712;-0.09197
126;5;Ps;19;-0.59346;-0.29178;-0.39795;0.53018;0.072988;0.22699;-0.71618;-0.6946;-0.38109;-0.83683;-0.34151;-0.11738;-0.16429;-0.13548;-0.26923;-0.30556;-0.4717;-0.63636;-0.53283;-0.74582;-0.54146;-0.926;-0.94009;-0.98819;-0.93532;-0.99653;-0.99843;-0.56773;-0.81845;-0.82869;-0.83158;-0.83793;-0.18475;0.28965;0.2982;0.28345;0.29945;-0.69542;-0.56253;-0.74188;-0.14099;-0.20593;-0.016933;-0.66683;-0.941;-0.5393;-0.89183;-0.86509;-0.95266;-0.93738;-0.97067;0.11591;-0.50409;0.084278;0.46781;0.27179;-0.56939;0.10015;0.035074
127;5;Ps;20;-0.87419;-0.48702;-0.23881;0.584;-0.039689;0.18374;-0.87931;-0.92485;-0.75143;-0.93906;-0.74024;-0.66716;-0.64286;-0.53548;-0.5;-0.52778;-0.50943;-0.45455;-0.56877;-0.60017;-0.71545;-0.97582;-0.85072;-0.82825;-0.83439;0.061849;-0.72082;-0.42544;-0.91693;-0.8889;-0.94124;-0.9301;-0.31293;0.30339;0.31005;0.29802;0.31266;-0.32763;-0.54212;-0.71247;-0.38033;-0.28263;-0.099828;-0.063283;-0.9531;0.20668;-0.6704;-0.62835;-0.9603;-0.94497;-0.9764;0.019661;-0.60276;-0.30154;0.46966;0.28696;-0.686;0.033141;-0.012769
128;5;Ps;21;-1;-0.3336;0.28189;0.75342;0.64209;0.33897;-0.98143;-0.83727;-0.63467;-0.83071;-0.58129;-0.27192;-0.23571;-0.26452;-0.23077;-0.30556;-0.4717;-0.22727;-0.97783;-0.8749;-0.72614;-0.98833;-0.99222;-0.44777;-0.83838;-0.97678;-0.29675;-0.48718;-0.90109;-0.9181;-0.90832;-0.91123;-0.17368;0.30575;0.31702;0.29789;0.31651;-0.66535;-0.47703;-0.74963;-0.10822;-0.20324;-0.019335;-0.30713;-0.91843;0.046112;-0.78252;-0.72366;-0.91823;-0.91456;-0.94258;0.10274;-0.42843;0.11372;0.44204;0.27513;-0.52977;0.15238;0.038237