number,classNumber,className,numberInClass,1 V,2 V,3 V,4 V,5 V,6 V,7 V,8 V,9 V,10 V,11 V,12 V,13 V,14 V,15 V,16 V,17 V,18 V,19 V,20 V,21 V,22 V,23 V,24 V,25 V,26 V,27 V,28 V,29 V,30 V,31 V,32 V,33 V,34 V,35 V,36 V,37 V,38 V,39 V,40 V,41 V,42 V,43 V,44 V,45 V,46 V,47 V,48 V,49 V,50 V,51 V,52 V,53 V,54 V,55 V,56 V,57 V,58 V,59 V,60 V
1,1,Pi,1,607.5837524,1103.898747,5822.143533,4244.773233,7543.422444,2322.908062,6737.048872,12424.63192,7917.131885,7989.402576,6960.562238,6190.431935,22633.28367,27370.58268,21961.46152,14736.8006,20009.79341,28785.45104,23380.14639,24948.54784,607.5837524,635.5038871,2080.974866,2042.415234,83802.17158,86937.48625,9197.367509,92432.73272,35030.03466,79743.90267,196118.7135,152269.9701,161521.1535,149213.7601,134417.2205,132223.6126,216991.8047,162199.4751,412903.5315,138127.3712,4.059858465,495.7001119,273.3904139,9378.551012,1383.271039,95.33314798,4520.456302,2847.453517,4572.050691,3786.662991,9374.528173,3059.657235,4848.054178,8582.459489,6535.159482,5918.504949,6698.574716,6802.509869,11532.6954,7055.439498
2,1,Pi,2,1402.996835,10268.42339,7564.439064,9146.318404,6816.927443,9397.114859,10402.35608,5354.284291,2244.699746,13007.60503,10519.26612,7237.076584,8992.080311,13134.54895,5369.88305,12775.49704,8979.932509,7051.776511,9869.311171,9464.408152,1402.996835,1465.042276,17833.46795,17863.6113,27100.32261,73448.84655,40966.51217,89497.16139,117120.4406,64049.58668,111436.3358,71339.11511,138021.2028,90651.36036,18634.16759,141813.9698,114738.4085,119505.5022,40220.84259,84199.3651,1251.279066,4453.242905,206.7208257,2427.060993,3740.79538,3396.237136,3997.771993,11147.02519,1403.07274,4372.327341,2883.914643,9520.456697,4367.201481,10165.07967,10785.50552,5029.44029,11332.63404,10520.27732,11288.74381,12905.9669
3,1,Pi,3,268.0964558,1543.994222,2662.538145,5026.738678,6975.65077,8324.134197,4517.843525,6848.3859,12468.35247,1950.75928,8343.823656,10293.00701,5730.287112,15574.4202,6401.735102,10147.29431,6096.481353,13358.13362,9250.530883,10736.61208,268.0964558,9805.383876,14635.40797,25261.13855,13728.29572,50289.83917,13483.7965,24926.20779,26074.05931,44407.67007,53615.7896,251062.142,148642.1443,132452.9513,318040.667,88023.64515,78136.08622,165467.6354,257332.9617,230963.4958,8.311605355,663.8351732,745.1929284,751.1400141,3920.873618,906.5268387,5205.412054,977.7180476,2433.562157,3665.906087,1673.72395,3231.492935,6216.445805,11751.0527,5028.729922,12950.16953,8868.784792,6053.744696,13615.7879,7974.951227
4,1,Pi,4,2362.429002,4758.187688,6815.032033,6894.862298,5269.505411,5692.529918,5400.625509,3661.859473,5618.036851,6754.383805,3586.770107,9543.078882,18163.81998,6050.562637,7939.923214,10707.14243,11819.15655,12364.77788,17525.56863,16350.0892,2362.429002,11871.33236,23182.46437,123285.358,138378.5359,146381.5685,110390.5397,149528.7108,182248.892,100275.6381,186441.8965,150411.571,104684.6244,99654.58799,189798.7651,105007.1289,194088.7896,222803.5459,227628.7607,101833.9717,257.9807664,584.9535685,165.4698159,249.3297037,1259.477985,11538.3553,1537.90249,4291.06762,2268.146402,23740.78065,2938.917327,9260.856134,4558.210061,2116.047369,9892.645127,12861.25285,9316.012651,12361.94972,6387.543743,2892.552694
5,1,Pi,5,689.066336,980.1492478,3469.790875,7293.352121,10584.57503,9101.021338,8701.60656,20815.25725,17690.91427,21260.96472,26387.81654,34069.84008,24359.17456,25757.75798,16129.36391,20236.30441,16345.38155,34976.49417,35105.75634,30110.88634,689.066336,26228.90162,63647.60925,31245.97915,69023.18175,72899.47714,60773.21816,23336.96366,62244.64761,93803.69543,167262.3408,134144.5713,98027.00544,204789.1654,62539.35198,142785.829,174894.863,156885.5186,134314.79,191044.0244,89.09814389,129.794939,1427.612296,1753.705257,9563.288623,4652.1273,2551.840107,2341.079276,7818.060486,7976.097314,3045.842232,11113.5329,9460.791731,11094.75115,11835.4853,13271.66584,11757.48681,11441.20406,8320.902266,12725.59288
6,1,Pi,6,134.3879232,6385.295952,2803.540289,5739.224579,7995.293737,5831.067787,3905.004503,11664.82984,4168.168612,7615.683724,18202.66742,13748.9152,12710.54383,10158.03632,12756.41747,10223.82226,23026.66219,14108.12116,14787.70979,19914.53458,134.3879232,39456.08248,31826.86463,46802.96444,87661.90707,78415.87952,91304.87155,173248.2147,34804.89475,122139.1158,176760.4699,179948.9626,143309.2177,187362.4579,184004.05,208647.9829,72003.26331,178660.5294,267820.6089,76231.17788,13.04499534,419.6576687,336.1346506,3837.005668,345.8966897,438.0202211,2909.492563,3070.17919,2016.715241,1371.490213,7775.759644,3391.377346,3668.431279,4772.285234,7819.358007,4660.098133,3297.044865,9191.426718,11149.92848,13969.71061
7,1,Pi,7,80.46714843,3358.324492,1928.663219,842.9091284,2218.943001,11684.77741,5392.980218,3314.390647,10103.12193,8091.056518,8474.982374,14237.71605,10907.03984,9471.458183,13172.44586,14573.0582,11034.20289,19913.03334,17804.73074,12121.45236,80.46714843,83.67858965,40428.11919,42667.40109,141781.839,150220.8232,155531.8318,163889.2535,148492.4751,32994.28096,154777.0675,145730.0019,172308.1309,165095.1455,164534.9364,166266.0023,234819.3906,162988.1527,300260.7065,251163.7812,5.032596888,450.2234817,255.4639368,116.8550826,1511.846983,5410.916818,2436.011356,1758.47092,3005.913571,2948.548167,6875.899272,2438.280189,8366.423501,2413.457106,6907.266674,11880.984,2251.564498,9219.221242,11983.36395,7947.813167
8,1,Pi,8,89.59555422,776.0972031,902.8504847,3940.213962,3076.278786,7893.157494,6305.269148,7785.335672,5913.260662,17562.37126,12445.01382,17397.90425,23576.0565,16597.85,21020.94451,12165.98695,11932.84383,19415.17157,14314.80108,16188.28754,89.59555422,85.44551689,24331.4098,11616.32865,23082.10473,21389.43856,56573.76866,37282.90766,42576.35543,24456.9975,61915.32516,14000.0807,53718.53264,17096.64205,72086.64999,43814.11723,11088.48964,36929.74548,42125.3435,41299.58613,34.52092789,330.8230951,210.9716442,2112.284453,1422.203623,693.6742218,4772.477443,2040.567217,5019.465285,2256.514308,4681.987695,6328.477782,5974.841874,2490.838731,5027.048883,8438.203382,4474.358363,4660.767596,14217.79349,17083.81201
9,1,Pi,9,1020.158862,3973.513984,2098.392286,2217.659147,4758.603575,5205.051979,6836.413689,4636.989042,9507.575088,18219.81251,11436.53709,14164.68531,11670.42262,12135.73394,11779.88662,14118.01607,24021.75778,23481.63677,15614.42421,11984.9172,1020.158862,51333.05031,74748.64731,67961.85029,75821.78432,71221.82117,8342.190508,55094.08704,76835.69015,15760.31733,88072.05325,107318.3354,25778.79103,53625.49286,23560.95211,14348.82003,32989.39248,24906.36227,54361.2877,53775.42737,1184.104856,2586.440891,1789.092662,705.1607516,2921.407764,3491.564195,5452.547565,3946.185579,8479.382759,7689.0856,16455.92141,5988.919235,9734.046618,10122.72316,10035.51021,7563.432482,20815.99015,12344.59531,12108.56786,17630.07867
10,1,Pi,10,2389.214285,6969.04856,12724.65187,6609.465801,16659.66261,14741.7079,10986.01434,14314.46123,17493.4565,13011.476,26108.67818,13244.69449,27808.30781,27793.56014,14349.80789,31333.17509,21781.0258,37383.97739,43475.60623,21135.35614,2389.214285,128484.4958,40576.67753,47379.41581,16677.56796,167992.4428,46092.77023,34607.16291,170342.0998,51660.90678,197923.7939,40786.25671,215572.6122,68931.21182,160804.482,130907.711,198691.7884,79335.66158,102747.138,141171.5231,156.3181713,799.0445443,2191.027229,1465.519713,2929.176627,1334.544338,6626.8974,3370.794362,5035.938929,5127.819507,6721.574124,7916.38612,9623.207305,5301.075339,10354.3206,3935.907245,9947.138376,5652.866145,10794.55004,19207.27173
11,1,Pi,11,2013.064774,3500.284306,5104.206507,6655.857554,2715.805911,6576.936954,7942.982529,10919.95237,12762.64333,10143.32473,14964.00633,19178.97228,15476.1367,11461.86859,24757.1597,27361.88557,17508.24022,20974.44111,18316.17003,44676.17337,2013.064774,2037.254748,184199.4214,197513.2523,17168.58643,28467.29306,34146.62084,31205.54695,50334.79062,50900.09286,58965.99297,113791.7375,147308.9977,126011.6481,127572.3711,124275.897,57340.68776,70891.97365,113350.9409,103108.0425,701.1593663,1220.448485,836.3279063,2189.53503,6394.950036,19879.18737,4138.622255,10710.3743,12553.92362,6866.787762,6381.733974,9938.235594,10231.7322,10295.24981,13705.87834,13784.91653,12324.16712,13448.14,9051.49527,11546.07183
12,1,Pi,12,894.5443215,5882.587326,1105.172552,2856.561456,4401.372801,6723.778666,6471.092512,13779.78306,8685.240983,9799.212841,13969.34344,14432.32017,16685.53309,14800.2813,16825.67439,13225.31689,12705.25049,15795.8598,24672.41525,14289.94611,894.5443215,18032.39581,29902.79836,31395.56137,111552.9942,114316.5571,113597.8217,114325.9167,71220.74447,123597.7917,125820.1911,122279.0438,157181.9145,132755.6644,135332.35,111996.0254,245866.6205,116057.9703,100198.5798,308422.7037,11.696255,2366.427411,313.593874,1294.234996,998.6956011,3563.833504,2606.166619,2088.569313,5460.475465,12156.43408,6102.113724,3683.324546,6425.178899,3600.210283,3098.251488,2977.438783,6973.331302,3362.468974,5064.931477,4697.972683
13,1,Pi,13,14.62135031,2781.982481,4980.540462,15959.43575,24621.15136,24221.32565,16113.8875,29500.92975,7930.551136,12575.41561,10495.58841,52786.54544,53646.02091,56986.77982,12258.80209,22295.78525,56744.22002,16543.9234,99036.29258,17421.67395,14.62135031,52951.73035,72671.59316,140226.2818,88189.90951,230333.7464,107666.6976,234471.4318,156839.6255,162878.3516,283256.3359,160664.536,278407.8,80590.49422,130889.0579,159455.7293,201484.399,189235.1481,214933.7183,95615.88381,0.324006904,971.1734475,1093.773104,5639.075048,5208.210305,4777.827874,4287.62592,6404.126015,5247.310484,2109.696758,3855.968359,4926.916995,4418.202634,4481.116727,6731.41776,8233.520273,5657.388452,11406.45309,25612.60406,7917.032134
14,1,Pi,14,1337.303251,11143.26776,11945.37932,4121.876512,4067.390206,6156.144686,7119.356773,8721.295118,19522.91972,11364.37138,12072.75075,9738.457048,7731.613851,5637.793277,14011.78778,10199.24824,14523.44144,12386.3776,15955.01649,16569.71445,1337.303251,1523.195166,2541.561412,16563.20558,14445.96955,22198.68501,38238.00748,31477.7815,54565.85184,36795.37867,37516.73095,139140.9119,144108.317,51443.11224,84572.8693,67328.67223,72230.42242,293379.8341,121921.9647,112141.1671,405.9079955,2266.860251,6516.634862,8833.208755,2350.800863,3254.73804,4737.855158,3753.660768,3982.609372,4631.255307,6710.109889,9287.843368,3044.104567,6946.254128,47616.0768,8808.741391,4900.674731,13458.6363,15585.1861,12871.19711
15,1,Pi,15,2045.036709,9599.966286,4333.102726,6942.861444,4803.164944,8801.603629,9436.923549,14541.15905,7284.959856,12157.2127,8501.821592,23955.51612,13683.71157,6775.454136,13780.25314,14473.36515,18770.30309,33043.27073,12925.19855,12129.80591,2045.036709,11477.28768,29100.81858,36128.00605,48871.16152,25146.3458,22386.75726,51205.43616,38276.38711,112598.2252,91322.24662,55313.85222,39613.46341,41058.60002,26918.13299,48149.77646,41588.25857,22622.51717,84586.0928,49925.30263,808.1079994,3058.325954,2103.780095,1911.127613,3648.077616,8873.193165,9710.252709,4920.730191,17041.5213,8972.075736,3949.113534,17516.98087,33043.61937,5813.909841,10623.53308,9844.033072,14123.09197,10961.04932,26511.27675,7015.700943
16,1,Pi,16,2853.965028,7836.914757,2899.341546,4141.562197,21167.61681,20114.08968,13543.07092,7966.610884,20352.11623,12162.46062,12512.16574,11717.72345,24269.60654,20980.46418,8889.812794,19049.6286,25112.98025,21467.3324,22487.1258,32273.9632,2853.965028,16495.21933,10330.49665,11144.53211,5405.549441,24659.27783,15819.59979,32632.63685,88937.7985,85418.8408,99242.07698,60984.43927,48286.38643,68796.50564,92772.80015,96316.53316,76354.10863,43893.14409,94072.20173,146294.0596,169.8778108,1834.981001,1281.978156,4637.930629,6544.779986,12979.19877,7516.470778,8778.030791,11192.10962,6835.27983,11614.36248,7327.761509,19852.42484,11814.11655,12319.63918,9967.547151,16167.30026,14466.68424,9536.142351,17438.99912
17,1,Pi,17,53.83263744,3126.417547,1937.301093,7244.8317,8309.511522,13804.453,16348.19676,15101.99926,9301.590876,4642.70761,10383.8439,12118.83564,9738.078396,7958.084354,15631.50172,15537.08216,16150.6741,22146.68261,17913.59682,10223.71852,53.83263744,57.56244287,1552.625604,14357.98095,51.60666016,3920.992966,23667.98898,67934.79816,118589.3829,35218.79576,42189.76513,47854.38136,61835.84163,51569.50262,51975.30952,42294.19466,33888.62585,98460.41883,141338.7903,44034.28187,0.374541239,21.64334592,714.5239211,1956.085416,1950.31573,2413.149333,3643.748602,6982.718731,8922.310922,8586.421779,3737.559264,2034.524084,5183.702977,2934.549748,3782.875389,4847.017433,5173.850814,2597.591147,6548.156969,2925.879827
18,1,Pi,18,290.5449405,3191.518752,5821.199852,6458.524975,4653.938104,761.7885249,8635.79533,3434.412017,3410.633199,8461.613549,2841.248236,12079.62135,8865.103314,10569.406,12899.5532,21097.35134,13126.07502,16953.70368,20249.50078,20936.34654,290.5449405,277.3710919,1624.923594,1728.250718,3013.040038,9535.145651,13368.55393,17456.73714,34200.66946,32255.2626,115069.6619,52314.3801,51869.64882,92261.91885,109542.0763,22665.31857,109726.4608,104209.8551,47226.45848,97968.77458,0,1636.363483,782.546796,1363.090298,430.1198945,842.1000945,2146.283703,2362.603332,1903.251463,9411.224659,5028.405351,3263.436239,6448.697613,3017.037831,5534.174264,6835.183969,3359.244621,11818.06258,12011.92186,14005.48166
19,1,Pi,19,856.7802254,3232.862053,4883.748325,2273.371761,2442.11928,4354.735054,5718.234347,2137.103167,5602.784699,7265.50702,5500.372899,7656.943714,5518.402074,6883.573049,10380.90268,19607.69637,12320.92364,8334.222946,12260.81398,17102.03651,856.7802254,839.7674096,103294.0002,13921.19826,3570.163962,3513.162147,5362.34156,11847.78306,22691.2357,16639.02954,11414.51708,6630.406332,34314.23119,29683.82363,17132.89123,41642.18795,26693.25503,37812.8151,66267.40838,33374.5141,5.103449181,209.9032705,1974.334564,147.6114428,2611.180023,3280.681849,806.8837599,1704.270869,1923.38626,1759.322088,5991.727381,7643.59487,5883.719798,1275.505013,4321.008048,2746.156307,1636.872175,5449.116172,6109.114112,8434.773568
20,1,Pi,20,1577.178232,552.9278339,5105.616798,1000.377945,10543.46762,4476.202727,6887.078651,7224.369169,7094.584615,8616.517537,6321.468585,10056.66034,16311.83705,13858.17327,14105.41018,17673.88758,13420.49257,11032.8059,11350.05948,12113.42891,1577.178232,1561.198272,2839.214644,27324.57612,23291.02503,19186.85571,14686.52133,59194.0852,63286.44849,81338.57255,151223.1418,121138.0652,89871.07338,108442.3584,90936.19097,85196.90636,163871.919,74666.63539,89958.24098,106063.8887,25.05389825,46.56783133,158.5299304,106.7028266,1451.491187,1274.184722,1164.704341,1217.128219,184.9445337,695.001345,1869.084949,1048.417422,1998.829676,1606.05871,406.5935678,3256.147439,3217.905475,7067.953117,2668.183501,8941.766592
21,1,Pi,21,1375.307792,5791.881386,492.5648238,1720.009068,1560.940918,1289.062041,10677.87764,9791.289127,8063.456183,8185.944773,10432.89306,10971.2642,18058.32312,10212.99123,11476.95733,8579.186162,10944.50571,14012.44996,13282.21612,16065.111,1375.307792,48333.48946,10059.03797,54029.85881,56103.96192,45034.2956,56459.12651,50300.90299,72710.36726,36916.7774,29638.22353,26840.51475,45189.65548,54286.73679,27525.46566,27523.46973,47511.439,101939.7587,53138.93533,50879.6605,198.71997,1247.735547,130.6000669,148.4803526,897.150021,2084.005815,3804.028614,5456.959528,4227.532522,6355.397952,4580.966111,5530.782382,5652.090525,2434.518198,1100.63387,2506.868216,4088.69963,2552.896004,1609.046336,2535.248827
22,1,Pi,22,876.0557865,3554.567888,5154.652474,4876.045538,4902.277266,8433.7787,4876.488539,11334.88837,6072.024222,9263.586531,9443.292975,4942.366326,24870.2818,10342.00459,15440.62379,8253.329531,11643.77096,14451.88189,16111.73415,15636.8254,876.0557865,899.936164,4541.546174,30119.49171,24126.33041,48211.60573,38262.76626,53094.52445,55228.57401,35599.41111,48236.06316,59775.02037,59224.6191,81827.90578,42660.63435,73017.11027,50699.59948,37845.40001,51982.17675,125541.3331,56.15869669,92.60313379,352.6670191,548.4526589,943.7771144,2323.204957,3919.741502,7501.064566,1543.867828,5489.566852,9542.91297,4755.550326,3744.31657,14187.39739,4495.05643,5942.490827,3075.852832,18426.29168,8610.004311,14013.57726
23,2,E7,1,765.8058476,3505.865395,3206.204148,6126.813237,2864.764222,10029.77371,1634.323623,3743.734654,4988.552616,11720.64044,6267.91943,5491.104237,13654.34728,15117.57949,8307.840894,8275.924959,9193.199776,8832.749125,6606.10126,10181.29455,765.8058476,3504.210081,3561.691091,5440.07424,3394.044287,458.7087096,7775.10592,12621.50947,116787.8985,9422.004622,6454.383795,5871.198298,5828.977267,9478.066261,13706.82458,46434.03365,117474.5787,52517.57074,17030.57519,68589.92773,197.4815404,825.5749546,1177.756374,4307.25816,3449.770999,2020.899758,3145.023906,6920.683782,5950.22316,4664.777597,2761.12194,8062.80095,4369.98464,3450.731818,7206.683869,4776.475238,10156.2416,7760.86519,3842.68612,14804.37721
24,2,E7,2,1220.382105,3558.10421,18892.28262,13210.67016,5684.93281,1861.617682,15733.70035,5816.035197,22430.19502,18140.40469,8201.783894,13627.90142,27303.69725,15075.35583,10579.69299,14255.2935,9993.208773,15269.18987,8937.111332,16327.04624,1220.382105,3688.763381,5860.229826,8131.035233,2881.349505,19203.17622,12063.3095,8469.618605,22195.22121,14942.15437,25030.74552,18750.14488,51048.42279,41446.00972,29708.50508,27321.64273,15065.77362,25218.18596,24985.66612,33411.43716,10.05224617,88.46039445,2219.204244,1015.126241,591.7751589,6298.130161,565.4487591,1891.725245,1359.190212,1708.356514,4757.129052,4497.046604,8925.368914,3962.908432,6680.19709,6160.920664,6839.066278,7337.106986,12774.93452,9509.694917
25,2,E7,3,2083.280818,4008.557344,6591.654298,2714.370953,3348.244372,8724.172711,4792.80816,6049.344092,5347.060767,9038.703334,5625.673914,4746.249823,9063.217009,7967.738737,8772.549119,13447.35444,12919.37222,6349.903169,11495.72834,10131.91154,2083.280818,11750.50147,15915.04145,20109.24705,29060.51512,29575.65666,18175.83776,31365.71798,82306.39249,29807.12095,54819.32789,59117.18003,55503.6006,66266.64446,33038.62834,42022.34534,89987.33878,40665.00632,140594.8557,75955.58944,357.3061318,631.3110209,1752.294319,670.6571638,2648.805283,1621.796232,2972.119759,3548.804458,2649.608611,1179.033808,5187.896024,1939.623025,1246.158011,1450.304417,2152.820258,1887.418873,2935.452661,5202.533833,4739.977615,6279.135587
26,2,E7,4,3.770358908,2947.718653,1001.980922,2219.826242,4903.898621,4341.913372,4014.041059,8644.116073,4049.21902,3435.465229,6802.826024,4405.367847,4001.009422,5754.286368,10649.85734,3761.095403,5024.281013,4238.506254,8671.723325,7994.744543,3.770358908,7277.836429,8427.095834,12091.4802,11981.36789,73605.60332,27146.8052,64953.95958,48655.68844,83807.2209,132369.0458,79472.72911,129002.5903,20624.88864,63571.43478,48931.79914,56144.29433,133658.5356,142510.2782,141284.253,0.9031565608,540.6332606,503.8547919,280.9633959,328.735435,438.5189717,2158.144796,553.7423595,909.4689189,2495.249808,4123.285243,765.8793224,1758.357278,1954.222088,846.8811994,1002.374274,3113.331137,2797.308483,1828.19647,4392.164461
27,2,E7,5,3.391813783,911.8627561,1410.107138,2677.585263,4045.063436,4668.549073,4666.639579,4535.100065,4445.099858,1739.220645,7867.512415,7908.636517,4571.018177,9898.186688,7523.74002,9003.221376,9302.009646,7067.333973,6682.157245,10140.58144,3.391813783,1608.648362,1903.984958,9554.196886,23424.71508,12295.36071,13796.46367,14972.07106,102510.4245,107545.8039,61231.03997,115123.422,148781.1569,62579.28798,37690.63641,200487.0683,217723.0466,240232.547,132715.1084,184377.2233,0.4329970976,854.4128778,133.8210945,693.3972778,9486.298821,3650.603052,2416.479953,2725.625841,6513.651463,1659.067679,2243.994846,10540.32407,2673.960402,4735.222804,4069.940288,6603.238773,5579.016863,10901.45428,6419.49392,6530.870556
28,2,E7,6,71.45679518,301.3509625,1232.882482,3260.213504,3130.225549,7024.639865,6904.087014,6105.229206,4786.630698,6255.35551,8434.843652,6090.332881,6897.058751,9544.856592,6581.124404,4375.941481,7456.41894,9377.827531,10091.44161,5977.760894,71.45679518,20328.6653,22348.61719,14109.06172,55978.36561,19223.1854,53480.94601,49678.78163,48529.76167,76439.07679,59193.09315,84097.4953,52358.81599,119782.3506,98725.46795,160591.2864,113759.6989,110686.0191,92349.09928,118859.2,12.70913448,47.0336601,445.3075665,1217.45466,628.6844262,4700.913416,5925.790067,2677.556489,4160.325958,2768.201433,3978.162499,2351.820149,3408.363316,2780.519133,8792.294942,7445.724893,7496.935726,7964.87823,5039.182636,14904.9489
29,2,E7,7,28.78335024,457.4226052,428.8774143,499.3451899,518.7113629,1630.973026,2139.197023,1846.326279,1431.356468,1458.05702,1997.125366,1669.440189,2071.546998,2353.021472,1944.091279,2587.608981,2432.037074,2019.744295,1537.479612,1212.565567,28.78335024,116.9914164,310.9016759,4350.654743,6249.03723,2074.321946,2074.130338,17136.97827,23140.62007,18709.60203,18063.0308,5802.365046,4527.519878,27026.95423,13193.06952,23385.32134,26433.02652,12727.12365,34634.3402,12610.55981,0.8599974392,56.76673788,37.2725514,143.1375122,146.0733337,1112.539627,339.7108954,294.7083358,261.2194305,278.4725125,950.951606,1287.311329,1982.425701,1333.062492,2102.69286,621.8438006,531.3556206,632.3394339,1859.08032,1105.412351
30,2,E7,8,15.3052614,643.8269386,144.7213732,418.1657044,1134.585773,1592.522164,1351.137994,651.8913145,949.1661981,512.4683065,1275.468954,1583.694703,2141.339772,1816.372039,1836.07074,1579.246175,1731.392729,3174.517748,2073.899636,3009.000878,15.3052614,649.9714975,391.6117249,567.1402338,1316.173014,1769.00599,1363.683227,6048.929035,2069.179669,2902.915813,3795.401608,6654.439855,28415.5805,5103.994601,11113.77563,19837.98004,5764.171437,5362.335056,11821.48186,34086.00811,3.83741253,153.2790798,31.19769876,211.9344691,885.4562214,467.553457,1269.103207,285.9463978,842.0008579,315.5718924,993.8953815,1360.401626,809.0323912,352.6980606,1231.876304,1013.024677,1599.117172,2534.003148,1228.429857,473.0709332
31,2,E7,9,158.9240087,1049.017586,680.7168306,830.7861959,845.9820011,1961.187594,1739.650555,1552.802623,1314.0204,1325.064187,1014.186999,1823.424315,937.8394915,2434.812884,1324.967417,1474.653102,1299.259681,2510.817178,2194.614942,2842.256986,158.9240087,320.3918703,744.0537674,833.1256437,1171.598312,4933.660769,834.5422097,6382.40675,3512.75398,7709.272255,3278.251053,13517.59955,10643.16084,8360.154954,6184.582567,7330.821189,3207.181347,9717.348277,6555.16665,7201.541015,26.18201074,192.1640446,315.8280475,450.5091678,186.1748382,781.408005,619.468958,195.056746,902.5284728,1501.515925,573.3129165,1456.628765,1162.281048,446.6368776,814.7885704,2017.827068,4514.500378,1735.165301,1815.606105,1313.698469
32,2,E7,10,18.19548438,826.5613469,415.5377342,841.0935187,729.2377137,1616.03275,2174.518529,1328.137567,986.0370214,642.9455317,1608.420789,2435.602967,3299.446061,2481.777581,2691.143791,1273.305434,3095.27928,1955.662583,2104.447362,2301.394112,18.19548438,821.5634509,469.0061771,868.3817289,609.3402276,2067.0325,2162.8716,1492.727736,3987.447214,4560.188476,2459.170841,1096.136678,5733.65022,8907.678533,7562.577272,23091.44092,9145.46175,8659.559974,12293.9721,8207.926094,2.517430389,444.6848462,196.2623915,338.012666,280.5695948,1128.46569,662.0298463,470.6388695,1368.325849,2089.931786,1426.000689,1776.904284,1348.062844,1023.907506,2037.598749,809.7657678,690.8113138,1558.927332,2105.243891,3265.927013
33,2,E7,11,268.2421015,978.5669787,1038.557902,542.9089631,931.3799956,1554.320127,960.449512,1434.525649,1043.523547,2091.955977,1276.088992,2694.833429,3866.902612,4018.503199,1752.644922,976.6308277,1360.369739,3462.074131,2657.056734,4226.731125,268.2421015,999.3642599,236.5805234,468.4700389,670.9400327,1753.235433,1054.004747,826.0845442,7235.256528,3372.159235,7061.766798,10288.29857,5203.330684,19601.60914,5774.676636,5626.786862,12075.59652,21973.61671,6614.271119,22082.51321,21.47679607,51.81906532,586.2846798,428.6658129,695.7521426,860.3170103,316.9582229,671.1395546,475.9869605,2935.095489,1003.713334,1685.529636,2694.956626,1531.388108,1068.644418,1632.547338,2770.254679,1792.238194,1018.597244,3411.904263
34,2,E7,12,16.2228881,919.6434805,400.5115646,145.5894173,1493.373232,1256.613221,1345.790475,1207.212667,1246.131143,2297.283617,1604.65086,4365.073476,2183.590614,1564.710569,3274.391268,3925.468042,3161.953412,2778.583083,2348.119581,2832.757925,16.2228881,818.284192,397.7404963,307.6809223,694.0205513,1252.65799,2169.26488,1359.016495,4493.143463,5301.576489,2549.810226,2212.499607,2014.612011,6881.847687,7347.414052,9414.355034,4269.536714,8198.224998,11768.62384,9025.239156,0.5920728395,161.8227343,7.414713287,410.3290953,341.1335005,1794.088255,215.2883687,468.6260012,701.5586621,295.8885217,509.1270795,532.2060417,528.2463756,2179.188694,1486.13912,486.9751699,740.8640885,842.2895319,1442.594537,1726.046739
35,2,E7,13,55.94160537,901.6860779,570.7052327,458.1780933,1279.981043,1688.136364,1676.12831,2534.534661,1695.142844,1884.090557,2047.873639,2504.996703,2287.160852,1299.201336,2391.605431,3360.304951,3341.518494,2859.747962,3126.027862,3290.914948,55.94160537,890.0691188,551.9045508,508.9457549,1295.720663,1743.008151,3974.887539,1249.327956,1715.518165,2946.959303,6905.071741,3979.531662,3905.340223,3403.00055,5427.657996,4195.168094,3560.115657,6226.303065,2658.071058,8417.934823,7.546355096,61.14000824,104.1248186,207.9114728,1018.867636,1283.174738,636.7005352,448.7550473,344.3240893,402.6776566,532.1697968,598.5332943,1609.998007,1041.02198,679.2331508,2999.016214,1252.057818,2649.407008,1437.863171,1517.089973
36,2,E7,14,178.760891,860.2701703,282.4221685,596.1809957,1138.524901,1925.062926,1560.597968,594.7373889,577.0445167,1051.47259,1437.181102,2186.089561,2296.22697,2144.879593,3327.389105,2249.304438,1900.264701,3222.810062,2115.545071,2747.026072,178.760891,1098.86552,281.6347771,525.3173323,493.273161,1326.236332,1724.438049,1703.654605,845.5634724,8345.532273,2615.910702,2676.113802,1789.993727,3728.529938,3258.862031,3038.38834,6082.947178,2697.938975,8665.279584,8463.307831,59.50520342,502.3429612,457.0658578,250.5556304,592.7221159,1194.870259,174.8494355,521.9555324,370.5757686,683.8516217,742.3258796,668.1674726,660.0618834,531.421448,540.4262771,1494.78522,750.3931599,621.1382983,932.6503234,1546.968542
37,2,E7,15,92.9136009,798.5954845,464.890977,329.6812515,955.3192023,1681.249152,941.3770328,1055.414804,1058.472856,2144.610569,2261.266114,1263.649122,2999.220217,2591.019915,2306.841415,1827.31704,2360.402988,2081.042324,3083.427678,3285.677946,92.9136009,796.1061248,534.8201968,350.2816561,457.6010953,1337.326299,916.2926553,2123.139195,4733.499703,4233.176486,5197.700942,2480.54939,4212.536863,6682.520107,4154.035041,2579.432566,5025.986696,3600.900951,18547.28854,15700.62234,5.613368525,226.5459212,11.18567041,127.0333123,857.5729453,946.4204613,432.8418777,668.1705337,531.1362033,2235.969019,682.6695743,948.2193,838.0057274,822.6790362,471.3969263,230.1086944,495.9794504,1246.553366,935.6581644,962.8046393
38,2,E7,16,5.721837032,63.67406838,162.5837308,689.1198012,1360.28433,1963.450766,1546.346153,1407.647205,685.1487091,664.1032638,1389.875075,1971.799656,1636.97192,1254.902044,3439.774157,1118.089204,2472.75961,1874.676425,2884.856655,923.3313291,5.721837032,63.67406838,408.192595,718.2726426,920.2203522,1708.625025,1897.766314,372.6534523,1030.211932,2317.484117,1910.013812,3185.32751,1923.814192,3021.434819,5037.212549,2035.037956,5122.087137,2277.31894,3036.587854,10988.35013,0.1846807077,15.03291301,15.95545493,81.30455527,203.1677271,1371.498613,1196.007089,160.4079677,645.3191164,615.4501042,1625.415692,492.2519435,304.4023657,362.86188,876.9010863,804.7665596,1639.961121,1583.880822,1830.119841,1232.044667
39,2,E7,17,160.3480751,334.2971209,83.40103925,538.2439728,788.7454361,807.4984105,1456.520609,991.9868133,838.6343757,552.7949961,1774.740138,1853.883732,1132.922487,1460.620521,1215.814641,3124.77294,1928.197663,2083.826334,4301.907141,2057.138404,160.3480751,1126.039017,742.5921592,217.8260502,388.8375945,1213.465487,1541.920592,1298.682668,1031.187089,1311.124289,8564.558004,10891.05587,10259.87871,9362.347062,11662.87314,7634.646762,8568.960756,9764.160347,17986.84026,11900.91861,7.446030419,138.9878223,42.1322396,134.8563054,289.8863512,648.564498,702.4889048,443.0760196,1003.340466,398.1685726,439.4443179,967.5126678,1040.393573,523.4215228,1019.951257,1112.009422,855.5563787,1307.453096,759.2797252,1178.951416
40,2,E7,18,277.8936609,814.5182222,539.427151,470.2507342,1121.749897,1769.802389,2289.193871,1913.025189,1349.395658,734.487123,1337.672666,1158.427673,1414.948328,2034.419338,1837.040644,2981.597985,2790.247285,2323.606198,1653.760031,2505.944463,277.8936609,1259.350573,526.9911377,496.1717832,1091.430238,1037.822663,1705.349792,1431.633729,5195.031659,1991.56002,10998.96894,9609.987484,11326.72198,14997.74683,11420.20674,6289.271938,14676.18349,18045.15854,8954.16259,13413.5098,29.13923915,120.3569628,131.9434035,137.9980104,328.8425163,413.0504436,409.3882035,754.8737896,554.2408423,433.1685205,458.4404713,550.0981028,467.1827344,281.4370976,1045.122663,1224.633289,1235.184281,1740.877638,1468.344454,978.8027545
41,2,E7,19,75.28943049,753.5074075,599.3064356,461.5335495,541.6023081,1357.488229,913.5857808,794.9023026,871.2532014,770.2882383,1688.470204,2186.566006,1425.854858,2530.180221,2246.758192,3609.127874,1764.29674,3191.102266,2433.161012,2767.422911,75.28943049,696.5104126,605.0189297,355.1114542,673.3761787,1549.134875,3677.973152,1928.197908,1480.771821,10904.32645,2052.50638,2160.442492,3731.790389,20284.41603,4428.210478,11381.88751,14692.94564,2096.260788,6595.888991,12820.84723,45.1723058,1065.288887,157.2680879,66.16315006,86.53403885,1028.078371,666.940541,990.078256,1771.943379,911.0108795,1800.008163,2033.981686,1464.274012,1092.833655,1390.827676,1486.822966,2602.277268,1345.042454,1545.193202,3196.827707
42,2,E7,20,83.3899461,680.0053897,128.5588155,537.1372627,577.915173,1526.401201,1397.678308,1256.846245,1656.634571,1652.56249,1639.23939,2236.887393,1741.54164,2323.341814,1498.083301,1878.533619,1215.715296,2081.466066,2633.839784,1714.055916,83.3899461,599.5484522,123.5040184,447.1003106,471.4766198,1141.631551,1451.256071,882.4809197,1638.779259,1018.716465,3840.57414,2370.000364,11267.2138,3689.124243,4657.109044,3591.990542,2275.925174,4135.391349,7955.534679,4306.179259,10.45872089,321.7332221,10.49196499,32.93071683,354.4573226,873.4546348,238.2951425,157.4396312,417.7048929,1144.666715,471.4496977,408.9131293,519.790833,1048.039371,1228.533686,722.4226752,1308.996335,857.9082278,848.0707511,810.6685856
43,2,E7,21,25.70166162,808.7399079,221.351991,241.4923045,1024.068572,860.7020134,1075.835245,1783.218545,1013.116542,1674.895654,2049.312427,2083.833965,1050.830677,1608.529351,1968.542766,1696.664587,2111.297787,1852.764477,2667.42163,2118.673824,25.70166162,809.6000462,456.356269,611.4538463,800.9564114,859.5756949,1047.961904,4040.476481,3896.15364,17781.0738,14697.30212,7680.359665,5886.972209,7274.161282,7818.852051,7306.159329,8332.777986,36811.66402,49484.98641,46045.97973,3.472373728,199.0379245,64.73788336,65.29450883,167.4100278,195.1784037,347.825672,856.8442412,497.7052629,1299.085558,429.9254088,401.7044009,1362.773168,548.381316,1310.499075,484.1532875,1006.395308,411.0967155,2485.660682,1922.398242
44,2,E7,22,362.7778931,951.7181821,354.415905,525.1690041,1114.251357,1087.200496,1129.065376,1612.053104,1545.08304,1627.360135,2558.80789,1510.099668,2100.706589,3131.341837,2841.478086,2210.861986,1546.305508,3591.547402,3163.48269,3179.053554,362.7778931,1258.682329,347.0507104,582.3602774,823.2235294,5292.556438,961.5448288,1500.210227,6434.891894,3631.759524,7229.21323,6803.64389,4987.590984,6575.699693,3618.637545,5035.701297,10634.9649,5230.866999,20580.94526,46744.5871,9.746157814,58.14523027,25.13062478,416.3821847,161.710444,870.5384719,709.3434162,714.1554946,257.5948082,2637.35897,354.4565466,2079.318822,1060.674971,1053.244434,1635.57061,917.6891262,869.2250129,2136.279731,562.1008581,1623.83636
45,2,E7,23,311.7322171,795.1906407,248.7081334,338.026009,1072.693448,1094.004974,878.3933298,1959.721541,1206.824783,1506.605325,2318.24153,2384.777668,2749.256695,2683.454718,2275.86416,1595.226227,3078.77275,1983.599886,2442.760812,2175.287645,311.7322171,795.1906407,232.8655756,343.7519018,644.7514592,1319.44303,2854.574641,2928.277816,6348.650859,4740.99483,3780.639211,4641.46908,6646.423909,6859.651467,7088.644257,7051.267304,3951.549669,96718.95918,8703.042735,21654.65217,77.9769169,177.07566,443.741985,74.23923094,577.9006341,197.3364868,508.167501,905.9691819,450.5006135,1006.816003,228.3398147,825.3150844,1266.593442,1009.595894,1454.597556,1324.979461,1242.110662,1168.123199,922.0170153,1700.714812
46,2,E7,24,11.44691743,784.2850035,395.0858845,394.037859,947.2144975,1876.263693,884.8523016,1142.6464,1161.207388,1918.366982,1699.05383,1373.491261,1445.896939,1454.651434,1932.165899,2617.641452,2113.324102,1638.733805,3316.088846,2521.085326,11.44691743,499.9764394,179.8008662,404.0561322,691.0054705,8516.988779,2486.199359,1633.594578,8797.874842,9209.535784,10147.21814,4272.91137,4390.790742,52118.37015,5858.977254,5298.393018,2638.571196,3897.965687,10821.63426,17185.83037,1.313651824,234.5965015,24.92670669,40.56691166,240.0958137,364.8821077,471.8033146,314.9851234,620.4608326,516.3277315,588.2419651,906.1192131,1373.330461,1512.026578,1134.674886,1824.604745,843.24464,1041.590582,2313.239766,1984.018292
47,2,E7,25,9.9646407,705.1531626,345.8610841,875.875079,919.9626381,2182.413484,419.8689948,1480.036154,769.0882588,1363.076003,1161.233011,2595.47593,1278.148972,1668.562317,821.9632188,1240.040542,2046.710161,2143.552935,2364.917127,1968.291056,9.9646407,690.5203857,343.1212534,912.6007229,418.0520415,1739.792995,2524.877588,4943.780419,3948.184013,3633.18694,3974.002998,7846.900981,2235.089717,2520.108127,2543.28188,2553.212304,9287.926389,12719.49773,2963.627111,2480.780517,2.38726473,297.9027448,660.4587383,226.4040356,109.8855568,1090.605764,840.887028,1232.19207,395.5057664,371.0795833,467.2854472,1357.594787,1002.427437,808.4874493,660.031847,1463.97265,1100.473666,640.7078954,850.3788549,1429.497961
48,3,x5,1,303.6906292,1119.969944,567.3541119,863.1372375,1752.598838,3405.712198,1349.858903,1042.497044,1478.952484,3740.725467,1616.597758,2922.821119,2295.086793,2054.44677,2928.279405,2330.469777,3007.045294,3642.27068,2748.610374,4927.468993,303.6906292,1113.634431,563.6894065,1121.522572,1009.688907,2221.994209,6466.271427,2709.712411,3362.864145,3495.086979,9832.661438,20932.71194,21012.17442,21912.14512,10730.06584,8090.80655,6888.229564,6439.42062,5900.895129,10579.65972,25.15549944,266.0933664,275.9453229,741.0804866,147.2252682,849.1588136,1079.76825,881.042059,972.3797397,1199.78334,2789.792435,2264.213976,1133.852785,2275.959338,3860.152998,2395.181806,1529.766186,2165.90149,1657.004114,2212.216306
49,3,x5,2,2183.279259,3139.078196,3737.048135,7487.956126,3325.358474,5826.536036,10540.05662,3575.873482,5352.658934,8888.229361,6697.313987,5288.584053,10589.68648,12106.09162,13116.96533,10005.5716,11644.1795,8597.823744,9342.041851,10629.10371,2183.279259,2946.777746,1273.438121,18258.72669,19274.70028,9450.341145,7550.121339,6678.620351,34485.58245,28816.15861,12076.61442,15319.53087,44026.8002,52628.69595,48278.09685,21131.62164,32835.96397,60896.17372,70353.24753,45351.04956,453.2453069,746.1933345,4190.04445,924.9617969,3256.365567,2007.092607,1637.133568,1908.280203,2451.037617,5431.736231,4925.301475,7095.542206,3247.102019,3064.160315,4920.834195,7748.21631,7541.977814,13100.87076,3933.613075,5128.964644
50,3,x5,3,4342.699637,6759.426713,3689.869842,4153.119741,8131.177664,8978.202169,8673.405865,6856.717196,4664.976914,9995.383533,6059.889102,4089.111834,5288.34613,16011.26516,4026.729697,12491.09168,14139.14478,15100.54779,9065.700835,9094.695065,4342.699637,6759.426713,8769.395536,7469.058043,10991.02122,5250.580241,9743.259751,19413.00659,16594.00301,14957.61062,21919.88447,16164.51936,24193.41204,19013.55166,30495.87494,20680.19331,20701.01803,27689.78873,26166.56382,10857.17194,219.08071,1118.305623,3361.106535,3050.679911,2718.987388,2179.119636,1256.321676,1023.356195,6344.377154,3725.381897,1879.426009,1576.687426,1912.564696,8298.762399,3025.719251,5007.705997,4917.750959,3487.21726,2635.225282,5017.553068
51,3,x5,4,1782.920968,4463.96056,3263.087763,2162.846305,2639.893893,13829.2099,15565.10248,7464.000868,7268.377644,12781.73904,9287.869231,12239.61621,11276.92303,12549.93483,16605.57186,14234.62084,11234.18409,10224.76567,11248.8293,4956.793938,1782.920968,4780.434193,3171.901351,3005.5389,8596.171602,6375.700401,6206.197067,15627.54474,9627.592064,9106.346307,11515.41824,6911.47163,9253.891002,15862.95678,23022.98727,48092.41127,24901.88873,20612.77407,19770.61558,14584.66997,313.0517306,411.9926473,2429.199558,4539.196403,4353.742293,3231.659406,2979.43574,2004.207297,6450.167312,6606.925336,7158.361062,12234.31268,3382.65089,13707.76177,1813.99093,12077.71123,7634.691897,4236.293511,4936.956583,13905.46317
52,3,x5,5,963.1200897,3461.436532,3772.860675,6356.757431,5636.952821,4925.632116,11629.06553,6623.89224,7915.872282,6434.162736,6753.414721,4592.37248,9586.10177,9141.865935,5911.25708,3934.661987,7849.643026,8344.047976,6950.742276,10566.61127,963.1200897,4842.543556,6631.060505,16114.1999,25708.97306,17894.52345,14745.57466,41893.96109,44304.96897,48535.31249,38715.1648,102545.6103,141985.9441,62865.24816,122895.1032,64225.74537,138405.0194,83740.43299,249081.6227,56558.46029,336.0898587,1016.997339,1125.450802,2170.448816,572.6859628,2569.239242,3345.811432,2268.012805,2317.819306,4513.123844,2171.610933,1555.394845,4698.214458,5965.317582,4853.858247,2339.13266,3227.324575,5136.348968,3006.118739,2324.561946
53,3,x5,6,10.30387092,947.373323,1632.763579,1405.92779,1249.391709,4576.775396,8144.293966,7249.124632,6517.32459,10535.17637,5444.730925,13741.79648,4155.429332,9156.78853,12076.43483,4771.941066,6195.738739,14287.83879,5059.693901,5694.395026,10.30387092,146.0458242,1421.525627,8268.230977,8269.947704,17242.16113,27151.55435,20414.98919,30182.85326,57054.87201,45343.36373,32403.49766,40430.93782,43017.79826,21279.32478,52948.50081,65584.74218,48249.11369,67733.82431,24412.10559,1.559796837,86.11592927,246.8266018,248.3037384,1222.306059,606.9776396,3444.201614,3234.917182,1457.68739,1867.426615,1318.861219,4309.857881,1936.307792,1772.695261,2440.489438,5082.664759,3701.764831,2629.278425,2116.531558,7728.37468
54,3,x5,7,54.97247583,500.2363749,4474.780073,1636.319197,1672.884238,4592.211785,3181.261127,4471.801652,15131.89752,10522.10528,9229.195829,7285.697847,10344.62011,13807.21418,10523.48356,15769.37937,7046.703291,11014.28104,15132.11263,12676.26997,54.97247583,16643.94541,15757.31022,19925.27982,23553.51507,29306.93116,26338.86489,24840.34614,37947.03015,27834.0545,25283.50301,30548.34561,50797.88448,46115.50201,63348.94326,29373.05417,63078.39712,41874.40652,33740.91806,63513.17096,8.40102573,1387.478049,942.9188824,17172.92473,913.992195,323.5837977,2407.751463,21436.97098,5498.80399,15426.71351,5024.672851,3395.715998,9192.229967,1407.88117,5513.737385,3902.79107,8091.95934,9538.348664,8607.970954,9548.579645
55,3,x5,8,1283.794655,4106.325618,1688.482097,4632.827888,1708.693899,9288.446134,5379.766405,5504.38318,8209.224951,12040.29991,8981.059358,3725.37509,5574.156497,14146.0236,9960.685953,15438.93631,17191.80367,10241.3415,16705.20137,20834.74958,1283.794655,3131.608304,11460.10614,13172.71155,39997.05338,22370.59632,8563.868673,43945.41049,9214.17398,78463.58376,62185.25091,41430.02836,109493.4843,69243.56769,106201.1582,133694.1833,34400.70562,97330.86968,65066.85487,100781.8192,88.82556488,1089.474933,97.03166559,1158.921021,434.6989763,515.6779944,442.4012718,1033.696738,1016.31817,851.9798318,3141.84665,910.9258397,14545.14189,1634.045469,10802.50013,2261.648767,1527.945265,14371.19287,3098.265439,11499.39321
56,3,x5,9,262.9028626,4529.441256,3824.335455,4627.472014,7706.51383,9262.443483,13532.38097,23258.9786,9062.221175,17494.7799,14443.54577,13555.47268,13331.00402,16190.23407,14938.03488,14050.17363,20176.32503,12453.01518,17278.88305,15875.22016,262.9028626,465.4086137,9780.829643,9166.685335,13974.09499,9932.224679,23973.04209,11754.34354,41955.0935,25366.00747,76979.42325,13811.32125,32179.00658,24880.81514,27591.82248,22864.70759,22466.7149,22486.23853,22349.94036,82906.28583,18.51415742,1530.113456,231.0191303,1655.626123,2664.252028,6588.674109,16203.21774,3871.668488,12652.99444,16758.16286,7252.451293,14143.62718,12671.9546,34078.30657,53976.21215,13329.47264,18447.62741,17963.63935,12613.59169,37924.92187
57,3,x5,10,2636.300668,15244.78182,17687.36122,18871.24792,9480.496294,5908.085276,2728.320734,12842.84836,12663.47397,14331.70214,16050.01773,16346.38315,13428.83587,7051.964461,10628.12804,15346.94251,6423.531661,13568.58981,17043.03864,21045.30909,2636.300668,1629.226964,19738.54343,8484.553832,3813.050642,20239.55619,28959.30759,27730.27639,18941.94706,29965.76821,17898.68702,22451.59238,10193.67967,19377.93101,28929.83016,23620.94477,24261.65216,19993.33015,67726.28873,49467.57278,157.9873345,1618.484135,2111.729971,5087.647189,6800.174422,3854.693522,12780.22247,29504.27557,17946.1933,3039.501259,9654.221799,6868.43537,9577.774054,18563.7721,10826.40946,7537.810705,8788.876792,8076.213195,15127.89192,6686.245542
58,3,x5,11,9.547058206,2709.287338,13011.55175,6247.577096,9834.932445,9981.275578,21807.56908,5177.625112,8827.096616,5721.057893,5017.458936,18631.5566,18174.52996,12469.46727,18257.81509,11258.46083,21883.21384,25323.67547,9515.207711,20336.0885,9.547058206,2353.226015,3273.745263,3601.71955,6519.540945,9551.908983,24668.65559,34872.08785,12089.1061,27863.62039,27644.44664,22458.6686,17661.30268,29496.12343,17919.90127,25531.27794,22834.60755,110657.7507,41056.51547,56889.86225,15.8901824,3069.71699,1855.804199,10773.40149,8029.542327,10110.07756,4848.455783,3607.618067,7824.448999,4403.05563,21044.25339,16921.19527,7141.622343,3146.113804,4594.449367,6332.306446,5947.262821,13515.16022,11832.85365,7295.991902
59,3,x5,12,4070.201873,3538.333158,7478.886999,4635.404699,4985.052998,4909.019206,6783.828266,7442.692554,15134.21694,8433.364611,15331.02054,19564.07786,14496.06245,22299.41942,22776.85548,9087.890205,29526.97423,22481.61326,28838.20174,42945.77425,4070.201873,4242.267481,6501.834089,4989.660107,14436.73445,5554.504094,13933.23528,21484.99003,21332.4466,16369.99504,12084.87175,29345.4306,27868.92287,15066.95342,29708.49601,32544.98925,47082.19683,35345.41915,102719.9919,46710.62056,1499.645422,1260.164288,5214.749947,3574.636438,4050.582617,4592.22271,4820.653483,4188.000231,6468.071872,10683.33569,12168.44854,12077.04964,7406.99227,14483.46262,13352.56527,4207.880944,9753.382451,33618.6578,18097.24289,2483.12578
60,3,x5,13,440.2752802,2849.164395,2939.259857,7206.158704,10836.82553,12380.94255,5142.555971,10151.14795,8831.881199,16553.92904,4638.053596,6784.162319,20774.16902,12720.42011,22735.10698,22165.37142,11555.15618,6788.066254,13891.48771,14894.82855,440.2752802,3169.246618,5289.584474,5632.807713,63342.00308,40673.91305,10635.28565,19511.24711,62048.61833,14037.22508,25089.33046,23434.25567,30474.99282,28270.95748,14627.66564,77642.87812,34998.44965,62990.46714,15204.62021,35799.70312,62.59531704,307.1423476,615.5580318,908.5052749,1129.930809,873.2399918,820.2975589,1998.411357,888.7538665,1691.26291,7540.29612,4091.428548,4723.709836,5136.677378,10549.66215,2129.034008,2300.639031,3545.808367,2315.179985,6132.906896
61,3,x5,14,657.6901744,2682.892525,919.2539756,2432.585134,1193.054841,1835.73288,6180.278334,1861.666685,5278.280513,8946.084632,2301.926136,5585.597292,7542.95731,8163.269507,9074.942566,6243.807313,9054.551214,7326.144224,11881.05728,26422.12428,657.6901744,14398.17037,16377.28874,18598.1794,20791.60271,42589.80198,70986.36242,68838.80943,55236.48679,80211.37277,45751.43703,188358.459,104646.255,163557.0404,48665.93203,108164.2676,156457.1235,113837.3918,55010.22986,153523.6986,47.15103944,305.3308187,239.6033114,341.2099941,366.2646152,2719.107527,1226.177321,2154.989944,3188.999978,2436.72325,463.9406133,2363.432204,1432.455341,2262.763591,4018.632665,2529.325988,9099.852211,2653.373126,3478.078805,3060.555545
62,3,x5,15,463.7938487,3122.949951,1434.851789,1376.439122,4186.673314,4622.045773,4957.137292,1112.967051,3578.967392,3905.75022,8974.791126,7412.394482,11971.9296,16696.00303,10429.90449,10337.90596,9241.050764,9472.336726,14010.63593,8717.219416,463.7938487,1591.949345,4059.441301,23040.71748,1591.20517,3273.491579,5800.358685,72603.90064,29856.29074,29622.59266,12692.23897,16092.96954,22477.40663,110624.9973,24238.20014,26328.99394,17297.26613,95093.46103,84725.68263,68922.10655,247.4685659,1467.170922,173.1964968,400.4129067,2651.461131,1318.882549,1674.743504,9387.470289,2131.357024,3255.757309,11080.05816,2196.649677,4648.180979,6553.089505,8761.576467,14951.03346,7325.345482,4865.114175,11374.13496,15481.7826
63,3,x5,16,1438.964034,6984.482705,708.0560754,4971.79826,2512.88318,2554.834122,11582.91883,4067.357221,4265.683375,6059.148475,6392.174481,8178.167221,16222.63825,7049.620358,8090.957158,11424.49613,7819.486565,8828.247256,10482.0593,11808.4503,1438.964034,7587.776764,161885.0056,73110.9884,96240.95063,2051.066717,29177.72133,35644.83244,167310.6676,8927.291692,57880.77208,174434.9604,28616.34766,18688.38062,17721.88378,37768.68785,68267.75633,131367.8872,44450.15413,47557.05204,834.7957605,4963.499763,4053.45209,317.697064,3304.183851,6931.627268,3756.813323,4075.871774,7493.735627,6415.025053,4827.132775,6493.250152,5791.490638,15822.40676,2464.498885,14224.18928,13046.89404,3531.084388,11420.61609,4896.686454
64,3,x5,17,321.9564124,3267.957388,2138.064715,1410.811756,812.9530589,2048.731425,1616.225625,999.6462637,3444.718449,2361.920922,7944.555895,1985.941381,10694.18105,9484.204968,11629.37455,13797.22763,11729.7316,6619.986278,21780.39984,15287.11861,321.9564124,1166.487717,531.0903897,1925.126129,2873.233483,38791.8048,3568.101634,34206.78187,5635.336046,11096.84598,30273.55467,56718.12213,26360.62398,51429.00526,41353.01672,27847.60405,83622.38977,23298.77438,27092.78537,62593.6422,7.601257197,905.2622783,268.735354,90.22001394,678.2730499,3699.012898,450.7760761,723.5194953,964.2116087,1137.177306,1601.704069,16766.1732,3937.776883,2627.532814,6442.805087,3187.64258,15708.35423,3119.904859,8172.353729,4392.408975
65,3,x5,18,606.1192987,3751.683806,1511.977687,1622.753136,3022.130576,9562.479036,2955.483774,8952.53441,5068.356132,15027.74473,25611.40277,17322.15697,10872.81619,16232.67658,26897.27697,10192.92951,14916.63453,14992.86788,13798.92353,24650.90893,606.1192987,4372.653381,4673.270236,4237.539226,4386.37762,23946.94823,23252.54178,10755.39817,35389.64244,44659.26918,40259.1255,51916.22792,14400.29605,17165.31315,50762.87901,32270.07045,20702.55406,26131.5711,80488.41305,29982.13717,48.80859419,6438.238683,1079.010455,257.8963175,5609.166116,936.24331,9499.8941,2920.610917,2950.84463,1549.359186,6559.06012,35318.90172,8090.045356,11765.51182,7702.619897,6023.62413,39783.20707,19879.67013,6163.472936,22858.13454
66,3,x5,19,42.02380455,36.05471183,2236.7154,2893.040724,3318.39672,7470.221716,10477.70785,9164.714903,2212.94164,2887.153825,8459.465458,5370.114784,2422.848142,6864.138739,12906.74453,17899.65508,16957.34417,20527.43075,9002.98154,9351.859845,42.02380455,1028.888994,12410.84511,15012.68859,41986.07339,23645.58118,44214.36099,45267.20274,29248.23195,3486.191004,19469.24103,16142.01907,19025.48551,24657.71875,25142.30104,66999.9305,75763.1868,62769.16557,53560.39395,71102.13304,11.56189169,21.70967521,506.4580528,6905.913569,1393.6287,1679.80933,3305.097612,1396.743722,10487.32852,6416.496808,2376.22495,1310.538143,3697.395595,17877.80325,3430.927914,6792.74575,7807.711846,5224.936849,16026.113,5797.369376
67,3,x5,20,1124.070818,6241.193336,2726.866818,5538.77552,6832.235723,9365.987392,11008.74782,6902.223189,7604.802867,5179.719188,12694.27154,19164.5462,7744.975544,9879.570701,9559.914233,13462.64677,10739.79666,14384.06246,17979.67266,19223.03999,1124.070818,6241.193336,10214.75475,9113.208163,10339.38803,14018.31692,3423.853548,42022.91449,33297.66969,16660.89229,30049.53903,49351.04168,13663.34467,19193.53235,14635.21354,49890.86217,11581.54511,73715.85288,79897.36231,55528.10102,71.06121134,430.0024075,217.9466087,1051.125293,5324.84729,4462.934104,1096.924317,591.2421274,4657.654672,1070.095584,4650.824557,4303.725023,1829.78699,5040.031968,13593.19651,2690.511005,7305.43264,2126.434195,3837.536169,5235.013175
68,3,x5,21,638.9719044,3537.460796,5624.970317,3385.583679,13443.2384,5624.461043,5862.965593,18095.41881,17878.23144,9878.958963,20992.44223,23063.51236,19597.69418,20058.26172,8322.564192,11143.67213,17880.43302,21789.29337,19038.19406,9323.504304,638.9719044,3859.291172,5603.831957,9752.174083,13862.50085,9178.909033,20125.57423,10358.89859,18548.42898,52839.43347,10427.05962,27628.79697,26547.80363,52589.1512,32855.9674,29215.7742,21541.79345,26254.33137,46767.26222,32457.20178,28.16775519,905.9992634,1334.173252,3019.525699,4748.383081,5513.451215,13842.1703,32733.47342,1148.725282,5372.549628,27111.40686,27562.65566,15254.28545,14790.11708,11995.54592,19380.4828,4759.559171,5244.172703,8861.648462,11335.99066
69,3,x5,22,2063.032726,12666.5084,15130.9693,3941.780637,3262.130067,5336.520124,5917.310347,10953.87883,10303.16171,13841.88351,21532.48075,12889.60492,6674.846902,14741.18626,15767.66272,33948.07462,10522.65747,17945.09816,11949.82138,15439.94298,2063.032726,12663.139,17109.98235,11863.04374,9018.449643,8803.515612,7544.185745,11187.20648,17235.35387,5529.787164,15044.75334,25182.92054,67575.33741,12098.89822,14067.02129,20347.06192,13422.57448,38673.98319,13069.62865,25638.18373,1912.838786,11690.92152,1538.92599,1267.846611,1096.852067,1843.969355,2585.239042,11016.22216,2956.407334,1736.281209,2160.244375,3217.273794,4463.046257,10198.54746,10412.42535,10507.00943,10725.41219,3866.948789,13272.43293,6607.191906
70,3,x5,23,25.23983936,207.1544281,169.7669105,5924.51282,2779.810214,1750.786445,8992.320239,1919.856998,142.9378417,295.8707851,2316.059201,7090.173146,850.8839629,6270.31246,2695.477903,3072.604508,2771.02776,2102.820848,2409.964407,2036.240989,25.23983936,24.29740999,24.36476495,191.6752825,59714.08366,1186.079423,849.6153378,133479.7559,2891.30864,490.0135379,511.5219531,432.5313056,11551.56641,5064.638141,42808.14561,14381.29826,179381.574,1285.232906,2884.816244,14873.85756,1.029209089,18.22601686,11.1836256,1224.511018,5543.030717,230.5252876,2656.352338,765.0118013,1607.567635,1712.15636,392.0429409,1379.38988,1409.38301,4398.151707,607.4518094,3243.642053,29374.83843,991.5922175,2151.676153,461.1247566
71,3,x5,24,5.079011941,15.27970167,176.0507068,470.4759721,1375.366679,532.0131477,1167.480081,653.505434,871.4999888,683.9147123,3424.846467,8828.029474,2084.583509,1331.891346,3829.266839,1677.589994,2826.865836,2895.504788,9380.33346,3192.822299,5.079011941,4.783842922,4.823120561,568.4834913,126.3090472,178.2083573,354.1546822,338.7242982,1495.848927,2019.293236,7658.630207,2223.383402,23449.57408,1704.881484,2128.225785,3312.903363,3066.061261,3848.473406,39902.38324,13885.90349,0.1572598106,1.73848365,42.80194678,35.66076105,571.4948359,120.5850395,136.9271216,192.6711689,1271.714874,177.580858,210.7925105,3755.493262,1748.147167,541.8003547,295.5802144,439.9485782,538.154234,671.3423803,425.1486935,863.1956619
72,3,x5,25,1.935442799,297.7559311,935.3779467,1632.166235,414.3260103,786.6977718,1744.925887,1966.316553,1661.002088,602.1231298,667.9543949,1049.637258,1441.777823,1550.960781,2575.34645,1901.194197,2067.925701,2675.501981,2457.726444,1073.794952,1.935442799,1.941802147,152.1797833,1003.158121,1391.093656,4533.454803,6446.832442,2868.1404,4922.799665,11616.482,6364.641912,7769.038055,19095.28748,17472.11901,43784.69669,7363.96122,12367.81428,21547.04131,19248.38803,10554.77264,0.1106421107,19.51741093,187.3128568,144.8504122,98.80644017,88.81390739,352.4602112,482.3700252,219.2634165,83.51324624,1669.525339,514.0386424,509.1989984,1303.066056,405.6142074,880.0025086,514.4563538,386.005542,1261.891221,363.8618645
73,3,x5,26,244.479912,1047.958634,306.1091307,562.7728826,640.3881353,925.0306234,2183.217322,455.4694921,821.0362029,1370.616449,1443.447121,1658.91374,2514.647586,1736.715081,1851.01273,2093.003703,2180.768809,1721.289265,2395.806118,3223.158501,244.479912,1023.768792,1078.456717,489.6306303,1218.971465,1020.55217,904.2550611,4263.418336,3504.493146,1155.264878,3726.826557,3463.024207,5247.707173,5296.332724,12922.70605,3176.023941,3658.935838,3740.79528,13866.22062,10327.41984,33.25609438,996.9910619,171.3678565,278.0469796,199.2550889,988.2316842,1156.010103,632.3265721,550.9066367,904.5244747,818.6588451,877.5091934,2009.108112,592.8747657,538.5189686,2611.218357,1541.117114,1754.591961,1942.043781,1278.196468
74,4,Br,1,70.19135765,1760.589577,1314.496752,2593.520973,3121.554124,4318.182268,3463.421632,3299.234566,2543.461936,3558.244354,2666.339812,4158.265486,3038.578612,2848.146314,6273.76498,4334.060165,4898.263995,3761.8209,6196.606497,6565.196933,70.19135765,1698.788521,1795.307733,4389.659276,4092.582652,5232.824349,2661.285241,5597.125801,8474.579128,6997.876636,3813.701508,9310.232453,8048.373088,13831.09695,13862.65696,6385.590932,5580.299878,5538.862706,22601.81451,7047.797068,10.96968326,324.1321515,312.0278714,377.3422322,956.1868524,306.6105982,675.7228402,624.7989452,457.3154763,5319.522978,603.8597888,7344.234276,305.8894954,646.2681038,955.4789517,897.9951245,1530.463006,1431.820548,5028.650994,1746.757283
75,4,Br,2,112.5649622,2569.389573,2853.281977,3329.69389,4746.018925,15025.56352,10889.98012,8286.811669,4817.666042,4735.074876,14996.00856,3083.284191,1579.88638,12619.6161,2534.064504,2399.306764,3070.742316,9149.619128,9252.750563,4387.891473,112.5649622,2569.389573,4964.801177,6035.298891,10997.50607,3039.914816,6466.406312,6863.897063,2212.983817,3542.805836,9942.215271,3584.376706,18360.50693,7550.128742,6706.696506,18552.05454,11800.81346,22025.40902,4847.778684,32256.25752,22.86247266,812.7921691,910.0080127,4614.97412,1169.922226,1151.056882,1716.290326,6076.070391,8724.344089,7683.893927,4894.067974,3658.966299,2042.425787,14748.60348,3916.363791,21534.26933,6165.068502,1460.840225,9593.226232,7887.477962
76,4,Br,3,623.2457688,2237.703104,9641.633271,6174.349233,6319.894154,3111.008656,13613.54056,12189.51617,6130.304225,7291.302233,9667.037808,24138.64471,8900.571201,15487.51656,27045.09488,17808.70558,9449.487681,4020.587429,4275.031474,9184.501156,623.2457688,2097.268483,8429.099078,6453.118786,7130.006565,11632.63925,3721.551479,10040.93978,8064.030325,10223.26047,15844.70964,10113.00232,8119.067927,9218.205465,27815.07767,26068.71631,17841.7263,17270.80063,27157.25053,17342.30434,304.1131119,1131.466497,9424.046228,8091.579789,8639.636741,1950.279291,6920.149662,5012.326936,4614.049278,505.129642,11203.81968,9104.867724,2898.637456,1788.212298,5202.026811,7909.68734,1927.261767,1717.152278,8930.903974,3210.650276
77,4,Br,4,50.47541331,251.7776506,1236.719476,422.8273663,1770.818451,5116.363192,4734.654686,2577.710283,4553.963147,7147.630387,3240.773178,6883.000507,7133.115038,7284.703529,9624.614097,10788.29615,7472.557762,8227.454768,24901.35035,11332.09929,50.47541331,218.8174438,1066.857559,15938.38154,7589.110366,8867.039593,31550.97951,29508.10035,32396.37741,30479.66767,30987.60742,27802.11719,28505.9026,33505.51961,27079.4003,31703.14475,41023.40638,46786.79097,24188.2585,42109.35649,4.113120546,288.2412218,59.62475411,1519.49668,5377.354086,189.2634226,7616.835856,658.3755387,3858.872843,2748.979801,6646.514365,9247.54971,20404.57958,2579.999458,7855.473954,9542.770236,5498.932043,6721.621137,2296.10354,9643.225438
78,4,Br,5,549.015781,2930.338387,5709.516192,6446.945745,3789.981876,4156.5381,4097.096117,4359.775026,7705.708743,8283.110923,8256.891872,5975.687825,5461.181528,6414.096849,1593.092398,7407.18696,5716.423555,11589.94907,6822.504477,10455.58535,549.015781,2930.338387,5800.054653,1921.310334,6809.110014,6647.179244,4824.976672,5237.632342,4882.320728,5535.561839,4426.050427,8129.835303,9414.919377,11221.97057,14456.58176,18579.92767,13340.16356,17155.75644,13428.44697,13816.26941,222.1409214,1005.884166,4014.627524,5531.576452,1867.225834,2404.405989,3237.24682,2654.95721,2483.868117,1433.0878,9307.632487,4868.867754,2032.908488,4668.60092,8594.341894,6209.86457,13338.41491,10244.9292,5316.259837,8367.663097
79,4,Br,6,107.1898987,281.6771523,2690.022941,1633.397828,3968.859096,5985.41604,2280.702743,6857.653958,6018.863041,8042.639055,14827.35845,6986.748646,4675.157048,3605.533686,9873.200381,10370.09008,6199.798551,8102.364848,12022.8863,12840.64924,107.1898987,285.3612854,2088.573707,4354.70742,11439.33502,3836.336164,13853.38648,2626.911982,18709.96243,14639.95836,19142.57226,13216.77052,19579.13722,9058.187291,19909.27871,18339.4193,11112.48523,9422.082828,15730.46808,17601.51625,47.21116822,69.13786836,1682.663132,541.4814583,4767.240244,2860.819976,4831.692997,4604.43873,4537.274105,2103.274231,4474.912495,5360.882686,5711.143683,6035.49572,6601.605811,4613.253621,8255.839933,3384.000614,4053.498128,6350.410535
80,4,Br,7,36.05530865,2103.88037,814.3605199,3469.423451,4357.183542,753.5838711,5691.632759,1854.814608,1618.366801,2535.702588,1906.783793,4840.919116,6652.409479,2314.751752,7309.408287,17277.24903,5625.372766,4287.350171,10992.76417,12836.79301,36.05530865,2103.88037,819.0604785,1937.40011,2040.71942,6865.217749,7587.481472,2162.700366,11164.75755,5887.87015,15215.09653,6897.168667,42296.27897,18420.94077,11676.20988,43667.06106,50827.75076,11466.6921,56327.45637,46924.07123,4.324695731,634.6607118,96.93831405,266.9211638,1312.672334,2695.241957,670.5630836,171.6689452,1252.990025,470.4748199,2162.245491,1137.558945,2440.382347,2682.783949,1854.837194,6175.096948,4964.169722,4747.375197,6990.825956,8035.495975
81,4,Br,8,646.3392724,1161.57957,1218.832981,1578.967758,3680.04942,2835.320106,3652.998912,502.8584432,2002.252273,3808.059518,1507.273,4719.812571,5993.699675,3422.975132,7836.280894,5495.145682,6902.819083,5564.156802,8498.545225,9891.159227,646.3392724,1161.57957,1244.963672,1717.699063,9295.541725,9415.185039,9141.160756,8851.076715,7342.564906,11675.16305,5206.587409,9338.685702,9410.365813,16478.57868,16235.17254,14714.56476,9261.079112,7911.640201,14195.61424,44500.4021,8.005685671,430.3719487,211.7876137,121.9403886,734.176838,1179.919383,2437.218976,78.27296014,2540.975209,1279.812331,3054.577678,3670.509352,6439.070889,1755.738684,16420.84105,11729.11285,12863.46765,12213.52434,8195.108594,4004.992005
82,4,Br,9,1571.08288,2102.878995,1298.575335,1905.428822,3075.711744,10057.11735,6362.211989,8967.336007,2749.886168,7971.562051,5959.609328,3931.388237,6675.738077,4623.167579,6428.663096,11828.42143,6246.35486,2278.635781,3837.279716,5935.650812,1571.08288,2130.999593,1287.668504,2703.689177,3109.294225,4442.690319,34759.07708,7756.337973,8837.256365,6035.499684,12321.25862,17708.06851,6685.553016,5179.742448,18242.24644,47114.89578,21594.87985,10537.06066,26272.78401,20772.6368,45.60509839,85.4871521,79.82591498,373.2531372,1183.548656,1059.370365,8900.18508,9741.913203,598.8089426,4085.19971,1944.199755,3956.994238,7276.653653,5020.37256,6071.117304,1976.139075,4648.698066,2243.936263,4501.935541,3261.978581
83,4,Br,10,3.515798879,1423.789523,727.2507967,1834.342246,1084.017097,434.1132272,2588.861998,1991.407231,2462.472927,4011.312966,4835.995928,3853.546714,3383.683679,11876.56485,5588.152463,14261.8384,5604.407901,15173.31727,13046.22281,18895.14339,3.515798879,1366.560093,673.9112203,670.3872841,1013.504125,1758.850781,2093.792149,4241.516805,3126.639286,1257.718239,13118.17697,3236.983629,2051.640451,19566.87829,9580.892271,7322.94556,21972.15317,20394.10488,10971.28096,7726.740441,0.1815056581,3561.014034,50.16087998,55.03504592,816.2393826,223.3951552,388.125199,1541.917459,752.4286534,884.5622799,1304.203307,1923.865594,1923.003928,2520.473023,11037.56671,1041.590564,10704.72755,8963.883794,1985.984121,2936.027901
84,4,Br,11,46.46058917,535.4090361,2439.916959,2038.361013,708.2990421,2402.444154,2001.956459,4041.678331,3266.775954,4268.620497,6100.607921,2543.143996,7573.771777,9988.725773,8649.019377,5958.20113,9650.787526,4704.182445,11779.55487,15847.9266,46.46058917,849.4170436,1231.582837,736.8170405,2094.366282,4301.132197,5056.449085,4799.225582,5748.060915,4832.082181,6491.225707,7232.424436,8368.851343,48162.7388,14289.80508,8036.274736,17631.20155,5160.024501,10641.38215,15619.9859,12.79299546,202.3868225,179.1614209,528.102156,1425.520081,4176.015075,2252.279606,2601.427726,10147.85869,2318.233803,2142.728965,2013.86905,5811.629902,5656.665374,5597.889009,13545.24711,8176.093997,1814.95776,6585.116192,8436.209396
85,4,Br,12,2.789862966,6769.649077,1724.619419,3077.37751,3344.936849,3152.142971,19992.89482,4204.42413,15040.83313,7601.516174,17115.46876,9869.017615,15576.80262,19253.00397,14208.99592,6806.19434,21963.61435,13107.91231,27389.32097,16814.81023,2.789862966,6769.649077,865.2426483,2887.553423,3340.012404,5235.793459,3450.005046,14111.74512,12854.34605,12388.27494,19221.4563,13478.36877,14860.07901,13483.44782,14055.01129,24720.26352,21169.02904,19908.51449,15078.1397,23070.31988,0.9039279504,2574.817958,863.7527769,10871.40211,3297.23674,1679.229372,7029.848857,6827.555256,5520.240416,1836.766553,9100.314398,3567.069771,11496.46003,7973.317628,13263.79821,6838.430992,11615.62076,10320.31403,8905.459311,5360.243507
86,4,Br,13,1173.172879,13756.46119,14248.55305,2149.370313,10313.13138,18532.48409,4774.695993,2359.039246,8308.013197,7618.421083,11523.70704,11705.18695,4760.125818,6635.437657,8662.179141,6438.2911,11250.77967,19369.72778,26618.80878,13368.06027,1173.172879,13972.02212,3430.978433,2070.314131,9562.122329,20546.90035,4052.911577,6909.069389,20087.63716,8882.707837,9328.204067,23394.91218,20634.22622,15441.54114,9138.358651,12719.77894,11724.51833,12300.39534,36086.17165,47012.49624,1235.0451,18251.53267,10603.98392,23150.70167,9967.033969,846.7492481,9597.041281,11242.48855,4690.534294,1311.2325,6627.173609,2599.481917,3038.381273,4406.755958,2175.573067,11084.52643,5192.840813,5820.594972,7864.504687,6729.610677
87,4,Br,14,321.5895553,1356.683956,1504.324027,1571.142137,1873.534847,2396.516939,3810.89836,3685.349038,4308.560729,4099.697638,5793.180074,6214.840992,5182.834465,8530.39923,4639.017435,15506.91405,9965.975281,9367.310336,8328.48895,9338.910068,321.5895553,1356.683956,1443.055128,7620.366618,2318.49972,12918.37952,6580.672345,11740.52499,4461.046515,29804.08992,16528.85289,13809.9235,7246.695012,12325.86056,10077.60905,18778.36657,29237.17195,13024.55073,28284.58555,20901.21202,210.855683,694.8050826,2318.287408,2498.959645,3795.660801,4417.410031,4701.435329,10737.42154,2582.658873,7768.925223,6890.610967,6751.026436,9974.191683,8983.169685,5791.902225,9961.393143,6813.162489,12384.02436,12260.5934,4425.698243
88,4,Br,15,885.6188939,2054.811227,2427.362084,4299.958277,8457.853295,3930.995914,1171.489305,1926.144899,2422.761548,3032.614538,4717.225633,6372.80923,4205.577079,3164.735419,2543.473126,6759.874965,10507.35695,2563.44786,3486.72971,3599.070171,885.6188939,2054.811227,2975.909894,4248.238961,4992.848541,7323.053187,3531.485147,7439.522274,2067.233716,35554.11906,4613.396011,8042.517253,7331.129584,7577.25875,16189.33606,23172.50487,18460.41128,11044.5163,24316.29634,24629.81325,20.81774987,51.28756805,104.5347247,2784.767044,3855.066609,855.6001236,11351.09783,1310.090433,634.0082902,1481.875715,875.5344828,1670.172171,3499.658709,1442.865244,3964.37549,4198.508036,7551.074838,3502.623893,6993.872411,11883.39886
89,4,Br,16,87.4205611,760.0405629,18.81873411,128.4631095,1930.089469,1864.21328,3540.271483,3125.188871,3527.863339,3301.880207,3395.747346,4219.95063,3522.31165,1812.124901,3485.761373,8032.412826,3777.504568,6789.822173,13648.14744,4696.854766,87.4205611,963.3444633,514.9539638,608.1513212,7531.789792,461.7778346,17778.39745,17490.94363,15325.61496,16100.52806,12611.26583,16552.51964,29593.33812,14051.12395,11720.38511,15808.82224,13714.42063,11833.17614,14959.97899,25519.79724,5.960963206,126.868882,72.78828615,15.72378622,56.28194148,2467.521802,3301.540276,1531.350058,1791.902147,2485.264712,1042.161184,2693.717671,1426.017764,1403.505816,3000.222954,1624.453095,2194.719206,1265.709339,2543.084073,6259.513263
90,4,Br,17,1311.437586,528.9305747,5336.671468,1523.731154,3532.945981,3928.576825,5705.188702,7757.728474,5719.227693,7353.429155,5800.990474,2153.621123,2105.014322,4407.190525,4329.915685,5846.183605,2828.258939,5690.409751,9640.740973,6002.718165,1311.437586,4598.230728,4953.488357,1329.608981,47812.79881,66824.30525,51953.691,69653.9966,55846.56836,80350.26819,49761.74308,123368.2845,81194.83087,100858.8056,81582.78189,101798.5765,79328.64186,137428.712,15234.24492,68954.35442,49.05609123,1430.978652,46.15878473,77.88713772,76.28135313,1023.355226,780.5698994,5524.623018,745.1434275,259.0583598,1458.494556,1773.958746,587.1811416,718.6689126,2577.639482,2606.027552,3690.309205,1983.135411,3969.197031,1602.077568
91,4,Br,18,840.8745725,2103.776856,2342.230039,961.9562018,1323.264824,1971.952158,2643.651316,3958.854237,954.9415598,5640.527093,1572.453357,5139.926964,1289.020755,3050.870605,2244.813517,4482.525487,3788.053769,7897.914126,4484.751904,4018.463146,840.8745725,2223.190235,2218.559009,20175.22732,5317.768701,1869.901824,14088.80219,20162.95128,5286.679154,5811.697205,12682.77242,9836.778174,5781.217841,7244.024794,24193.5013,8693.671081,9758.360236,21678.25704,16931.41497,5106.488171,101.8464053,216.7335768,50.38474097,97.9035778,476.707436,2601.414164,480.4192889,398.3238594,342.6293052,765.8470691,2327.219259,203.1376395,1575.468594,738.4288356,476.9776451,1358.877478,1387.583934,1095.290102,589.2147825,1592.050772
92,4,Br,19,941.1712749,2147.058218,4380.161233,677.8902622,1701.968123,3598.371845,1949.451906,4459.661645,4483.931568,4739.667372,4967.9752,4860.144,4736.02976,9652.645058,4233.381756,5417.473127,4992.326916,9908.292291,11255.52597,6183.740062,941.1712749,3685.98391,4166.254938,7534.760762,11187.09791,11299.18083,20757.93303,10106.3014,11034.01733,13927.13181,30517.29431,34985.62702,20298.09807,15185.18982,14697.28649,15468.67099,5688.727468,37884.57989,27067.29043,37659.76163,226.1417,485.5156798,460.8260228,852.9032652,2795.951189,854.8782324,571.7746382,861.6096725,3031.591928,1387.24134,641.8544773,2933.349999,6867.177632,1888.006888,2957.025828,2363.937812,2374.970009,3019.978259,4048.289971,11210.05841
93,4,Br,20,2502.87914,5239.909072,5664.84201,1732.829072,5720.293279,6524.576213,5033.456603,7098.27552,4378.935849,10063.95339,14463.24492,6282.574524,5438.990863,10750.4314,10104.313,8144.28935,7796.434765,8082.301603,4560.124532,6214.960494,2502.87914,5239.909072,5488.871756,5935.834094,1783.710488,2528.391215,12989.54443,8594.536589,10226.22924,22105.55139,50430.14627,20010.43139,33156.00741,28383.51021,35495.05331,29471.46356,42778.51906,26611.05141,43440.73545,23659.26244,567.6645403,1249.356491,1260.46042,571.7240219,6997.553531,5163.952006,4634.349916,7399.766869,1032.642206,16069.22291,5888.687613,2157.273923,12669.98424,13730.25863,10864.12481,3769.022358,15033.28493,5356.102584,13103.64009,10917.89249
94,4,Br,21,18.51850822,419.7447814,5966.135977,6470.694306,7249.148066,5811.239715,4452.285044,5837.545501,15260.56513,6426.346684,7029.869928,15097.37202,7029.960046,11007.22326,13262.45537,15451.74306,18485.69555,15083.90634,16080.76408,17201.50309,18.51850822,7997.220004,29822.95949,84023.90448,30326.0432,112968.5776,33869.82524,83781.10196,96039.27237,84882.61038,106143.6463,79759.32486,94627.88921,126557.2066,119905.4889,83185.52016,83600.63819,225674.9777,68695.9365,78183.98179,2.347640469,445.0459597,1477.875559,1283.662025,3204.117109,1035.455327,8111.696643,8072.977236,3613.724393,15133.60075,10530.93455,7111.79267,7312.083459,1565.12722,23850.37119,12102.45255,6636.567424,15784.96237,28641.02038,22059.56165
95,4,Br,22,557.1661356,5996.943833,2407.742256,4632.344166,3677.309328,4635.900564,6219.278123,8458.452684,11462.96758,11661.86188,22414.20572,10336.57779,8078.518741,8367.709433,12527.94917,12494.92391,19907.70186,12169.98274,21621.34267,15871.07746,557.1661356,1430.832685,5792.827209,21847.31713,22326.41546,26225.53823,18869.92497,8693.294139,24981.32243,13890.41332,50957.31032,26717.48543,37716.01719,40805.31986,24198.89169,41653.19918,44426.01826,36956.21721,59437.05697,30518.41103,8.310127949,3145.459286,566.5374455,718.4818556,560.5544529,12348.19132,406.446196,1213.498646,1003.993913,735.9068753,2807.694251,2272.891271,2335.488342,2850.007366,2964.970003,8707.779015,1800.652233,4968.674612,5419.972953,4400.467215
96,4,Br,23,71.45487117,169.9790659,842.2662481,633.7432457,2859.366002,2670.854718,1504.410277,2349.849563,3362.718574,3527.893655,2488.6959,2641.797555,4392.547455,3760.815806,2389.812722,3479.370932,2697.523751,4001.687931,5822.600588,2908.148213,71.45487117,8514.738445,10604.67108,12156.68583,240937.0277,241949.5287,243038.0326,243032.0331,242278.3444,277974.5483,246539.4401,272792.7695,389348.4953,255193.0441,20350.25833,283530.0893,133343.327,261308.9981,188114.1961,35637.49251,3.921289829,479.2061889,205.6950633,269.8925954,322.3542802,839.6575351,804.2609138,544.4865764,1071.530728,1644.348524,2927.198876,412.8928621,359.3764216,1172.859405,1050.29535,1382.60621,2092.243189,1961.290367,1773.489013,1167.181569
97,4,Br,24,27.68718283,86.0457598,893.4426286,584.4117771,2555.440624,1193.311819,2777.810802,3064.958313,1467.942375,4121.493512,3236.777488,4129.486408,4452.458411,2735.355495,2663.596484,3086.002952,3581.498892,3763.274099,3427.703093,3326.077262,27.68718283,1255.002335,226.5709172,12307.47999,13579.5079,12676.24976,25983.01093,11302.38374,29942.5247,67216.02405,36145.82844,39541.47125,53447.14826,25413.65207,125674.3719,25777.83129,67064.08432,88173.32913,167978.7366,19812.05741,5.68340423,758.2188085,158.9615288,94.15055569,616.253348,429.7963064,312.1957541,861.2881625,969.7584977,1055.835907,869.8987411,645.3902348,1981.112497,1658.135717,1536.115857,4117.854748,1118.487383,2896.718887,7367.002909,2375.453363
98,4,Br,25,199.8779106,657.4864301,1085.214149,548.0422664,758.9631933,2290.83257,1576.432086,1824.407332,2233.893531,1762.387786,2423.606406,2898.741726,4253.00198,3256.654001,3236.860733,4700.686633,4219.348475,5627.893691,4433.889793,4738.960166,199.8779106,878.5298328,2395.07036,1253.723146,20065.74406,21176.09052,31213.39923,22428.6144,30779.65947,22845.82938,32506.89736,27407.90946,41226.0955,50846.53602,62271.19354,43202.10738,54850.48107,45852.28874,37192.82572,60226.5581,13.3350095,306.3375592,9.805025166,71.22653429,143.7712457,197.6039278,528.6479746,530.1242416,462.2655687,666.9546016,880.0985067,988.1914566,1351.921353,1235.626391,1687.846921,1156.40025,1277.042942,2357.563614,1255.728169,1327.356375
99,4,Br,26,19.23536306,1820.519941,2477.242745,4545.008871,2807.940074,2685.039345,3192.159127,5896.671263,2643.10649,4592.160739,3487.240629,2378.180796,6759.129848,5871.654563,5185.110442,5508.056528,10047.64679,9135.282813,15057.41224,13073.62512,19.23536306,91.9859412,3201.02752,3117.042164,6962.192204,5343.876618,6383.927081,4900.782639,6080.051523,3752.264966,7061.196858,13589.83307,14022.28686,11043.46103,16973.10851,14895.07298,29316.76782,15945.24132,11528.9641,28230.35943,4.375336495,507.8842932,2134.253241,564.8308689,1551.014765,2761.211577,1919.250005,1670.728319,1617.59069,2633.073187,1148.634913,1303.164216,3669.734514,1032.266537,3716.032008,4066.925251,2152.699433,4603.942864,738.2816183,6199.551488
100,4,Br,27,1636.180079,1418.689724,1152.447962,227.2329266,2709.022839,266.2642045,939.7777434,2176.338867,2225.270315,4850.440226,3502.982505,5698.162053,5684.250793,4217.716388,3323.036404,6712.679928,5523.149032,6309.150755,7174.845225,4646.427632,1636.180079,1717.610735,1596.382829,3117.980508,3046.527666,4136.552029,2164.691822,1585.407481,1284.334903,1889.244334,2504.732614,5898.478136,3567.439906,4884.599497,3940.092274,29429.75466,9031.315825,122344.8733,10343.47886,58522.37251,1175.150398,859.863239,482.3917375,130.1824093,125.38988,1808.573496,161.950532,2925.627491,3975.649404,3502.717131,2428.681749,4116.671193,3122.65666,4665.291971,7108.996795,6513.517227,5053.914037,10177.4328,5447.509124,7716.069887
101,4,Br,28,147.4379608,258.0585606,603.0291748,1022.46742,998.2015471,3040.435887,1863.073184,2144.701442,2376.242774,3835.051387,3568.498863,2538.8416,3929.273983,1991.144487,2789.065494,4684.715097,4179.252615,2224.868199,4825.955367,4376.094276,147.4379608,308.6961061,3829.052978,3902.61575,5664.036146,7673.468658,11190.93852,18393.25675,12810.47135,15601.14588,18207.00153,28084.97293,16634.54291,18608.26256,28737.3103,34218.9651,69028.59438,26151.53471,26676.69177,45038.70025,24.65507182,34.30555086,381.0124555,230.724987,569.5775843,4374.521979,608.005023,896.3695314,464.1612252,565.6374558,986.6053062,5254.182667,4169.433513,1505.433499,1842.613918,3955.551291,1567.455593,1444.19218,6107.151144,1407.925329
102,4,Br,29,179.7472797,1511.047666,894.8710176,412.6395358,668.5157269,3010.875582,1753.857584,1424.920748,2078.336785,3210.064048,1923.668233,2694.40916,2945.374062,6278.272625,2253.522749,5921.392096,5011.866815,3771.226243,5018.739762,3503.093541,179.7472797,794.6729788,497.2866024,9320.563877,3818.657628,4306.203402,8272.911574,17791.1148,9444.894852,11217.60288,43336.72643,47032.41678,20969.12826,54618.3745,51512.37015,45287.52188,39040.13629,23213.7974,145151.8485,16009.38932,21.62078021,541.5312618,388.2404783,67.94634045,870.1151623,720.7863853,835.759651,2309.290246,3521.250831,1104.070477,595.1369067,2375.317048,1507.334518,3135.297692,3315.987174,4944.518744,4127.76102,1646.775819,2718.997786,1549.892153
103,4,Br,30,523.3075869,2168.659856,1440.330045,1897.886764,947.0850878,3173.379843,1682.560609,2928.913168,3400.716752,3420.615807,2806.508955,6345.97703,10890.71002,4873.44842,5960.949141,2672.149807,7640.01322,10389.79963,11883.90049,13252.01122,523.3075869,2193.955066,35967.28677,9175.912285,6936.591533,7528.778745,109153.7297,109200.5851,108905.6316,110941.0693,116109.0917,115598.9777,110744.3027,141312.2258,106607.3382,119253.1045,64648.63739,207332.3222,39605.14593,118749.3184,89.17625065,2636.830851,680.0636147,583.1772734,787.0575391,4411.956314,1578.933385,2075.859352,1547.211929,2403.724158,950.9679186,3736.104158,1019.931743,3284.878751,3150.840878,3530.375807,2985.347267,4803.797187,5090.89658,6154.000365
104,4,Br,31,121.963885,216.1932993,409.5599057,852.7798994,1613.199809,1884.844522,2793.269542,1682.846667,2449.071766,2383.370197,4588.992897,3927.466788,5558.930544,4041.523091,3534.151854,3774.235057,4529.175235,4332.870435,4178.954442,4490.239348,121.963885,9863.334701,10076.90643,15551.57137,21050.73952,27108.72292,27340.48817,27825.65182,22176.62171,25880.94589,39188.81214,39932.9774,90278.7553,58814.95626,105813.4828,88912.95549,60152.24266,59525.74452,43835.52872,121715.8757,0.4973489534,1.27756789,58.65047201,887.3220524,227.6937969,204.854489,253.1797529,261.8270083,985.1268243,347.4094086,1619.093344,1228.878794,4693.771395,1115.600723,1711.121573,1147.820392,2188.905844,1854.914604,2323.627541,2623.611027
105,4,Br,32,219.629754,804.6212556,1094.302211,1465.097045,3511.683926,2764.967757,3420.325621,5084.281193,4084.782413,7421.833106,8227.182107,3634.589012,3790.215866,8311.823339,2941.299721,7343.120119,4052.833924,7005.907151,10166.08781,6366.157225,219.629754,1589.715622,1472.526009,2175.46566,1267.235113,68126.3066,2492.81529,5231.518027,70709.90368,69761.98348,71361.11172,62148.13849,5707.954892,6563.044017,68357.58366,74539.53524,18639.39826,46759.86205,15440.01472,108584.1693,27.74876873,50.72680945,123.4974262,134.8033433,448.4870079,3071.762855,770.6032605,1086.860608,1675.588283,1072.181067,2463.420746,1334.020154,1508.024365,853.6050417,3177.067465,3122.70614,2146.500328,1900.350451,2031.397344,3232.999138
106,4,Br,33,336.1797365,2543.050275,3635.37622,2373.706432,536.5890685,1069.686721,765.8034272,2239.951284,1497.617402,9603.080227,1532.245286,3354.6057,2547.411992,1646.719577,2462.83995,2195.635949,3230.5272,5375.119447,2788.298002,3756.478368,336.1797365,1016.210947,7205.135833,24971.32769,26294.46325,37290.39268,22053.1119,28145.46649,44488.47477,34383.86302,48357.49095,47496.25937,46944.8634,20189.41146,65355.3459,55834.00892,152360.849,133680.5579,66422.21642,26332.87598,26.03008987,367.355507,711.9866861,2289.170648,1454.141318,246.6586153,898.9541619,139.2962615,347.4386929,2466.842656,482.8867695,1377.918414,619.3422789,1245.842535,1078.451586,1365.855618,3349.466956,3141.916427,2377.386995,1164.413429
107,4,Br,34,2.548205094,17.05225721,5149.748834,1980.542684,1183.88958,2826.616008,1064.014358,3223.356189,5057.338017,8563.941116,8939.400714,5506.61111,11486.4969,9006.303642,11134.08379,7740.997962,7835.56997,8606.21241,5163.528438,7224.390193,2.548205094,499.557139,659.5964498,3036.367616,1329.523032,5242.193803,5588.9466,5823.781508,28988.02725,39238.25373,23314.87244,33723.98942,11574.72198,54234.93826,34298.6974,38413.61017,41265.4527,60843.19109,68266.98638,49034.10959,0.1290384747,6.282985564,235.6054651,1944.901853,4783.811926,4182.673243,262.8041016,3646.100209,1624.609436,1756.719171,954.8923092,7980.239829,3025.392518,6867.214672,3146.799919,1158.746148,3496.113785,2692.45207,3661.02017,9975.948977
108,5,Ps,1,49.74268422,214.8265422,597.5158698,594.6428301,962.3162258,1173.35136,1994.732014,2599.469937,1066.982448,1445.652884,3730.27195,1768.434092,5200.226281,4539.758221,3550.110519,1906.544541,1295.514849,6954.057707,7302.051945,5689.279589,49.74268422,903.9107702,1109.180797,1429.003598,5109.481851,2637.508698,5171.634863,5786.496768,7575.216117,9721.300786,11378.66591,15371.22003,23651.83924,9673.834215,28511.42581,67637.83046,12479.94582,18989.38486,20233.55608,36021.45685,23.86762422,95.37044365,243.7749623,836.6815044,2433.00486,919.5686677,3896.571395,108.2910153,736.4726203,252.8253102,582.0954542,485.2858579,1109.933597,2417.145259,1462.591143,1054.843565,6729.993403,1837.785113,1780.245974,9036.704966
109,5,Ps,2,244.5473744,538.9863012,1521.558061,1047.864412,4839.896732,6804.435661,3363.604339,1945.888854,3439.138811,2332.893379,2555.420145,2159.679296,1955.229186,2838.592482,2304.693465,3755.501289,3534.658215,4158.84503,6393.970567,4694.118208,244.5473744,31619.67671,38118.9088,36737.45314,41000.77263,68985.15105,58492.2645,72275.51331,92440.56702,83327.55233,156156.4677,131026.7759,98059.3567,119613.7256,184042.72,29543.32005,112186.6746,60893.05063,75037.97313,45429.9645,3.717314601,36.78768332,747.3179864,193.7977913,125.3890341,1052.397869,11470.90558,2071.261693,2393.535856,76.08053039,1015.483974,1001.60889,389.2506341,1327.261357,268.7655025,1235.925846,1155.379337,2301.091055,5984.435776,1435.167144
110,5,Ps,3,0.01192456519,868.9568729,1179.719614,2846.838199,3251.777222,7872.69407,2197.701602,4111.380323,4345.835937,4171.00863,4428.136897,4463.535776,5418.978617,4767.598654,9456.429704,3848.335744,3546.04599,5536.891475,6953.997954,11020.09112,0.01192456519,7621.209536,3691.368,11503.01202,9168.455149,10039.92234,88728.52779,10243.6153,91403.53164,14345.27064,137440.4185,16781.63867,19029.5015,123076.2195,46493.94147,114574.8479,81925.73757,51307.7564,84191.93564,96594.15809,0.0006131056659,24.76638192,130.7178734,161.4740827,1024.839397,1068.125146,111.9539726,369.3493435,1624.489333,814.5261669,377.3664437,3405.429342,448.1869539,1141.983548,1158.265991,1241.016664,1917.484403,760.7918137,854.776016,1095.383154
111,5,Ps,4,298.404468,1474.839744,1707.264026,442.8786275,2713.521441,2857.820203,4269.021055,3673.252225,6242.555422,3517.963231,3163.967039,5287.389573,2940.589593,3952.64552,4494.0991,6340.241469,10089.43268,6571.486234,5854.030077,4887.832202,298.404468,6506.670175,19381.46698,13185.23218,13185.23218,22407.89027,38213.92752,55527.16547,37991.49668,39934.61284,39562.44312,37053.72946,67115.31519,25721.22017,103675.2193,33799.45957,101611.7381,54578.81712,50363.15741,72697.3203,14.76695769,632.6369996,48.3368434,170.0792213,772.2622809,3611.992503,768.344543,510.1949968,1156.131336,1162.181329,1129.744175,8019.364249,696.0591038,519.3924621,1214.081872,1399.725515,552.6386001,3026.710247,1276.878329,1348.622823
112,5,Ps,5,588.8771187,1862.161644,1601.972464,3814.129427,2491.406467,2910.980252,2253.655188,2752.209616,983.1305349,3142.699414,4199.688103,2477.318254,3161.977897,2124.967305,2636.43958,1530.102234,4945.336475,5944.280927,4285.773843,3916.069017,588.8771187,3793.128823,130450.5935,118847.1344,4079.645494,81869.08041,81446.82864,87298.10011,6111.226937,138447.6143,138516.1462,110095.7775,17346.6767,25777.91725,34051.88074,16083.96924,19861.16819,54885.79808,124125.1493,34820.0991,27.01797599,97.23871999,467.922684,89.06016398,709.1945233,986.16116,205.292959,401.6462073,393.9755449,992.4069196,4363.798203,1197.126918,3117.418707,1127.512294,869.7666554,693.5392361,818.6032359,1071.084327,1059.91343,2580.038351
113,5,Ps,6,391.7015117,1946.028286,2119.880601,1775.197434,770.4948083,1057.062816,3297.066284,2032.357637,1989.416949,2862.469405,4259.969903,2519.287204,3960.517673,8669.984927,8590.677483,3267.119447,3875.775503,5647.029031,5083.669781,4931.820346,391.7015117,2659.683101,7401.406618,5407.403068,10680.64391,10329.11004,16343.43221,11397.18471,21942.3071,19401.01902,9227.965376,11269.0374,9525.600739,12509.68306,8361.15018,9900.004927,16705.7867,34291.08387,19327.33274,18138.66761,43.20612715,3322.018718,50.59565371,1370.921893,621.3688405,815.3054297,2394.781109,1538.550581,157.6538948,5074.673679,1295.714286,3010.627872,1553.331895,606.7947799,5783.995002,3499.639389,3434.341462,3702.141775,5284.739149,3387.082768
114,5,Ps,7,553.8197473,4233.430073,663.905964,744.8796798,2002.072261,3199.254958,3893.285505,5387.7363,5724.042817,4519.529378,4059.77277,4864.114534,6178.886338,4942.063774,8165.632522,4982.188172,5798.388049,4749.492986,5421.026692,5395.320501,553.8197473,15248.57512,2360.091538,1308.525779,1512.53839,1968.984847,3962.1735,19880.53599,6567.7515,34969.43136,26509.84049,31320.63409,18553.51856,28476.37912,19789.41363,36639.16773,48882.06747,74293.993,58797.95044,39771.39937,0,703.4356107,798.0176346,499.1889175,783.1437819,2870.537288,3694.943534,4885.543475,4863.040673,2225.555453,3830.241241,2112.31012,5560.416579,3590.401632,4153.629149,5044.829112,7840.570447,3740.468374,16720.80029,3120.971137
115,5,Ps,8,424.8137924,1007.488116,2019.622715,798.8015066,3488.574654,1772.749951,3936.270595,3521.558762,2893.445286,2825.84211,1850.740871,3411.660757,3845.602769,5832.402465,4240.084605,4308.960327,3247.897454,4967.065935,4219.927036,2604.663484,424.8137924,714.1854693,1239.148148,3188.37819,1720.170322,2514.743409,3299.201994,5562.067225,6413.60617,7892.017369,7103.534766,7508.344337,8727.691914,9847.075867,9835.21603,16666.01649,24429.02564,9821.606441,80092.86516,66452.10905,0,5.889635933,1073.525846,47.35497925,730.6053122,1497.6692,612.3211428,2794.349197,1021.668165,535.7110921,870.4044281,2463.75529,2432.301934,491.070937,1441.554036,1709.675473,3540.454892,4513.768347,1606.022823,2841.248439
116,5,Ps,9,759.6262503,976.0764048,2214.017623,3755.469631,2566.664683,2244.177336,2420.727528,2159.723971,3376.104169,1984.061963,3329.80345,3597.808995,2432.430507,5262.380251,7259.274948,3409.463458,4996.416367,5975.745983,4209.306716,3583.145861,759.6262503,35965.22541,66396.15508,47453.23513,49125.96143,51196.83539,43936.86988,43575.15699,45060.25222,7758.593601,45446.05741,49974.87673,109765.2757,102328.4133,105431.5791,121966.0302,49105.43404,60291.40997,139789.2904,94369.87702,127.9757303,254.9288509,240.8725764,1661.293725,719.0449114,1149.557442,746.7464033,1564.567309,1199.878411,2793.996901,469.8428176,1302.743932,3072.373578,1781.825528,1274.28919,1656.215427,2956.536565,1367.82648,678.3063143,1867.824603
117,5,Ps,10,77.44229661,143.3849649,20.66071701,1266.588479,1734.923698,748.7774592,2020.425416,2765.156042,1424.771871,1448.512537,2075.721841,1808.914779,1748.619414,3513.37679,3118.707637,3341.204327,2704.128757,2877.318933,7460.048225,2191.496892,77.44229661,266.4564787,460.9648071,783.2089643,733.1128285,1463.767394,1960.680129,2057.783499,632.397096,9041.503448,6727.005899,6399.128128,9410.176178,22111.65734,12808.08414,7197.524535,38439.51968,14195.33772,94669.82523,8189.054875,0.9629401727,3.544052818,164.8198997,204.5840504,655.9184851,459.5493664,1291.368983,742.1415073,868.6008216,761.7834931,827.241726,1199.642244,858.3043573,610.8095464,6206.427105,1105.257047,1274.144637,1147.892606,1614.574967,3799.212109
118,5,Ps,11,45.01100921,639.7849687,1537.261379,1497.506738,657.0204756,871.1167222,1710.151983,1285.703373,3186.233954,2835.318296,5256.816284,4279.759053,4989.076069,3045.20848,1822.301698,3059.855421,3702.379811,3576.17818,5790.480949,5133.453851,45.01100921,664.6105633,7666.308724,6823.920342,12376.88191,9140.968719,29248.77451,22713.05276,50296.39637,57172.07702,56182.02205,52398.06575,46945.05548,57915.94821,56888.54725,56982.07306,64056.59904,57424.78895,57633.46477,115827.9175,12.34646361,1233.157188,198.9556999,588.1916858,202.5551519,303.2245586,741.3756035,547.1158636,2543.432475,1645.612131,1540.879731,1778.640817,1247.504009,2322.22398,2471.894116,2556.848721,555.2530874,1203.974831,2010.221188,1094.844635
119,5,Ps,12,993.5919096,2166.923782,2523.025163,959.7688041,1428.489172,2146.593493,2923.649069,1620.595802,3118.120167,2238.428909,2133.733578,5343.221864,3778.733586,3496.350766,4342.141097,4941.380336,4204.691957,5081.862953,9336.012968,9190.523009,993.5919096,1950.539853,2429.458661,2898.1404,1030.250042,3492.185509,1411.884709,32661.96139,5204.568478,7234.265074,35487.75778,12829.29677,41769.54835,7294.701351,56579.2062,86420.46045,53610.24502,54800.85987,39234.26084,36511.08598,218.4948415,425.9396387,1104.156001,121.0978343,546.5533127,536.9061095,194.4135993,642.1810613,1176.118462,1247.374444,1574.802145,2123.374183,1040.33563,710.7925405,1084.003294,738.6130386,7505.526905,2918.487627,8564.430667,3248.755721
120,5,Ps,13,22.05467381,266.1435845,2160.596616,2202.323264,1221.870231,1905.636791,1963.332635,2771.310371,3499.452311,6368.058931,4301.46675,3999.237493,3353.393847,3047.967016,5216.65642,4157.118128,4321.757235,3318.477584,2380.170928,4914.08078,22.05467381,22.16886926,9100.280974,172.1371996,456.8762232,1750.685305,3892.792152,2634.262712,1823.74395,2139.459024,5608.088998,35122.64349,30164.51552,6428.301753,14933.74303,11572.8448,56942.01147,19135.74529,54830.64257,29799.67507,1.469582224,33.65101615,374.359529,303.4756758,362.9643856,951.8062187,2066.071329,2053.542242,783.0891899,794.0555969,237.9427575,331.1624223,690.9240524,3665.975841,335.5706666,436.0733609,1326.965853,2315.44415,406.9907817,681.0220012
121,5,Ps,14,60.38232276,687.2725582,1163.148222,955.6231385,1092.963554,2067.213429,2913.732257,2692.74359,1305.069084,3790.98939,2385.947937,5153.192429,4136.649026,1286.226986,3997.547279,2283.084772,2035.931597,6816.114335,3080.008905,3372.690015,60.38232276,979.9634515,1474.825045,3794.959746,4559.248538,2831.608898,9982.975073,9140.704497,3294.857145,18048.83497,52792.85456,21726.5745,36270.27125,34706.91428,62906.99999,87530.40476,73827.76852,76861.40748,66462.3911,93661.80707,3.486797016,549.9854993,147.479647,384.0521429,242.4395095,4047.541508,4793.05696,477.4714489,425.7594901,527.9788596,475.9304496,1070.798156,2230.597857,649.9080773,3013.271053,1465.327622,1628.513532,1858.493998,813.6230817,942.7534306
122,5,Ps,15,30.53157077,684.6551638,391.2861038,2101.54387,2414.38434,2524.837145,3339.19471,3438.426279,3116.757845,2959.526533,1251.309451,1828.040179,4083.018817,3173.274545,1611.381381,3394.75864,1817.849941,4918.934794,2975.532722,2840.096877,30.53157077,918.7299197,20164.89906,15781.05339,19726.28086,9794.634508,9207.995624,46455.85406,17553.77862,32110.37024,34939.50843,18517.19916,23038.74019,46310.41603,37239.73376,50822.46698,38513.58421,106765.5618,38230.10587,55342.53773,1.080653527,44.2263814,335.1223632,35.8981853,106.3601936,98.20861571,1718.767269,120.8078792,173.4135228,832.1671387,250.9227586,323.2341544,562.5086681,393.826513,312.8197553,477.6886693,992.6383201,1269.660242,1495.897225,2948.610362
123,5,Ps,16,27.22542599,309.7041607,219.6062438,1634.009196,1730.499675,2795.463307,1567.979474,4394.999715,5548.123025,7054.746116,4112.137501,1911.260357,6659.278937,5404.040408,3762.777616,3503.218858,4877.115147,4215.813061,4038.364824,2762.192447,27.22542599,3379.585292,461.7635633,289.4106579,3840.647942,5764.396944,10818.81391,38109.72496,21127.47434,13770.4838,27040.17957,19280.57379,19840.64895,53038.14352,54663.66364,26995.69328,36107.08342,56075.96182,36878.0692,45969.20226,0.4600846037,178.8142009,22.77401711,344.3561782,1136.200358,220.2181092,119.0207227,359.8580787,171.8878753,5022.20938,387.130406,511.7249968,655.7346171,2528.990173,1306.75883,1724.123721,1462.982689,6800.970158,959.006609,2260.6827
124,5,Ps,17,403.6883333,2990.993407,2078.54104,2830.629184,2515.617002,1616.000431,3133.424466,2264.737724,2009.544858,1848.076344,2742.184559,3326.394166,2863.265942,3240.046355,3061.591828,3752.473521,4068.297827,4200.466078,5387.712747,2906.137678,403.6883333,406.7230563,9332.972218,31779.91231,3705.679991,1929.524166,4206.951766,5294.551644,7615.807669,7826.934162,58101.81452,50986.98373,66267.48277,45498.16601,70847.33748,54300.89094,117489.2652,72479.57599,42095.88305,74121.32908,4.040999087,58.06493875,2927.788138,411.9644517,775.9383092,981.2546462,546.075478,496.2991898,149.2402471,976.5948861,100.6973793,1111.79829,2417.698929,1000.785098,2136.484788,1612.799981,1732.511126,1292.513848,3164.795901,4448.408758
125,5,Ps,18,874.7777539,1668.296976,3324.110831,2832.948156,10202.98783,4982.966589,6112.523333,3550.67808,3806.370878,5645.405302,7499.156214,4806.88193,20025.83843,7299.12307,7431.184813,4823.385301,8174.729708,6981.041456,9229.174079,18190.62763,874.7777539,876.8912165,2097.461569,9188.678152,19576.21325,5130.495129,23255.15047,26175.62092,11210.98735,44883.53279,10908.7887,45847.48068,5847.106684,11162.0813,40924.39179,34159.64802,18731.83061,21575.97466,24073.55591,21074.2546,128.1729727,270.5328271,902.6873117,4666.999474,812.0851912,968.3308278,1641.606378,1589.511187,2700.151671,23275.03223,1554.321957,3164.014576,2095.032848,14929.24076,2039.656646,5663.996522,1510.963231,4741.212756,5807.708207,2561.326049
126,5,Ps,19,899.0399477,3480.515061,3482.156219,4587.452569,6443.300171,4743.197893,6355.803089,6170.485098,7253.21256,3462.606036,3055.579372,3549.183389,3658.24707,4869.056679,6392.274893,7321.913942,5865.254853,7823.099504,6151.133791,7295.590548,899.0399477,894.5296813,3849.516982,8743.000602,8720.764087,9826.861511,9517.135492,9271.929156,9883.153184,8736.833318,13968.50924,11678.28006,23936.89035,32516.7035,114298.1055,32540.95924,30256.02802,39653.90976,33482.95617,46497.94025,93.22599295,466.7141841,1496.107112,898.2610108,351.8478593,2791.240895,427.8230887,759.5771051,1620.733979,9521.71869,1040.788155,10531.57407,13070.93994,1623.398924,2367.826469,4977.435184,1145.764056,4770.65929,3268.286374,7094.69504
127,5,Ps,20,136.7608388,660.9947369,4388.351093,2667.756189,2276.517395,5545.895929,3850.205089,3897.76606,5123.843681,8938.334229,8001.801851,6729.433334,8161.592108,12552.30518,9510.258349,5280.560733,9499.769204,5056.033385,5784.96605,6171.502569,136.7608388,468.1863629,1252.550052,2775.617404,12615.83223,3856.577765,15307.21055,6090.132591,43724.1147,13354.73067,23143.50271,45306.53215,47863.66056,37660.20174,49088.37755,65704.58937,53888.47572,91505.57216,53454.38859,68008.92488,37.27964206,130.3991687,854.2508662,695.423458,1040.827075,787.5643973,1756.576455,1912.760547,999.6075071,9945.061153,6042.662368,2797.938288,5155.182209,2848.908033,2649.940294,4177.203583,3176.89095,4658.869851,7834.642161,3073.305183
128,5,Ps,21,80.02854496,217.6959406,2040.661609,5112.552842,3098.52515,4823.324484,4354.536376,4286.080308,4364.840387,5326.289717,5375.082971,5190.872044,5116.615718,5997.065405,10574.49288,4151.344501,3001.473583,5249.733178,7711.636662,6710.413529,80.02854496,50117.64305,50892.79842,43821.27924,2172.736622,2172.736622,112807.8046,83632.13083,245748.9599,239089.8743,74218.65801,118433.3227,187346.887,321597.459,247536.7065,204669.3867,76593.36219,185684.4043,300365.0365,317614.6245,8.748504878,114.0076523,333.7488526,1915.790077,2037.160887,6231.815945,3529.383938,6832.874396,545.0381032,4555.299819,6653.293618,11474.43542,6008.013236,4847.47098,4121.840498,5175.641087,5403.303027,3988.328424,4990.828292,3424.619445
