number,classNumber,className,numberInClass,1 V,2 V,3 V,4 V,5 V,6 V,7 V,8 V,9 V,10 V,11 V,12 V,13 V,14 V,15 V,16 V,17 V,18 V,19 V,20 V,21 V,22 V,23 V,24 V,25 V,26 V,27 V,28 V,29 V,30 V,31 V,32 V,33 V,34 V,35 V,36 V,37 V,38 V,39 V,40 V,41 V,42 V,43 V,44 V,45 V,46 V,47 V,48 V,49 V,50 V,51 V,52 V,53 V,54 V,55 V,56 V,57 V,58 V,59 V,60 V
1,1,Pi,1,0.12924,-0.84422,-0.24046,-0.35985,0.14184,-0.71054,0.75207,0.31256,1,-0.016229,-0.63222,-0.80559,0.71651,-0.68728,-0.26534,-0.71654,-0.053125,-0.37897,-0.15343,0.22669,0.12924,-0.95503,-0.94988,-0.98276,-0.78062,-0.94167,0.0095698,-0.86821,-0.50505,-0.20383,0.21031,-0.48493,1,-0.40381,-0.27858,-0.57477,0.85767,0.0031897,-0.076215,-0.60172,-0.79607,-0.954,-0.86992,-0.81588,-0.84982,-0.51715,-0.51534,-0.37225,-0.30967,-0.90046,-0.33036,0.15076,-0.077695,1,-0.65765,-0.53583,-0.71012,-0.53724,-0.58434,-0.56636
2,1,Pi,2,-0.95663,-0.19685,-0.63884,-0.68387,-0.31759,-0.82075,0.22383,-0.4914,0.28048,-0.64931,-0.83887,-0.70101,-0.73406,-0.75472,-0.56568,-0.55025,-0.65115,-0.72764,-0.72264,-0.53869,-0.95663,-0.99804,-0.8457,-0.84804,-0.56065,-0.52845,-0.75803,-0.41508,-0.50999,-0.43099,0.0040241,-0.50576,-0.81516,-0.17388,-0.26901,-0.42441,-0.28825,-0.25755,-0.43564,0.077708,-1,-0.74481,-0.94063,-0.92284,-0.88812,-0.76702,-0.16571,-0.88706,0.068849,-0.88811,-0.72839,-0.30248,-0.6477,-0.76987,-0.9193,-0.87849,-0.85292,-0.72646,-0.67182,-0.62422
3,1,Pi,3,-0.91892,-0.058119,-0.92885,-0.96317,-0.61892,-0.79861,-0.70497,-0.5763,-0.49782,-0.29877,-0.77716,-0.43977,-0.61794,-0.77111,-0.82507,-0.63504,-0.52302,-0.77148,-0.58159,-0.47467,-0.91892,-0.84704,-0.86,-0.87626,-0.8898,-0.75551,-0.90827,-0.83947,-0.92296,-0.90631,-0.71714,-0.79307,-0.50265,-0.4298,-0.88154,-0.12674,-0.42525,0.027787,-0.22292,-0.45833,-0.99822,-0.9032,-1,-0.99839,-0.99035,-0.88916,-0.91864,-0.77559,-0.42175,-0.72333,-0.25848,-0.50011,-0.86313,-0.77057,-0.77014,-0.82431,-0.88716,-0.91463,-0.7485,-0.65027
4,1,Pi,4,-0.22969,0.42518,-0.80967,-0.88348,-0.61657,-0.86755,-0.3575,-0.08455,0.70414,-0.12667,-0.769,1,-0.21949,-0.70485,-0.32506,-0.3569,-0.448,-0.10579,-0.42897,0.45654,-0.22969,-0.82283,-0.80675,-0.72364,0.80958,-0.85298,0.13408,0.061877,-0.42336,0.3067,0.088172,-0.19375,-0.73652,-0.19673,0.15501,0.37729,0.13537,-0.52499,1,-0.1272,-0.69537,-0.5339,-0.95067,-0.8005,-0.95224,-0.86188,-0.91987,-0.86725,-0.63814,-0.59307,-0.19377,0.11455,-0.20058,-0.7797,-0.76915,0.01889,-0.30587,-0.49132,-0.49076,0.68711
5,1,Pi,5,0.006767,0.10898,0.27159,-0.52936,0.37911,-0.37005,-0.096569,0.49474,0.34236,0.86171,-0.54281,0.48707,-0.4035,-0.48711,0.15822,-0.11602,0.41733,-0.52891,0.36078,0.93333,0.006767,-0.55716,-0.54393,-0.6323,-0.0645,-0.7085,-0.15129,-0.32831,-0.45955,0.39945,-0.053066,0.06523,-0.0064186,0.33706,-0.34756,-0.26875,-0.33861,0.22742,-0.26371,0.33115,-0.84464,-0.95498,-0.83106,-0.64972,-0.5019,-0.15224,0.29275,0.0022551,0.024652,-0.42191,0.17674,0.030743,-0.46008,0.39763,-0.32603,0.55348,-0.73222,-0.63691,-0.39479,0.41445
6,1,Pi,6,-0.20399,0.2765,-0.30187,-0.39246,0.30421,-0.28893,-0.30689,0.2878,-0.63781,-0.76415,-0.69548,-0.31483,-0.22774,-0.71734,-0.79044,-0.6567,-0.013877,-0.39649,-0.49444,0.30024,-0.20399,-0.57553,-0.80121,-0.59362,-0.47385,-0.35258,-0.33798,0.37728,-0.48327,0.80792,0.17946,0.31311,0.20405,0.75545,-0.25086,-0.38784,0.5703,1,-0.70132,-0.028881,-0.9709,-0.86265,-0.70266,-0.60885,-0.58893,-0.80768,-0.67004,0.37427,-0.92274,-0.90884,-0.62664,-0.54064,-0.42798,-0.7917,-0.5338,-0.21914,-0.95125,-0.90963,-0.52047,0.40378
7,1,Pi,7,-0.92914,-0.75752,-0.67207,-0.54492,-0.044441,-0.50836,-0.19426,0.057294,0.23962,0.0051129,-0.69393,-0.032025,-0.11716,-0.61411,-0.2714,-0.37176,0.20222,0.13605,-0.35573,-0.34089,-0.92914,-0.99716,-0.83783,-0.85632,0.76609,0.24093,0.27579,0.29659,-0.13039,-0.78336,0.1389,-0.75612,0.54657,0.54229,0.81594,-0.8755,0.69758,-0.80321,-0.80018,0.3611,-0.95425,-0.98431,-0.88698,-0.92101,-0.8141,-0.92073,-0.61346,-0.37026,-0.1351,-0.61976,-0.27905,-0.089559,-0.5333,-0.55207,-0.84147,-0.17184,-0.59908,-0.40397,-0.83584,-0.14158
8,1,Pi,8,-0.79626,-0.59619,-0.52139,-0.36605,-0.75541,-0.099888,-0.796,0.44717,-0.43329,0.19285,-0.85316,0.763,-0.74322,-0.52464,-0.31627,-0.061915,0.26589,-0.013231,-0.076892,0.37825,-0.79626,-0.99187,-0.96786,-0.85165,-0.82446,-0.68599,-0.70357,-0.7365,-0.75915,-0.60637,-0.84477,-0.72113,-0.72849,-0.57377,-0.88377,-0.69501,-0.84443,-0.74676,-0.6298,-0.62715,-0.94152,-0.97448,-0.93606,-0.90943,-0.71361,-0.45453,-0.64428,-0.84739,-0.745,-0.60915,-0.51554,-0.46015,-0.77056,-0.25286,-0.5791,-0.26576,-0.5276,-0.53264,-0.41484,-0.73194
9,1,Pi,9,-0.54696,-0.34427,-0.45797,-0.62054,-0.76816,-0.60449,-0.35616,-0.5959,0.16794,0.37119,-0.37461,0.24607,0.011272,-0.67017,-0.61691,-0.23966,-0.15769,-0.2774,0.25475,0.35094,-0.54696,-0.18986,-0.41047,-0.94995,-0.10632,-0.39084,-0.38578,-0.40143,-0.86905,-0.8534,-0.56399,-0.83453,-0.92907,-0.81932,-0.80715,-0.65859,-0.90404,-0.80058,-0.66776,-0.83097,-0.90983,-0.75094,-0.60717,-0.88792,-0.45262,-0.76767,-0.53449,0.16373,-0.49643,0.11702,-0.66179,0.46479,-0.72589,-0.57124,0.14479,-0.36717,-0.55414,-0.4416,-0.40696,0.19915
10,1,Pi,10,-0.66938,-0.51061,-0.65654,-0.29839,-0.54486,-0.38752,-0.39278,0.55581,0.49117,0.073078,-0.56576,-0.28615,-0.64219,-0.6887,-0.3159,-0.52309,-0.11335,-0.15782,0.37686,0.73807,-0.66938,1,-0.58312,-0.63149,-0.71309,-0.88466,-0.85768,-0.75766,-0.064833,0.36047,-0.63279,0.59891,0.56003,-0.56368,-0.48759,-0.059167,-0.60245,-0.068561,0.17427,0.084015,-0.96311,-0.99213,-0.8772,-0.76448,-0.7875,-0.78314,-0.58119,-0.66659,-0.6436,-0.54438,-0.63909,-0.59839,-0.82177,-0.021024,-0.89011,0.076502,-0.94838,-0.43505,-0.7772,-0.50806
11,1,Pi,11,-0.39048,-0.88126,-0.41746,-0.73748,-0.70281,-0.56086,-0.35961,-0.1236,-0.16687,-0.40949,-0.48601,-0.41331,-0.40443,-0.62066,-0.43108,-0.62952,0.16065,-0.34737,-0.10192,-0.0038511,-0.39048,-0.96569,1,0.63142,-0.54167,-0.68046,-0.57723,-0.67748,-0.74832,-0.65741,-0.56341,-0.41779,-0.74518,-0.08921,-0.72621,-0.41537,-0.52217,-0.45385,0.2324,0.25245,0.27081,-0.93088,-0.65335,-0.8162,-0.55957,-0.57545,0.091317,-0.50325,0.17137,-0.045135,0.16683,-0.044631,-0.40796,-0.51198,-0.56292,-0.25326,1,-0.705,-0.72945,-0.073019
12,1,Pi,12,-0.9449,-0.95566,-0.91094,-0.73128,-0.69909,-0.16809,-0.59933,-0.44243,-0.61668,-0.73189,-0.86349,-0.053846,-0.31416,0.25449,-0.44481,-0.29772,-0.1136,-0.47358,-0.37401,0.10208,-0.9449,-0.72761,-0.80996,-0.74844,-0.69029,-0.85936,-0.26847,-0.14417,-0.64005,0.26984,0.18869,0.029339,-0.0028724,-0.039168,-0.25693,1,-0.3537,0.77221,0.1614,-0.27017,-0.99891,-0.94491,-0.99365,-0.86725,-0.78727,-0.56201,-0.60251,-0.76401,-0.58211,-0.82512,-0.69745,-0.51743,-0.6126,0.06724,-0.7862,-0.42545,-0.62646,-0.41297,-0.51542,-0.65618
13,1,Pi,13,-0.43227,0.17651,0.49991,0.4998,0.92173,1,0.44358,-0.27755,0.93057,-0.19593,1,0.0015935,-0.47621,1,-0.59023,-0.65827,-0.51231,-0.66649,-0.44252,-0.08616,-0.43227,-0.14297,-0.30349,-0.30564,-0.00077163,0.37868,0.84555,0.16516,-0.19284,0.074017,-0.3721,0.091823,0.18967,0.57157,-0.25896,-0.65335,0.22774,-0.23038,-0.43865,-0.42603,-0.91112,-0.80098,-0.16226,-0.45767,-0.24763,-0.073016,-0.013214,-0.56812,0.26658,0.047636,-0.28194,-0.24249,1,-0.49612,0.71002,-0.50904,-0.3634,-0.53356,-0.21908,-0.69488
14,1,Pi,14,-0.39344,-0.71116,-0.2764,-0.18393,-0.55271,-0.53652,0.023523,-0.011454,0.070268,-0.33652,-0.71207,-0.54714,-0.74713,-0.74677,-0.54759,-0.77019,0.42965,-0.11361,-0.53435,-0.36828,-0.39344,-0.97515,-0.91432,-0.97323,-0.92375,-0.74867,-0.70338,-0.78749,-0.83363,-0.81769,-0.74205,-0.55272,-0.12866,-0.21113,-0.15437,-0.17671,-0.52368,-0.71239,0.017764,0.13862,-0.99781,-0.53428,-0.96958,-0.58308,-0.83246,-0.97923,-0.254,-0.21698,-0.196,-0.36732,-0.20751,-0.5715,-0.61143,-0.49585,1,0.072675,-0.91106,-0.88638,-0.68079,-0.37947
15,1,Pi,15,-0.33464,0.47141,-0.79283,-0.73084,-0.35544,-0.56273,-0.32496,-0.27248,0.067618,0.16176,-0.8251,-0.015376,-0.028821,-0.83187,-0.48717,-0.63814,-0.35246,-0.5703,-0.43781,-0.40595,-0.33464,-0.85361,-0.77747,-0.55688,-0.41869,-0.70759,-0.74745,-0.38117,-0.56793,-0.80056,-0.7787,-0.76418,-0.83217,-0.79612,-0.76163,-0.88633,-0.44709,-0.86777,-0.58544,-0.57873,0.85266,-0.3314,-0.83568,-0.93573,-0.6853,-0.44152,-0.75536,-0.57743,-0.067925,0.1211,0.36964,0.81098,0.088665,-0.23994,-0.61571,-0.1104,-0.67863,-0.59199,-0.78525,-0.50515
16,1,Pi,16,-0.9995,-0.92446,-0.56161,-0.7069,1,-0.61982,0.0026903,1,0.72147,1,-0.53733,0.77047,-0.35755,-0.48502,-0.04963,-0.58626,-0.10704,0.0409,0.015306,-0.047699,-0.9995,-0.98742,-0.99346,-0.99831,-0.91939,-0.8687,-0.87192,-0.86068,-0.57493,-0.57553,-0.78449,-0.7167,-0.51937,-0.84353,-0.67048,-0.20919,-0.65172,-0.34947,-0.42215,-0.58619,-0.99991,-0.88895,-0.90845,-0.79743,-0.81574,-0.42391,-0.44432,-0.79697,0.66654,-0.27049,-0.59935,-0.54522,-0.19506,0.074723,-0.81993,0.78039,-0.68958,-0.47688,1,-0.081152
17,1,Pi,17,-0.98409,-0.2967,-0.83397,-0.39426,0.41115,-0.3082,-0.20899,0.098184,0.30395,0.16905,-0.67874,-0.36019,-0.37025,-0.37711,-0.65731,-0.70107,-0.10477,-0.55327,-0.1746,0.34718,-0.98409,-0.99935,-0.98336,-0.90494,-1,-0.97609,-0.94947,-0.6881,-0.81118,-0.79072,-0.54106,-0.78569,-0.82457,-0.86658,-0.53505,-0.59028,-0.52303,-0.60805,-0.77056,-0.77586,-0.99766,-0.61627,-0.80971,-0.78307,-0.68545,-0.93755,-0.8824,-0.69727,-0.96025,-0.53419,-0.12888,-0.12577,-0.79418,-0.74794,-0.83279,0.065549,-0.87861,-0.52784,-0.73734,-0.69619
18,1,Pi,18,-0.99992,-0.882,-0.38821,-0.49609,-0.6794,-0.63576,0.09157,-0.13581,0.63803,-0.50625,-0.74857,-0.6826,-0.81769,-0.66714,0.31904,-0.11819,-0.15596,-0.66644,-0.29657,-0.72129,-0.99992,-1,-0.99346,-0.98894,-0.96555,-0.79892,-0.93931,-0.74731,-0.40962,-0.72512,-0.29076,-0.23277,-0.73624,-0.27618,-0.59708,-0.21779,-0.32996,-0.19028,-0.28253,-0.48221,-1,-1,-0.80462,-0.88579,-0.94853,-0.73517,-0.76146,-0.32835,-0.65021,-0.65845,-0.2846,-0.84307,-0.0064806,0.083461,-0.85469,0.48419,-0.84863,-0.75748,-0.42355,-0.1059
19,1,Pi,19,-0.68805,-0.29969,-0.96727,-0.89512,-0.4784,-0.77903,-0.12766,-0.48165,-0.49552,-0.63367,-0.87395,-0.71485,-0.55961,-0.6311,-0.33736,-0.60651,-0.50816,-0.55904,-0.22852,-0.31977,-0.68805,-0.98797,0.12379,-0.88617,0.552,-0.97603,-0.94105,-0.96039,-0.92329,-0.91425,-0.9543,-0.83636,-0.8999,-0.92955,-0.91791,-0.82469,-0.54136,-0.6858,-0.51494,-0.83263,-0.93795,-0.97929,-0.96553,-0.93989,-0.36937,-0.97745,-0.8136,-0.59196,-0.57963,-0.63353,-0.70266,-0.91204,-0.93975,-0.60311,-0.46362,-0.79131,-0.74753,-0.80203,-0.81324,-0.77123
20,1,Pi,20,-0.84256,-0.76066,-0.94868,-0.95988,-0.80643,-0.61817,-0.73381,0.026848,-0.26425,-0.37899,-0.70136,-0.14726,-0.52655,-0.7924,-0.69424,-0.64463,0.158,-0.51375,-0.37146,-0.15898,-0.84256,-0.99396,-0.71579,-0.9403,-0.90918,-0.89832,-0.48639,-0.23001,-0.83289,-0.1975,-0.91699,-0.20982,-0.5993,-0.54846,-0.58845,-0.37515,0.13064,-0.40098,-0.3117,0.0067597,-0.99441,-0.99948,-0.9691,-0.99881,-0.98886,-0.80332,-0.80445,-0.96406,-0.92672,-0.95588,-0.96068,-0.83869,-0.90204,-0.80429,-0.94386,-0.91592,-0.93437,-0.81389,-0.87954,-0.95807
21,1,Pi,21,-0.72048,-0.12342,-0.51891,-0.98359,-0.95841,-0.90832,-0.58212,-0.65087,0.21176,-0.18527,-0.52175,-0.25974,-0.14177,-0.61354,-0.69197,-0.58317,-0.32466,-0.60996,-0.5926,-0.33441,-0.72048,-0.28022,-0.19992,-0.59865,-0.27806,-0.5485,-0.64251,-0.80413,-0.80978,-0.6789,-0.52755,-0.85346,-0.88475,-0.47044,-0.76186,-0.4623,-0.68563,-0.77163,-0.64379,-0.182,-0.99359,-0.8196,-0.97914,-0.99932,-0.98701,-0.55075,-0.54873,-0.98571,-0.99905,-0.79739,-0.54546,-0.45845,0.0054335,-0.92669,-0.91473,-0.77426,-0.77779,-0.15889,-0.89072,-0.63847
22,1,Pi,22,-0.17893,-0.35684,0.70232,-0.70954,-0.16555,-0.45348,-0.33719,-0.026046,-0.26023,-0.46694,-0.78712,-0.72681,-0.33351,-0.79535,-0.69774,-0.69301,-0.72056,-0.29971,-0.72454,-0.25084,-0.17893,-0.96814,-0.66958,-0.91792,-0.85372,-0.91664,-0.58038,-0.59355,-0.79267,-0.69699,-0.73493,-0.68921,-0.7479,-0.80976,-0.80911,-0.61228,-0.70668,-0.90906,-0.66113,-0.53173,-0.96859,-0.97521,-0.92664,-0.91537,-0.52855,-0.91767,-0.87917,-0.72287,-0.90317,0.24308,-0.82766,-0.81038,-0.86807,-0.72267,-0.71819,1,-0.91208,-0.34154,-0.82707,-0.76784
23,2,E7,1,-0.67681,-0.69276,-0.36147,-0.38719,-0.7208,-0.57769,-0.68695,-0.77294,-0.03985,-0.40909,-0.76314,-0.43238,-0.38382,-0.64907,-0.47609,-0.7553,0.40954,-0.49172,-0.5379,-0.7,-0.67681,-0.96214,-0.97596,-0.97708,-0.94773,-0.98769,-0.99249,-0.98726,-0.97825,-0.96726,-0.97049,-0.95683,-0.89813,-0.93117,-0.90295,-0.94014,-0.93321,-0.92917,-0.92569,-0.91489,-0.22929,-0.7516,-0.62224,-0.88711,-0.8223,0.39747,-0.89023,-0.81368,-0.40552,-0.7109,-0.083281,-0.035245,-0.60042,-0.28104,-0.7414,-0.026907,-0.54033,-0.52937,-0.7175,-0.51832
24,2,E7,2,-0.6499,-0.74942,1,0.037796,-0.25547,-0.54794,0.064345,-0.6391,0.69666,0.38317,-0.51099,-0.44245,-0.086687,-0.41192,-0.16102,-0.46594,0.050104,-0.038339,0.56025,1,-0.6499,-0.9763,-0.95083,-0.86722,-0.87986,-0.94148,-0.9384,-0.94217,-0.89048,-0.94331,-0.9272,-0.92915,-0.94105,-0.81071,-0.90163,-0.86148,-0.88597,-0.8816,-0.81538,-0.86686,-0.96798,-0.97501,0.25001,-0.8427,-0.7825,-0.79565,-0.45478,-0.31567,-0.86664,-0.90286,-0.91318,-0.69665,0.068123,-0.61142,-0.79167,-0.63625,-0.78917,0.067447,-0.11536,1
25,2,E7,3,-0.98984,-0.90057,-0.85202,-0.78468,-0.31405,-0.80204,-0.40547,-0.64835,-0.061026,-0.60214,-0.73381,-0.362,-0.56089,-0.81227,-0.54938,-0.39467,-0.39398,-0.46364,-0.45699,-0.33453,-0.98984,-0.83193,-0.8977,-0.90767,-0.79912,-0.88453,-0.64745,-0.90281,-0.86699,-0.72052,-0.80508,-0.69249,-0.68308,-0.71572,-0.83645,-0.42134,-0.87639,-0.58441,-0.44312,-0.8506,-0.99738,-0.94066,-0.70738,-0.9809,-0.7126,-0.80244,-0.51859,-0.60879,-0.64877,-0.81785,-0.67191,-0.4965,-0.54566,-0.72751,-0.81316,-0.7051,-0.78975,-0.76025,-0.5376,-0.40197
26,2,E7,4,-0.51588,-0.14513,-0.4515,-0.70689,-0.74126,-0.62172,-0.63522,-0.35577,-0.081618,-0.22768,-0.81145,-0.87925,-0.5984,-0.70154,-0.65168,-0.68041,-0.6787,-0.76826,-0.68957,-0.41059,-0.51588,-0.88052,-0.94225,-0.89194,-0.85252,-0.48322,-0.91545,-0.94034,-0.9155,-0.28854,-0.81831,-0.12088,-0.034742,-0.81285,-0.25859,-0.39014,-0.58722,-0.7654,-0.078714,-0.16506,-0.97878,-0.8302,-0.85097,-0.94619,-0.8364,-0.85407,-0.7804,-0.78992,-0.79012,-0.80443,-0.87516,-0.90223,-0.92695,-0.33017,-0.90747,-0.65125,-0.88329,-0.92553,-0.87448,-0.52746
27,2,E7,5,-0.90203,-0.52193,-0.73921,-0.96331,-0.6735,-0.74708,-0.51549,-0.73229,-0.52879,-0.67225,-0.79907,-0.48661,-0.86243,-0.83077,-0.80543,-0.6318,-0.52749,-0.65836,-0.72822,-0.19782,-0.90203,-0.98846,-0.96389,-0.79773,-0.82782,-0.81415,0.34778,-0.88117,-0.92243,-0.31043,-0.43106,-0.6765,-0.43317,-0.24976,-0.6282,-0.58361,0.38598,-0.23996,-0.34648,-0.58426,-0.94429,-0.91349,-0.89658,-0.9815,-0.72179,-0.72949,-0.5619,-0.69973,-0.85673,-0.76242,-0.51851,0.29755,-0.79248,-0.29394,-0.85671,-0.61149,-0.68059,-0.74853,-0.7754,-0.50493
28,2,E7,6,-0.68221,-0.25948,-0.26869,-0.737,-0.53046,-0.36761,-0.5035,-0.62456,-0.10674,-0.20217,-0.79097,-0.66612,-0.22951,-0.82818,-0.54284,-0.8352,-0.69469,-0.58908,-0.36775,0.00085617,-0.68221,-0.66251,-0.7289,-0.78422,-0.4065,-0.6529,-0.56262,-0.64939,-0.59842,-0.41453,-0.67523,-0.59379,-0.73188,-0.61332,-0.48467,-0.49935,-0.66586,0.097863,0.44985,-0.10749,-0.93615,-0.93858,-0.81051,-0.8355,-0.65001,-0.3457,-0.27453,-0.26082,-0.35226,-0.67368,-0.32204,0.045722,-0.33859,-0.62739,-0.71269,-0.42263,-0.76249,-0.52589,-0.69808,-0.36162
29,2,E7,7,-0.99933,-0.94237,-0.95881,-0.95195,-0.9203,-0.9166,-0.86013,-0.85633,-0.96938,-0.9437,-0.98248,-0.88601,-0.91665,-0.95855,-0.94566,-0.97535,-0.9689,-0.96842,-1,-0.90383,-0.99933,-0.99991,-0.96397,-0.99702,-0.93614,-0.89612,-0.94815,-0.86499,-0.97819,-0.81736,-0.88548,-0.94775,-0.98257,-0.95376,-0.97354,-0.97508,-0.94961,-0.93748,-0.66766,-0.93768,-0.99986,-0.95964,-0.98739,-0.97049,-0.94937,-0.86909,-0.88935,-0.87914,-0.9709,-0.94583,-0.97377,-0.91667,-0.94881,-0.91129,-0.96819,-0.91856,-0.97392,-0.95934,-0.96521,-0.97412
30,2,E7,8,-0.99837,-0.92141,-0.96398,-0.94443,-0.86157,-0.91488,-0.76183,-0.97146,-0.84356,-0.97268,-0.98431,-0.97618,-0.95486,-0.98006,-0.95097,-0.95428,-1,-0.97006,-0.92712,-1,-0.99837,-0.99192,-0.99644,-0.99573,-0.97951,-0.99018,-0.97472,-0.98257,-0.98236,-0.98369,-0.98182,-0.98052,-0.97829,-0.99253,-0.98821,-0.98297,-0.94935,-0.94002,-0.94602,-0.98474,-0.99959,-0.96523,-0.96768,-0.96547,-0.96912,-0.94131,-0.93315,-0.94442,-0.91117,-0.96998,-0.914,-0.81711,-0.96418,-0.90069,-0.90953,-1,-0.96298,-0.95135,-0.97445,-0.89465
31,2,E7,9,-0.98496,-0.97915,-1,-0.98024,-0.99087,-0.96186,-0.89965,-0.93078,-0.99535,-0.93941,-0.95155,-0.88662,-0.89303,-0.97449,-0.96752,-0.89963,-0.91767,-0.91096,-0.95964,-0.93159,-0.98496,-0.98976,-0.9997,-1,-0.99269,-0.99507,-0.99817,-0.99876,-0.99775,-0.97704,-0.97835,-0.95086,-0.95271,-0.95422,-0.9263,-0.98058,-0.94667,-0.98685,-0.97935,-0.94002,-0.99642,-0.89912,-0.96098,-0.98865,-0.97148,-0.95247,-0.92081,-0.91745,-0.92377,-0.94179,-0.91345,-0.86836,-0.95978,-0.90893,-0.94579,-0.92088,-0.93584,-0.94245,-0.92861,-0.86784
32,2,E7,10,-0.9866,-0.88712,-0.95271,-0.96176,-0.96252,-0.86863,-0.88127,-0.83556,-0.89196,-0.91003,-0.97068,-0.89031,-0.93532,-0.93325,-0.91157,-0.90752,-0.90083,-0.88301,-0.94175,-0.95732,-0.9866,-0.99185,-0.99611,-0.99708,-0.9924,-0.99258,-0.98798,-0.97931,-0.99038,-0.9826,-0.99184,-0.97416,-0.99418,-0.95862,-0.97912,-0.98358,-0.9641,-0.97144,-0.95025,-0.95801,-0.99562,-0.95324,-0.89575,-0.9865,-0.96899,-0.839,-0.80031,-0.96287,-0.81293,-0.94017,-0.93685,-0.75519,-0.84482,-0.82352,-0.902,-0.91133,-0.9715,-0.86926,-0.9532,-0.83099
33,2,E7,11,-0.96034,-0.94688,-0.91915,-0.94076,-0.8824,-0.89374,-0.889,-0.88801,-0.86918,-0.91049,-0.95907,-0.85149,-0.91298,-0.95628,-0.93589,-0.94372,-0.82114,-0.83852,-0.91555,-0.87425,-0.96034,-0.99351,-0.99406,-0.99455,-0.98861,-0.99412,-0.98969,-0.99073,-0.98989,-0.99686,-0.95259,-0.97481,-0.9537,-0.97576,-0.96575,-0.98303,-0.96009,-0.99951,-0.9509,-0.95831,-0.99138,-0.89718,-0.9968,-0.97696,-0.9434,-0.83672,-0.94241,-0.95736,-0.79777,-0.8977,-0.89989,-0.81186,-0.89639,-0.87116,-0.90083,-0.74982,-0.95371,-0.86102,-0.88824,-0.72945
34,2,E7,12,-0.97501,-0.94584,-0.95832,-0.95604,-0.93078,-0.92065,-0.86782,-0.85829,-0.90189,-0.92944,-0.94777,-0.94538,-0.94215,-0.97514,-0.98079,-0.88212,-0.8456,-0.97751,-0.96246,-0.925,-0.97501,-0.9944,-0.99693,-0.99607,-0.991,-0.99505,-0.99334,-0.98058,-0.99766,-0.99359,-0.99984,-0.96233,-0.96914,-0.97011,-0.97192,-0.96185,-0.96703,-0.9669,-0.97655,-0.9399,-0.99839,-0.98152,-0.99881,-0.98838,-0.9519,-0.86794,-0.94256,-0.95311,-0.95295,-0.92264,-0.90042,-0.88224,-0.97975,-0.85445,-0.96821,-0.80591,-0.97019,-0.93262,-0.97586,-0.90423
35,2,E7,13,-0.99995,-0.99692,-0.95032,-0.96841,-0.93864,-0.93584,-0.89986,-0.83584,-0.88967,-0.91418,-0.95511,-0.89758,-0.90013,-0.97782,-0.96331,-0.99732,-0.91925,-0.95163,-0.94907,-0.94107,-0.99995,-0.99291,-0.99823,-0.99726,-0.99081,-0.99429,-0.99053,-0.98605,-0.99514,-0.9921,-0.99278,-0.99361,-0.97942,-0.99572,-0.99396,-0.99293,-0.97401,-0.99483,-1,-0.98527,-0.99999,-0.99226,-0.90039,-0.99101,-0.96424,-0.97407,-0.8814,-0.88469,-0.96068,-0.95122,-0.95547,-0.89459,-0.96578,-0.88038,-0.95837,-0.96764,-0.96428,-0.9492,-0.9534,-0.90514
36,2,E7,14,-0.9928,-0.98173,-0.94345,-0.9372,-0.92259,-0.94905,-0.878,-0.83741,-0.85219,-0.92716,-0.94672,-0.82017,-0.84871,-0.89464,-0.9301,-0.85265,-0.93064,-0.93129,-0.86055,-0.91714,-0.9928,-0.99801,-0.99587,-0.99472,-0.98407,-0.99233,-0.99373,-0.98936,-0.99321,-0.99848,-0.95994,-0.98148,-0.98587,-0.98855,-0.98215,-0.97842,-0.96926,-0.98542,-0.94932,-0.99132,-1,-0.99129,-0.88628,-0.98625,-0.95595,-0.89956,-0.87511,-0.9299,-0.91339,-0.93346,-0.86289,-0.84649,-0.95001,-0.91056,-0.92758,-0.90342,-0.96388,-0.95289,-0.92949,-0.94827
37,2,E7,15,-0.91761,-0.92206,-0.96071,-0.96389,-0.93565,-0.90547,-0.89478,-0.79935,-0.88607,-0.88208,-0.94102,-0.91427,-0.92018,-0.97251,-0.93617,-0.95263,-0.93458,-0.96156,-0.96402,-0.92574,-0.91761,-0.98855,-0.99679,-0.99679,-0.99284,-0.97664,-0.95824,-0.98514,-0.99087,-0.97317,-0.97262,-0.96028,-0.98293,-0.99079,-0.9548,-0.98419,-1,-0.95819,-0.99826,-0.98281,-1,-0.99443,-0.97025,-0.97835,-0.8985,-0.98102,-0.97422,-0.902,-0.97655,-0.88227,-0.92007,-0.90007,-0.8831,-0.86698,-0.95457,-0.91339,-0.93224,-0.9182,-0.96126,-0.94791
38,2,E7,16,-0.87939,-0.82141,-0.84956,-0.95994,-0.87113,-0.96887,-0.91686,-0.95013,-0.87896,-0.87375,-0.95368,-0.90987,-0.95863,-0.98823,-0.95054,-0.9671,-0.95484,-0.95563,-0.90786,-0.92887,-0.87939,-0.98283,-0.99737,-0.99637,-0.99219,-0.99537,-0.99769,-0.99046,-0.99501,-0.99632,-0.99924,-0.99446,-0.99166,-0.94991,-0.9996,-0.99276,-0.99499,-0.98985,-0.99842,-0.98892,-0.86298,-0.92452,-0.74778,-0.97097,-0.94373,-0.91996,-0.91774,-0.81496,-0.90864,-0.9373,-0.87093,-0.86323,-0.96691,-0.8469,-0.9352,-0.88641,-0.97257,-0.97665,-0.87387,-0.86828
39,2,E7,17,-0.98053,-0.99241,-0.98453,-0.94812,-1,-0.94042,-0.86312,-0.93214,-0.96251,-0.95883,-0.96626,-0.93285,-0.94606,-0.94958,-0.9702,-0.95426,-0.8652,-0.93475,-0.97553,-0.93264,-0.98053,-0.99835,-0.99869,-0.9969,-0.99435,-0.99292,-1,-0.99879,-0.99892,-0.99871,-1,-0.98325,-0.97102,-0.98714,-0.95634,-0.95353,-0.94412,-0.96037,-0.97012,-0.94252,-0.99306,-0.99843,-0.99095,-0.97335,-0.95484,-0.92821,-0.8426,-0.93272,-0.96842,-0.9365,-0.92916,-0.87991,-0.94566,-0.89992,-0.96243,-0.93979,-0.98167,-0.94827,-0.97736,-0.91599
40,2,E7,18,-0.98596,-0.99538,-0.93424,-0.98242,-0.95071,-0.94718,-0.96994,-0.86153,-0.97504,-0.97008,-0.94912,-0.93882,-0.94154,-0.95216,-0.94244,-0.95416,-0.9579,-0.97623,-0.94487,-0.87977,-0.98596,-0.99862,-0.99517,-0.99793,-0.99383,-0.99793,-0.99514,-0.98201,-0.99648,-0.99442,-0.95417,-0.96906,-0.95128,-0.95252,-0.95589,-0.98537,-0.96088,-0.91707,-0.90263,-0.97723,-0.99938,-0.99955,-0.88006,-0.99517,-0.97349,-0.90215,-0.95193,-0.98727,-0.97204,-0.92015,-0.95006,-0.96454,-0.8936,-0.91365,-0.91361,-0.90056,-0.95277,-0.96623,-0.95527,-0.93045
41,2,E7,19,-0.99977,-0.9756,-0.97226,-0.97138,-0.93641,-0.91781,-0.94668,-0.88785,-0.8976,-0.97948,-0.96692,-0.90336,-0.98773,-0.98073,-0.97471,-1,-0.99474,-0.92652,-0.96901,-0.83333,-0.99977,-0.99669,-0.99773,-0.99523,-0.98536,-0.99349,-0.99013,-0.99398,-1,-1,-0.96794,-0.97062,-0.9692,-1,-0.98452,-0.95448,-0.93261,-0.97194,-0.93599,-0.96811,-0.99996,-0.95609,-0.99604,-0.98386,-0.92318,-0.83184,-0.95811,-0.88168,-0.93463,-0.8836,-0.88497,-0.79236,-0.91683,-0.74633,-0.97965,-0.94377,-0.97473,-0.9636,-0.92303,-0.93273
42,2,E7,20,-0.85552,-0.79517,-0.82622,-0.93938,-0.83962,-0.86679,-0.82751,-0.85277,-0.94038,-0.95945,-0.96973,-0.94243,-0.97426,-0.98528,-0.94978,-0.94352,-0.89227,-0.95494,-0.87675,-0.86615,-0.85552,-0.98042,-0.99378,-0.9942,-0.98925,-0.9898,-0.98597,-0.98835,-0.99867,-0.99707,-0.96441,-0.78868,-0.99157,-0.99147,-0.99496,-0.99043,-0.9453,-0.9733,-0.93307,-0.95372,-0.93589,-0.96062,-0.99094,-0.99293,-0.89905,-0.81595,-0.9247,-0.95881,-0.90799,-0.96401,-0.95631,-0.8918,-0.93252,-0.98674,-0.99177,-0.82452,-0.98311,-0.98979,-0.95677,-0.87708
43,2,E7,21,-1,-0.96823,-0.96056,-0.94722,-0.90769,-0.89409,-0.91235,-0.95586,-0.97562,-0.89394,-0.96565,-0.9691,-0.92971,-0.97138,-0.94805,-0.96997,-0.90655,-0.98844,-0.90886,-0.91392,-1,-0.99615,-0.99678,-0.99533,-0.98987,-0.98873,-0.98758,-0.97319,-0.99165,-0.92464,-0.95455,-0.96523,-0.92825,-0.96266,-0.954,-0.95803,-0.99841,-0.9647,-0.96193,-0.84942,-1,-0.99039,-0.98151,-0.98166,-0.98254,-0.94121,-0.92407,-0.96138,-0.90634,-0.96558,-0.90858,-0.81227,-0.96143,-0.95372,-0.98392,-0.98522,-0.95283,-0.99942,-0.96191,-0.96488
44,2,E7,22,-0.97179,-0.91582,-0.93695,-1,-0.96786,-0.96674,-0.96162,-0.92003,-0.90494,-1,-0.97661,-0.91199,-0.91686,-0.97516,-0.94714,-0.98478,-0.896,-1,-0.92744,-0.93826,-0.97179,-0.99154,-0.99618,-0.99938,-0.99261,-0.9952,-0.99531,-0.99501,-0.98324,-0.97968,-0.99615,-0.9939,-0.9824,-0.966,-1,-0.96281,-0.99747,-0.98929,-0.58538,-0.96626,-0.99873,-0.9832,-0.78305,-0.98763,-0.93632,-0.95108,-0.92381,-0.94956,-0.92118,-0.9492,-0.85274,-0.87947,-0.95414,-0.84436,-0.91463,-0.92141,-0.95331,-0.87846,-0.94452,-0.92801
45,2,E7,23,-0.93856,-0.87383,-0.91028,-0.97572,-0.93574,-0.94996,-0.92087,-0.87987,-0.95886,-0.94101,-0.96629,-0.91512,-0.91022,-0.93839,-0.92152,-0.92405,-0.95882,-0.94146,-0.93058,-0.97614,-0.93856,-0.98755,-0.99758,-0.99654,-0.98889,-0.99532,-0.99803,-0.9759,-0.98472,-0.95463,-0.9872,-0.96164,-0.98542,-0.95811,-0.97335,-0.9732,-0.98506,-0.9595,-0.98751,-0.96492,-0.99092,-0.96494,-0.97141,-0.99229,-0.96651,-0.93793,-0.86672,-0.98211,-0.94552,-0.9416,-0.97855,-0.85766,-0.96114,-0.83754,-0.94339,-0.80256,-0.96795,-0.93143,-0.85924,-0.92709
46,2,E7,24,-0.89935,-0.82498,-0.88043,-0.9787,-0.8698,-0.88852,-0.88168,-0.93146,-0.99233,-0.9515,-0.97758,-0.9729,-0.97112,-0.96784,-1,-0.98211,-0.957,-0.97874,-0.96471,-0.93345,-0.89935,-0.98315,-0.99114,-0.99802,-0.98898,-0.99332,-0.98268,-0.92784,-0.9637,-0.99634,-0.99554,-0.93496,-0.99228,-0.96928,-0.99789,-0.98728,-0.97917,-1,-0.59819,-0.98052,-0.94161,-0.96269,-0.95468,-0.9971,-0.96462,-0.89674,-0.91777,-0.94048,-0.97313,-0.98213,-0.97669,-0.95445,-0.91385,-0.95429,-0.9564,-0.9191,-0.98168,-0.97244,-0.99307,-0.91686
47,2,E7,25,-0.9985,-0.89754,-0.98521,-0.97553,-0.85096,-0.91234,-0.90501,-0.91036,-0.92796,-0.92462,-0.97667,-0.98082,-0.95499,-0.99459,-0.97748,-0.99325,-0.94412,-0.96725,-0.95723,-0.8538,-0.9985,-0.98974,-0.9972,-0.99549,-0.99135,-0.99503,-0.99708,-0.99561,-0.98673,-0.99966,-0.99834,-0.98,-0.97995,-0.99736,-0.99996,-1,-0.99742,-0.99739,-0.93773,-1,-0.99982,-0.93144,-0.96853,-0.99421,-0.97564,-0.94189,-0.91405,-0.97262,-0.79794,-0.89434,-0.93564,-0.9114,-0.91133,-0.93945,-0.96979,-0.91742,-0.96264,-0.9956,-0.98188,-0.94647
48,3,x5,1,-0.89003,-0.88771,-0.93226,-0.96512,-0.76346,-0.86442,-0.85181,-0.85879,-1,-0.89139,-0.92605,-0.92436,-0.80823,-0.92874,-0.92382,-0.94143,-0.8316,-0.93901,-0.81971,-0.84956,-0.89003,-0.98885,-0.99496,-0.99751,-0.99029,-0.99899,-0.9866,-0.98789,-0.93481,-0.99938,-0.94497,-0.93498,-0.94159,-0.95626,-0.93466,-0.95385,-0.96507,-0.96559,-0.92643,-0.96321,-0.9733,-0.94603,-0.89921,-0.9918,-0.97191,-0.9228,-0.88149,-0.92922,-0.96321,-0.86938,-0.70458,-0.79493,-0.9196,-0.77285,-0.91535,-0.83263,-1,-0.89034,-0.90936,-0.83908
49,3,x5,2,-0.2909,-0.18892,-0.84968,-0.68671,-0.8273,-0.84504,0.15684,-0.42248,-0.69458,-0.29773,-0.84694,-0.14523,-0.6605,-0.85074,-0.51019,-0.54492,-0.13507,-0.43784,-0.7023,-0.44446,-0.2909,-0.91884,-0.95108,-0.96318,-0.77037,-0.80835,-0.94789,-0.90412,-0.81222,-0.92462,-0.87645,-0.86599,-0.7767,-0.73939,-0.75272,-0.79992,-0.82952,-0.82902,-0.81752,-0.76174,0.13739,-0.76598,-0.18656,-0.9787,-0.80045,-0.22817,1,-0.70749,-0.57948,-0.72534,-0.072691,-0.61088,-0.065864,-0.8064,-0.19912,-0.56152,-0.80066,0.99768,-0.88022,-0.58238
50,3,x5,3,0.35652,0.17022,-0.60131,-0.66009,-0.38516,-0.49429,-0.61537,-0.43964,-0.62587,-0.40271,-0.82542,-0.45085,-0.60474,-0.92078,-0.16515,-0.6703,-0.50847,-0.69747,-0.56304,-0.14037,0.35652,-0.89284,-0.96513,-0.96296,-0.92583,-0.96513,-0.95268,-0.94539,-0.96801,-0.91827,-0.89779,-0.90593,-0.93881,-0.88903,-0.94704,-0.84461,-0.87574,-0.89281,-0.87548,-0.82347,0.28821,-0.64621,-0.50502,-0.79225,-0.54074,-0.45295,-0.022035,-0.22365,-0.57333,-0.41383,-0.46676,-0.33943,-0.77498,-0.33008,-0.54669,-0.90302,-0.66955,-0.50149,-0.6952,-0.93738
51,3,x5,4,-0.5344,-0.63638,-0.38711,-0.93956,0.28326,-0.46208,-0.64308,-0.45648,0.095323,-0.0035095,-0.29951,-0.21082,-0.43835,-0.51582,-0.15303,-0.23133,0.13618,-0.32122,0.43411,0.58556,-0.5344,-0.91623,-0.99419,-0.93197,-0.89838,-0.98569,-0.95575,-0.85149,-0.98024,-0.94495,-0.92229,-0.87493,-0.91791,-0.84965,-0.96925,-0.54692,-0.91588,-0.4997,-0.89226,-0.93255,-0.82977,-0.97215,-0.85239,-0.83402,-0.72597,-0.79985,-0.87852,-0.86344,-0.4172,-0.56802,-0.46659,-0.19311,-0.52274,-0.84237,-0.77899,-0.65585,-0.70074,-0.63212,-0.73018,-0.25966
52,3,x5,5,-0.99994,-0.84726,-0.68713,-0.82202,-0.24449,-0.60372,-0.32888,-0.41256,-0.2261,-0.71946,-0.90996,-0.48257,-0.89343,-0.80102,-0.83093,-0.80838,-0.41786,-0.7201,-0.64734,-0.4854,-0.99994,-0.96555,-0.95368,-0.89813,-0.79919,-0.87254,-0.87836,-0.55029,-0.78178,-0.87261,-0.68372,-0.58842,-0.48375,-0.23572,-0.5874,-0.27554,-0.40747,-0.1904,-0.3299,-0.30552,-0.99999,-0.95931,-0.97704,-0.94184,-0.70373,-0.72966,-0.43019,-0.33213,-0.53297,-0.64587,-0.88013,0.60776,-0.6714,-0.92518,-0.97341,-0.97389,-0.89909,-0.63898,-0.86791,-0.68375
53,3,x5,6,-0.97311,-0.9125,-0.80806,-0.87361,-0.6738,-0.70139,-0.31492,0.32581,0.21971,-0.063828,-0.89286,-0.64082,-0.6683,-0.79629,-0.75388,-0.6269,-0.83115,-0.70443,-0.68626,-0.24076,-0.97311,-0.9975,-0.86407,-0.94257,-0.90062,-0.88638,-0.88455,-0.8846,-0.90439,-0.86062,-0.83168,-0.8452,-0.8906,-0.48415,-0.83503,-0.67743,-0.73348,-0.7436,-0.76647,-0.41688,-0.99428,-0.98763,-0.93503,-0.97931,-0.96337,-0.79462,-0.89017,-0.91337,-0.82176,-0.9203,-0.87744,-0.94731,-0.83409,-0.82488,-0.96527,-0.68167,-0.9391,-0.96714,-0.84475,-0.71089
54,3,x5,7,-0.996,-0.9279,-0.89045,-0.81183,-0.7802,-0.91926,-0.0354,-0.49801,-0.53668,-0.82615,-0.81647,0.31576,-0.86286,-0.69511,-0.60049,-0.53526,-0.52983,-0.80609,-0.040182,0.7721,-0.996,-0.70547,-0.79583,-0.87832,-0.72842,-0.82062,-0.8092,-0.77451,-0.8981,-0.82882,-0.80916,-0.83961,-0.84464,-0.87343,-0.8539,-0.75521,-0.84044,-0.81687,-0.91659,-0.74908,-0.9993,-0.99709,-0.87855,-0.99679,-0.99293,-0.84221,-0.94648,-0.97707,-0.92965,-0.58588,-0.71911,-0.95042,-0.40146,-0.72059,-0.80887,-0.54758,-0.89589,-0.94626,-0.78394,-0.89009
55,3,x5,8,-0.66638,-0.21141,-0.020446,-0.79959,-0.87039,-0.96776,-0.80304,-0.56855,-0.64399,-0.62032,-0.88536,-0.050731,-0.47316,-0.76697,-0.29297,-0.70348,-0.093254,-0.40828,0.21998,0.44605,-0.66638,-0.93071,-0.92894,-0.88862,-0.87199,-0.91247,-0.87627,-0.71993,-0.82381,-0.88548,-0.83788,-0.5632,-0.7065,-0.59117,-0.51025,-0.27496,-0.60018,-0.73046,-0.44632,-0.63102,-0.99748,-0.98621,-0.95727,-0.98254,-0.96914,-0.91628,-0.96861,-0.53276,-0.97707,-0.99065,-0.52561,-0.95864,-0.94316,-0.87713,-0.96415,-0.2699,-0.90972,-0.76993,-0.91054,0.14463
56,3,x5,9,-0.89429,-0.12564,0.5521,-0.50144,0.024093,0.17655,0.52636,0.47741,0.44374,0.78349,-0.23478,-0.033663,-0.49591,-0.42064,1,-0.45915,0.14797,-0.50416,0.24027,0.033434,-0.89429,-0.94557,-0.91042,-0.98177,-0.82454,-0.81156,-0.95488,-0.82556,-0.8948,-0.83699,-0.80097,-0.89947,-0.90909,-0.9043,-0.90439,-0.87303,-0.87952,-0.49814,-0.78883,-0.69233,-0.91321,-0.72548,0.023623,-0.94372,-0.57399,1,0.46884,1,0.43558,0.21815,0.68483,0.4324,0.13894,0.90345,-0.71525,-0.24079,-0.65202,0.43308,-0.01836,0.15797
57,3,x5,10,1,0.86613,-0.15337,1,0.64717,-0.32909,1,0.072908,0.98982,0.20265,-0.23632,0.42425,0.063052,-0.57386,-0.10615,-0.13453,0.47307,-0.33651,-0.038253,-0.52163,1,-0.82181,-0.96875,-0.8728,-0.68195,-0.78043,-0.78416,-0.73772,-0.89497,-0.68592,-0.64585,-0.65166,-0.85203,-0.75066,-0.73197,-0.90937,-0.83274,-0.88966,-0.7603,-0.88077,-0.6346,-0.93931,-0.81455,-0.8085,-0.76104,-0.72335,0.48126,-0.7446,0.57363,0.40753,0.10577,0.43927,-0.61471,-0.13984,-0.0013165,-0.41554,-0.78771,-0.51762,-0.49177,-0.16703
58,3,x5,11,-0.99823,-0.44174,-0.263,-0.36554,-0.62309,-0.71138,-0.0064425,-0.24535,-0.62559,-0.53667,-0.53166,0.63794,1,-0.43181,-0.14352,1,0.32226,1,0.55467,0.19045,-0.99823,-0.95301,0.56712,0.094787,0.76735,0.15549,-0.93401,-0.92437,-0.95545,-0.78071,-0.76837,-0.86568,-0.84475,-0.78218,-0.8458,-0.82537,-0.91246,-0.88146,-0.54431,-0.69346,-0.98417,-0.50659,0.28317,-0.21107,0.16365,-0.25541,-0.26804,0.18059,0.86997,-0.24316,0.10216,0.018474,0.20266,0.65854,-0.68901,0.91008,-0.46782,-0.21717,-0.23728,-0.3625
59,3,x5,12,-0.48681,-0.68934,-0.6194,-0.86849,-0.82066,-0.89338,0.035018,0.11531,0.30923,-0.71146,-0.90606,-0.37152,-0.76529,-0.72039,-0.63987,-0.75113,-0.43819,-0.55013,-0.5015,-0.10402,-0.48681,-0.96645,-0.97753,-0.96626,-0.98364,-0.99048,-0.90827,-0.90149,-0.82302,-0.89275,-0.93534,-0.8973,-0.93015,-0.94814,-0.90638,-0.87154,-0.88487,-0.83745,-0.83497,-0.92188,-0.827,-0.98757,-0.95601,-0.987,-0.93194,-0.91532,-0.92778,-0.83675,-0.88805,-0.60894,-0.83236,-0.84657,-0.89872,-0.78677,-0.65849,-0.41478,-0.89597,-0.18623,-0.49718,-0.53632
60,3,x5,13,-0.81331,-0.41179,-0.37592,-0.52299,-0.028271,-0.30504,-0.36663,-0.60321,0.77986,-0.2168,-0.83423,-0.27004,-0.3354,-0.84655,-0.7345,-0.73455,-0.30066,-0.59244,-0.61715,-0.025999,-0.81331,-0.88743,-0.68868,-0.95441,-0.62711,-0.88221,-0.75207,-0.35709,-0.70003,-0.56836,-0.47457,-0.61835,-0.87129,-0.89678,-0.71978,-0.87243,-0.80804,-0.95149,-0.91077,-0.87452,-0.99782,-0.99529,-0.99869,-0.8793,1,-0.72664,-0.94177,-0.64363,-0.81883,-0.73442,-0.77978,-0.54912,-0.79477,-0.855,-0.9162,-0.91676,-0.87541,-0.50697,-0.70758,-0.18554
61,3,x5,14,-0.99919,-0.80472,-0.72336,-0.75783,-0.70666,-0.6188,-0.24051,-0.40872,-0.43829,-0.43294,-0.94132,-0.34866,-0.50911,-0.79833,-0.87611,-0.70347,-0.76542,-0.63357,-0.65636,-0.26315,-0.99919,-0.99873,-0.79298,-0.50663,-0.87442,-0.47841,-0.76727,-0.33177,-0.92268,-0.12627,-0.59912,-0.84441,-0.49393,-0.4552,-0.89073,-0.47444,-0.26773,-0.83225,-0.33528,-0.8671,-0.99998,-0.89914,-0.77699,-0.96078,-0.24028,-0.45023,-0.54418,-0.86613,-0.34995,-0.42193,-0.65928,-0.75878,-0.94221,-0.90562,-0.78623,-0.64157,-0.87493,-0.71975,-0.69794,-0.80632
62,3,x5,15,-0.88737,-0.67481,-0.87181,-0.64558,-0.46573,-0.66742,-0.46779,-0.55795,-0.2074,-0.78375,-0.92696,-0.41163,-0.75234,-0.7895,-0.69713,-0.38964,-0.19377,-0.25351,-0.55857,-0.18127,-0.88737,-0.98102,-0.97718,-0.99175,-0.98945,-0.99079,-0.8161,-0.973,-0.83644,-0.4231,-0.77241,-0.77356,-0.93203,0.1466,-0.90243,-0.41063,-0.34519,-0.09922,-0.66371,-0.6286,-0.95054,-0.94407,-0.89531,-0.94518,-0.86867,-0.95111,-0.95102,-0.94277,-0.83015,-0.61941,-0.67822,-0.66518,-0.84737,-0.1537,-0.80149,-0.7615,-0.85888,-0.81012,-0.24884,0.18687
63,3,x5,16,-0.51161,-0.046268,-0.38425,-0.67463,-0.58832,-0.70067,-0.46069,-0.16916,-0.27389,-0.49245,-0.79947,-0.25551,-0.54731,-0.74014,-0.59702,-0.55198,-0.72868,-0.65892,-0.75876,-0.60668,-0.51161,-0.90748,0.75884,-0.36608,1,0.34076,0.3588,-0.84219,-0.056447,-0.88306,-0.48295,0.20409,-0.81608,-0.92506,-0.50481,-0.78929,-0.85859,-0.80878,-0.77685,-0.6276,0.66367,-0.50015,-0.83773,-0.90467,-0.53465,-0.45276,-0.50173,-0.5382,-0.43721,0.30868,-0.56033,0.071317,-0.1724,-0.3791,-0.58462,0.45501,-0.53598,-0.73149,-0.40024,-0.27066
64,3,x5,17,-0.89547,-0.57578,-0.77338,-0.48997,-0.56687,-0.9878,-0.78912,-0.40226,-0.20067,-0.74333,-0.89442,-0.7702,-0.87102,-0.88961,-0.91381,-0.84844,-0.52439,-0.82784,-0.77569,-0.73116,-0.89547,-0.98671,-0.95118,-0.97171,-0.96222,-0.71981,-0.8561,-0.7806,-0.78361,-0.76282,-0.61316,-0.49395,-0.86154,-0.64888,-0.86135,-0.69723,-0.83468,-0.42323,-0.72373,-0.82039,-0.94461,-0.85045,-0.90462,-0.99935,-0.92019,-0.69857,-0.68131,-0.8581,-0.67228,-0.78757,-0.61703,-0.76923,-0.80996,-0.75684,-0.86067,-0.68944,-0.83784,-0.79177,-0.85774,-0.66995
65,3,x5,18,-0.80912,-0.37068,-0.90968,-0.95259,-0.17645,-0.57543,-0.062912,-0.33971,0.054863,0.078705,-0.76956,-0.20003,-0.11813,-0.6772,-0.50437,0.13709,1,-0.3415,-0.092339,0.24064,-0.80912,-0.068454,-0.61957,-0.6928,-0.99332,-0.66898,-0.83984,-0.75997,-0.82907,-0.7929,-0.896,-0.76852,-0.86757,-0.89415,-0.89615,-0.86424,-0.80937,-0.6897,-0.86587,-0.75761,-0.85824,0.078887,-0.94612,-0.98188,0.05032,0.81442,0.03582,-0.55068,-0.458,-0.2914,0.051017,-0.36585,-0.88319,0.33782,-0.79597,-0.35065,-0.56118,1,-0.55041,-0.46879
66,3,x5,19,-0.9616,-0.93662,-0.68893,-0.48879,-0.48637,-0.29831,-0.35623,-0.27868,-0.63529,0.018657,-0.57178,-0.58447,-0.6503,-0.73469,-0.26162,-0.65691,-0.12404,-0.76224,-0.2781,-0.53809,-0.9616,-0.99967,-0.83254,-0.86454,-0.77362,-0.81787,-0.63538,-0.62902,-0.72555,-0.57187,-0.9449,-0.58631,-0.94644,-0.42614,-0.88893,-0.86393,-0.82024,-0.86247,-0.85836,-0.38623,-0.9299,-0.99485,-0.88421,-0.87888,-0.69188,-0.40336,-0.33072,-0.73466,-0.17644,1,-0.58052,-0.78517,-0.14086,-0.12541,-0.81374,-0.68838,-0.91607,-0.88941,-0.7502,-0.67122
67,3,x5,20,-0.49575,-0.1459,-0.55306,-0.3631,0.32006,-0.31711,-0.27599,-0.19769,-0.51803,-0.5326,-0.63822,-0.57781,-0.55908,-0.66829,-0.59478,-0.42672,-0.18619,-0.47865,-0.25791,0.044358,-0.49575,-0.94309,-0.96795,-0.90056,-0.95163,-0.90387,-0.96817,-0.90488,-0.89972,-0.50438,-0.78763,-0.44971,-0.82992,-0.82679,-0.74443,-0.69716,-0.8126,-0.90657,-0.87807,-0.88502,-0.75885,-0.824,-0.96994,-0.89133,-0.41849,-0.6443,-0.5584,-0.72905,-0.57365,-0.75058,-0.59208,-0.78429,-0.83038,-0.61776,-0.34273,-0.59929,-0.81293,-0.74587,-0.68103,-0.72404
68,3,x5,21,-0.65942,-0.44455,-0.28328,-0.44151,-0.42937,-0.89433,-0.11705,-0.12744,-0.49706,-0.78417,-0.84569,-0.46417,-0.58581,-0.3808,-0.36831,-0.17144,-0.094667,-0.2378,1,0.20771,-0.65942,-0.95291,-0.95009,-0.92262,-0.90271,-0.93848,-0.8792,-0.84351,-0.93449,-0.90165,-0.70792,-0.63859,-0.82227,-0.70406,-0.88494,-0.55298,-0.78556,-0.81992,-0.78643,-0.83232,-0.99655,-0.84953,0.57738,-0.59625,-0.83721,-0.75142,0.54165,-0.82316,-0.56022,-0.66889,0.1657,-0.035663,-0.76529,-0.23169,0.18486,-0.32601,-0.4898,-0.551,0.19965,-0.76466
69,3,x5,22,-0.233,0.96073,-0.60079,-0.52746,-0.31447,-0.65438,-0.48646,0.41587,-0.29965,-0.69163,-0.5375,-0.011185,-0.59401,-0.85385,-0.052466,-0.65305,-0.28042,-0.49822,-0.50374,0.793,-0.233,-0.83073,-0.85231,-0.88329,-0.94674,-0.94112,-0.96228,-0.93268,-0.92236,-0.77901,-0.94041,-0.90731,-0.93218,-0.93168,-0.98886,-0.8894,-0.95273,-0.94611,-0.95814,-0.92487,-0.78658,-0.76885,-0.82782,-0.9329,-0.76367,-0.11835,-0.79301,-0.41084,-0.39935,-0.65927,-0.40539,-0.53455,-0.55605,-0.063409,-0.0492,-0.13297,-0.67416,-0.39138,-0.68712,0.039348
70,3,x5,23,-0.99313,-0.98163,-0.96132,-0.52971,-0.86354,-0.43743,-0.14387,-0.051151,-0.36623,-0.46937,-0.9089,-0.69292,-0.8382,-0.97549,-0.93256,-0.95179,-0.93258,-0.95545,-0.97853,-0.95472,-0.99313,-0.99975,-1,-0.9995,-0.99862,-1,-0.99936,0.061453,-0.99659,-0.971,-0.99142,-1,-0.94946,-0.95426,-0.92953,-0.9989,-0.94093,-0.96229,0.11094,-0.98061,-0.99808,-0.99602,-0.98478,-0.8645,-0.20432,0.56909,-0.65711,-0.79302,-0.46036,-0.96339,-0.68909,-0.60637,-0.97402,-0.75673,-0.97504,-0.88575,-0.94674,-0.90677,-0.92684,-0.94589
71,3,x5,24,-0.92186,-0.90632,-0.86704,-0.87302,-0.79928,-0.82266,-0.76447,-0.7198,-0.72208,-0.76891,-0.8821,-1,-0.99323,-0.9954,-0.88921,-0.98499,-0.98611,-0.84435,-0.65087,-0.97724,-0.92186,-0.99693,-0.99805,-0.99267,-0.99166,-0.99654,-0.99539,-0.99224,-0.99508,-0.98834,-0.99626,-0.98766,-0.9905,-0.8469,-0.98261,-0.99592,-0.98796,-0.98656,-0.92497,-0.97304,-0.99965,-0.99973,-0.81623,-0.99478,-1,-0.9096,-0.97399,-0.98557,-0.95241,-0.99518,-0.98554,-0.99367,-0.99386,-0.99763,-0.99184,-0.98135,-0.96791,-1,-0.85761,-0.82942
72,3,x5,25,-0.99717,-0.95705,-0.90081,-0.8939,-0.96615,-0.90117,-0.926,-0.77073,-0.97213,-0.974,-0.99091,-0.95511,-0.97555,-0.97816,-0.97159,-0.98036,-0.95954,-0.94284,-0.95684,-0.90531,-0.99717,-0.9999,-0.99664,-0.96949,-0.97377,-0.94639,-0.95071,-0.95196,-0.98828,-0.96964,-0.97774,-0.95081,-0.95529,-0.97083,-0.89375,-0.95532,-0.92551,-0.92011,-0.97825,-0.95112,-0.99965,-0.99805,-0.9811,-0.97326,-0.97163,-0.89103,-0.99323,-0.91442,-0.99809,-0.96689,-0.95512,-0.97881,-0.97826,-0.9812,-0.99246,-0.98458,-0.97918,-0.88227,-0.97565,-1
73,3,x5,26,-0.88811,-0.84327,-0.84355,-0.95878,-0.90973,-0.87695,-0.8603,-0.85774,-0.87067,-0.95009,-0.96807,-0.94803,-0.97706,-0.95039,-0.89771,-0.94718,-0.8613,-0.95906,-0.96539,-0.8719,-0.88811,-0.98239,-0.98911,-0.98993,-0.97501,-0.99219,-0.99407,-0.97313,-0.91192,-0.99333,-0.91829,-0.99276,-0.97618,-0.98279,-0.97718,-0.95232,-0.98626,-0.9957,-0.99712,-0.92995,-0.97132,-0.85896,-0.88178,-0.99807,-0.9573,-0.89305,-0.93901,-0.91528,-0.93121,-0.96502,-0.9322,-0.82117,-0.93699,-0.88856,-0.98409,-0.9249,-0.96199,-0.92189,-0.96876,-0.93143
74,4,Br,1,-0.98425,-0.76166,-0.81694,-0.85196,-0.74505,-0.85963,-0.66972,-0.6271,-0.75785,-0.56733,-0.93092,-0.76362,-0.83816,-0.89602,-0.85195,-0.84729,-0.87181,-0.75387,-0.77048,-0.82479,-0.98425,-0.97735,-0.98765,-0.98889,-0.97229,-0.96048,-0.96421,-0.9595,-0.9818,-0.96614,-0.9668,-0.97178,-0.96768,-0.93583,-0.97387,-0.6608,-0.87618,-0.87886,-0.86874,-0.93067,-0.97696,-0.95676,-0.92083,-0.9389,-0.95388,-0.89489,-0.88702,-0.86059,-0.86833,-0.98659,-0.89594,-0.91968,-0.94845,-0.92957,-0.95746,-0.95211,-0.97566,-0.97942,-0.87325,-0.62124
75,4,Br,2,-0.96512,-0.66239,-0.64366,-0.6049,-0.51116,-0.046028,-0.87211,-0.022162,-0.1954,-0.40895,-0.96991,-0.28325,-0.58196,-0.64535,-0.44073,-0.55248,-0.90709,-0.33816,-0.85866,-0.67089,-0.96512,-0.9684,-0.97507,-0.96592,-0.91879,-0.94758,-0.96101,-0.96818,-0.97762,-0.9348,-0.9263,-0.90151,-1,-0.97845,-0.99083,-0.97938,-0.93687,-0.98165,-0.99338,-0.93546,-0.92398,-0.83169,-0.8382,-0.84178,0.10538,-0.78567,-0.34883,-0.9197,0.12841,-0.51746,-0.719,0.41533,-0.74447,-0.7191,-0.8513,0.21343,-0.67541,-0.67442,-0.95969,-0.42832
76,4,Br,3,-0.79858,-0.69548,-0.35771,-0.52171,0.52979,-0.010989,0.63704,-0.33192,-0.1185,-0.67441,-0.18349,-0.43031,-0.97131,-0.40756,-0.45096,-0.033991,0.59906,0.57618,-0.44612,-0.69075,-0.79858,-0.94703,-0.95569,-0.96257,-0.91391,-0.92723,-0.98059,-0.90899,-0.96815,-0.96395,-0.96011,-0.93916,-0.95496,-0.95633,-0.91911,-0.79866,-0.94755,-0.96769,-0.8568,-0.86998,-0.34711,-0.50682,-0.31299,-0.60907,-0.69377,-0.6492,-0.59723,-0.56567,-0.86699,-0.49478,-0.23257,-0.79468,-0.50945,-0.81995,-0.89803,-0.095057,-0.54088,-0.93783,-0.80254,-0.28913
77,4,Br,4,-0.79613,-0.76985,-0.12421,-0.77082,-0.6397,-0.77957,-0.21819,-0.29019,-0.30877,-0.35318,-0.75169,-0.70103,-0.72415,-0.77737,-0.70223,-0.75171,-0.26581,-0.70405,-0.66151,-0.10531,-0.79613,-0.97622,-0.94244,-0.98818,-0.96117,-0.95845,-0.96612,-0.91611,-0.90579,-0.72752,-0.90067,-0.7419,-0.87446,-0.77918,-0.81484,-0.82334,-0.77595,-0.79927,-0.70555,-0.76546,-0.88929,-0.88291,1,-0.86034,-0.82737,-0.91967,-0.86614,-0.88637,-0.65297,-0.80159,-0.6826,-0.68072,-0.29377,0.0059215,-0.75834,-0.48754,-0.90416,-0.51676,-0.7724,0.50345
78,4,Br,5,-0.98688,-0.68815,-0.47238,-0.76256,-0.80372,-0.84937,-0.75841,-0.75754,-0.78451,-0.86419,-0.93634,-0.45393,-0.91259,-0.96313,-0.58267,-0.88753,-0.31208,-0.58985,-0.63312,-0.085805,-0.98688,-0.97091,-0.96288,-0.9589,-0.94058,-0.96465,-0.9683,-0.98237,-0.98765,-0.95733,-0.96748,-0.98568,-0.97058,-0.92469,-0.98078,-0.95902,-0.96066,-0.94583,-0.99136,-0.95313,-0.999,-0.84869,-0.10231,-0.85816,-0.89764,-0.60783,-0.89006,-0.78045,-0.89207,-0.87941,-0.81763,-0.79532,-0.88176,-0.69048,-0.83189,-0.74293,-0.90035,-0.93522,-0.8461,-0.67286
79,4,Br,6,-0.96749,-0.97038,-0.8902,-0.87811,-0.86138,-0.80025,-0.26541,-0.69387,-0.42989,-0.49404,-0.94193,-0.97542,-0.82459,-0.85313,-0.81423,-0.73318,-0.59204,-0.69063,-0.40679,-0.88349,-0.96749,-0.99635,-0.98247,-0.98711,-0.86541,-0.92641,-0.92197,-0.97021,-0.9334,-0.90442,-0.90859,-0.96159,-0.91967,-0.959,-0.89693,-0.88701,-0.93025,-0.98599,-0.9824,-0.9419,-0.97533,-0.99041,-0.33704,-0.73727,-0.82203,0.059283,0.019134,-0.070608,0.019699,-0.72456,-0.25951,-0.16354,-0.7369,-0.46782,-0.59403,-0.17676,-0.53623,0.035153,-0.74756,0.36548
80,4,Br,7,-0.99502,-0.79589,-0.98511,-0.92885,-0.79773,-0.92063,-0.78506,-1,-0.79891,-0.84376,-0.96673,-0.89536,-0.90011,-0.96999,-0.83306,-0.72237,-0.58203,-0.62014,-0.71193,-0.69771,-0.99502,-0.97967,-0.99874,-0.99452,-0.98488,-0.98442,-0.85262,-0.90505,-0.9418,-0.925,-0.85551,-0.93714,-0.97517,-0.90383,-0.8168,-0.92968,-0.91144,-0.96135,-0.93066,-0.70373,-0.99919,-0.88786,-0.99694,-0.97193,-0.9633,-0.65643,-0.85664,-0.89153,-0.96027,-0.87711,-0.82086,-0.85297,-0.87509,-0.91502,-0.93087,-0.57311,-0.95211,-0.45825,-0.81254,-0.41939
81,4,Br,8,-0.99831,-0.81132,-0.87852,-0.77454,-0.73071,-0.87375,-0.33008,-0.91309,-0.86273,-0.78146,-0.90854,-0.80562,-0.96279,-0.87464,-0.84681,-0.69704,-0.79742,-0.75474,-0.72202,-0.6492,-0.99831,-0.98196,-0.99269,-0.98668,-0.97145,-0.94823,-0.95136,-0.91239,-0.9118,-0.93912,-0.95403,-0.89647,-0.98509,-0.939,-0.81623,-0.89133,-0.94127,-0.91889,-0.97677,-0.93267,-0.99865,-0.90432,-0.84602,-0.94051,-0.85652,-0.84838,-0.82177,-0.8715,-0.98696,-0.61947,-0.175,-0.76707,-0.69462,-0.095731,-0.59124,-0.19115,-0.91313,-0.58231,-0.91083,-0.5286
82,4,Br,9,-0.98685,-0.89744,-0.87144,-0.83786,-0.81904,-0.81535,-0.69164,-0.33828,-0.11966,-0.71689,-0.80138,-0.69828,-0.52008,-0.91521,-0.78985,-0.69619,-0.81289,-0.87693,-0.7233,-0.89061,-0.98685,-0.94077,-0.99072,-0.99281,-0.97611,-0.98633,-0.96908,-0.94786,-0.97785,-0.92146,-0.847,-0.95172,-0.98134,-0.9292,-0.95797,-0.89076,-0.95278,-0.91236,-0.94093,-0.93852,-0.99004,-0.97787,-0.95791,-0.96372,-0.87561,-0.66893,-0.49351,-0.44593,-0.62885,-0.85942,-0.4151,-0.83446,-0.81742,-0.93887,-0.88023,-0.60997,-0.86765,-0.89559,-0.92361,-0.7169
83,4,Br,10,-0.99522,-0.62998,-0.90601,-0.94638,-0.89114,-0.79096,-0.77605,-0.75963,-0.61208,-0.26042,-0.98486,-0.88363,-0.52854,-0.7296,-0.44917,-0.55672,-0.86979,-0.8202,-0.80207,-0.33608,-0.99522,-0.96546,-0.99327,-0.98617,-0.9751,-0.98509,-0.99208,-1,-0.98274,-0.93983,-0.9663,-0.89961,-0.98278,-0.90602,-0.95011,-0.90839,-0.93724,-0.95787,-0.96987,-0.92425,-0.99241,-0.75143,-0.93893,-0.92606,-0.91086,-0.92507,-0.86088,-0.86446,-0.73638,-0.84194,-0.66528,-0.79634,-0.77985,-0.76143,-0.936,-0.25238,-0.84051,-0.85217,-0.57935,-0.73728
84,4,Br,11,-0.98675,-0.92092,-0.77231,-0.82923,-0.74758,-0.66093,-0.56999,-0.32835,-0.66752,-0.47676,-0.86241,-0.63359,-0.79017,-0.85191,-0.71319,-0.78673,-0.50373,-0.55575,-0.40493,0.26193,-0.98675,-0.99847,-0.9847,-0.98696,-0.92477,-0.98627,-0.95535,-0.9844,-0.95124,-0.91282,-0.79855,-0.94425,-0.93771,-0.93994,-0.93521,-0.94018,-0.97301,-0.9053,-0.93025,-0.92875,-0.96431,-0.84319,-0.79481,-0.93921,-0.79161,-0.43014,-0.53917,-0.74635,-0.76169,-0.4969,-0.054739,-0.10835,-0.87159,-0.32767,-0.7052,-0.52284,-0.93308,-0.77141,-0.87147,-0.47769
85,4,Br,12,-0.268,0.51132,-0.30658,-0.01794,-0.54428,-0.05349,-0.25923,0.25372,0.59704,-0.20562,-0.19754,-0.70224,-0.25444,-0.70312,0.10563,-0.22906,-0.47025,-0.30033,-0.32041,-0.30129,-0.268,-0.85728,-0.95053,-0.94622,-0.95666,-0.95262,-0.92789,-0.92053,-0.91724,-0.94119,-0.91563,-0.94328,-0.90645,-0.87401,-0.86245,-0.93152,-0.917,-0.91741,-0.95522,-0.87648,-0.9208,-0.36753,-0.83807,-0.13199,-0.65631,-0.51925,-0.010743,-0.38877,-0.064244,-0.46606,0.5097,0.31902,-0.58332,-0.45969,-0.75819,-0.39151,-0.46586,-0.33779,-0.52782,-0.47114
86,4,Br,13,-0.65298,1,0.68379,-0.80335,-0.88701,-0.78657,-0.29844,-0.19811,-0.50812,-0.61572,-0.61012,-0.79374,-0.51592,-0.63968,-0.79918,-0.62511,-0.72436,-0.44284,-0.58034,0.51256,-0.65298,-0.81754,-0.84169,-0.98158,-0.96439,-0.99786,-0.97902,-0.90541,-0.96148,-0.94907,-0.96278,-0.92005,-0.89815,-0.82022,-0.83326,-0.9156,-0.94246,-0.93383,-0.92547,-0.88594,1,1,-0.79786,1,-0.74592,-0.86964,-0.64628,-0.73623,-0.40199,-0.71018,-0.77373,-0.1594,-0.66974,-0.13328,-0.7081,0.14292,-0.56826,-0.36628,-0.60981,-0.35928
87,4,Br,14,-0.89783,-0.81817,-0.85199,-0.90295,-0.80547,-0.44437,-0.66061,-0.60729,-0.35176,-0.45302,-0.87413,-0.67071,-0.70042,-0.70815,-0.63772,-0.37211,-0.70941,-0.7207,-0.4585,-0.69015,-0.89783,-0.98254,-0.98942,-0.96036,-0.88613,-0.97583,-0.99668,-0.9215,-0.93266,-0.9005,-0.94808,-0.88602,-0.96149,-0.91128,-0.94565,-0.90648,-0.89374,-0.85798,-0.89788,-0.89391,-0.58884,-0.8899,-0.56657,-0.8342,-0.88088,-0.51869,-0.2264,-0.15704,-0.086003,-0.25647,0.48525,1,-0.43067,-0.43949,-0.56384,-0.67151,-0.85178,-0.4546,-0.15085,0.27073
88,4,Br,15,-0.68603,-0.74752,-0.74714,-0.76324,-0.37864,-0.60584,-1,-0.9376,-0.72134,-0.90918,-0.91807,-0.76979,-0.82305,-0.82284,-0.72641,-0.82269,-0.5675,-0.83704,0.24148,-0.19827,-0.68603,-0.97522,-0.98018,-0.97966,-0.97421,-0.99586,-0.98405,-0.97935,-0.99095,-0.98162,-0.83617,-0.96313,-0.90352,-0.933,-0.90113,-0.97078,-0.96731,-0.97106,-0.79813,-0.94613,-0.59569,-0.82831,-0.93836,-0.7167,-0.55013,-0.97804,-0.65016,-0.90195,-0.88623,-0.92536,0.018697,-0.4039,-0.88043,-0.61017,-0.92982,-0.68468,-0.90458,-0.78984,-0.78134,-0.35044
89,4,Br,16,-0.9744,-0.91548,-0.94391,-0.99079,-0.98888,-0.93226,-0.65842,-0.56132,-0.82467,-0.88053,-0.93983,-0.84041,-0.76905,-0.90768,-0.90886,-0.86637,-0.66007,-0.8268,-0.93668,-0.49118,-0.9744,-0.88155,-0.94316,-0.99785,-0.87469,-0.86162,-0.89871,-0.8798,-0.97604,-0.91794,-0.9414,-0.94005,-0.93873,-0.89389,-0.93489,-0.87886,-0.89787,-0.91025,-0.92685,-0.96092,-0.97162,-0.99274,-0.99761,-0.99794,-0.79149,-0.55271,-0.78514,-0.8961,-0.75663,-0.89957,-0.89019,-0.78595,-0.77359,-0.85847,-0.8069,-0.86375,-0.88155,-0.84287,-0.82153,-0.97348
90,4,Br,17,-0.75346,-0.75147,-0.88975,-0.9288,-0.92758,-0.77154,-0.65703,-0.76538,-0.72618,-0.65083,-0.9412,-0.97697,-0.83658,-0.8897,-0.89557,-0.7495,-0.7951,-0.88233,-0.7919,-0.39862,-0.75346,-0.97886,-0.99009,-0.99085,-0.40597,-0.60212,-0.55905,-0.47545,-0.59223,-0.68531,-0.43919,-0.51693,-0.81639,-0.70637,-0.61435,-0.24869,-0.47103,-0.46451,-0.13935,-0.32298,-0.96469,-0.99005,-0.9414,-0.94711,-0.84982,-0.71757,-0.88991,-0.83095,-0.97257,-0.95018,-0.93592,-0.70046,-0.87936,-0.64824,-0.9162,-0.78901,-0.91319,-0.83399,-0.8448,-0.79535
91,4,Br,18,-0.88946,-0.86254,-0.75807,-0.81092,-0.91348,-0.88872,-0.87416,-0.60328,-0.62354,-0.70516,-0.97475,-0.63206,-0.80062,-0.89251,-0.91845,-0.88444,-0.74109,-0.81494,-0.88841,-0.5634,-0.88946,-0.98432,-0.99468,-0.98422,-0.93932,-0.98705,-0.98094,-0.89757,-0.94428,-0.91774,-0.9558,-0.97995,-0.9727,-0.97695,-0.95482,-0.9657,-0.93639,-0.70572,-0.99677,-0.87341,-0.9395,-0.9443,-0.90297,-0.9912,-0.98177,-0.95066,-0.89514,-0.79831,-0.75642,-0.86665,-0.77785,-0.60936,-0.87379,-0.86713,-0.93577,-0.82767,-0.977,-0.74216,-0.89529,-0.89654
92,4,Br,19,-0.83473,-0.39449,-0.94146,-0.96173,-0.94413,-0.93441,-0.87707,-0.25232,-0.50628,-0.93149,-0.86874,-0.73318,-0.39587,-0.47854,-0.75658,-0.241,-0.5752,-0.75977,-0.63409,-0.43219,-0.83473,-0.94887,-0.94067,-0.95256,-0.88523,-0.96123,-0.91656,-0.93311,-0.94058,-0.95134,-0.88875,-0.93514,-0.91597,-0.8711,-0.93103,-0.91065,-0.76789,0.22881,-0.8748,-0.87838,-0.99368,-0.65013,-0.97821,-0.98953,-0.7535,-0.77001,-0.78837,-0.91441,-0.91425,-0.93034,-0.9691,-0.50753,-0.88958,-0.82159,-0.74004,-0.51864,-0.62464,-0.90485,-0.8719,-0.62688
93,4,Br,20,-0.7323,-0.75388,-0.52302,-0.96372,-0.79465,-0.82196,-0.57105,0.14603,-0.36409,-0.37349,-0.69441,-0.59303,-0.6299,-0.82242,-0.76606,-0.55411,-0.4585,-0.40637,-0.46133,-0.38127,-0.7323,-0.97767,-0.98181,-0.99106,-0.98777,-0.98531,-0.95734,-0.9058,-0.93447,-0.91943,-0.03217,-0.93143,-0.90843,-0.87029,-0.94094,-0.84614,-0.77456,-0.896,-0.86746,-0.84608,-0.98725,-0.9714,-0.69251,-0.97754,-0.9025,-0.33629,-0.1489,-0.89951,-0.70472,-0.38837,-0.61477,-0.74369,-0.65775,0.079874,-0.1131,-0.31216,-0.87379,-0.60464,-0.65862,-0.3726
94,4,Br,21,-0.5582,-0.27486,-0.19537,-0.73797,-0.066935,-0.38178,-0.35103,0.67528,-0.049104,-0.074588,-0.53837,-0.39498,-0.082132,-0.50325,-0.70133,-0.53384,-0.14295,-0.36133,-0.084049,0.46042,-0.5582,-0.90236,-0.62785,-0.28313,0.38042,-0.40572,-0.43051,-0.40224,-0.51371,-0.061334,-0.15321,-0.30581,-0.29679,-0.18263,-0.5754,-0.19891,-0.28071,-0.30826,-0.1191,0.10152,-0.6411,-0.8418,-0.93766,-0.3794,-0.65507,-0.38328,-0.58808,-0.34538,1,-0.81953,0.065061,-0.06185,-0.60356,-0.46323,-0.19342,0.0323,-0.526,-0.43168,0.14329,-0.75423
95,4,Br,22,-0.98296,-0.67198,-0.87021,-0.88424,-0.67683,-0.77425,-0.59065,-0.51732,-0.5191,-0.84704,-0.6874,-0.56125,-0.50047,-0.61853,-0.40447,-0.54542,-0.4893,-0.65101,-0.023087,0.37268,-0.98296,-0.98544,-0.97933,-0.87065,-0.83138,-0.87037,-0.82888,-0.94931,-0.86183,-0.94299,-0.96454,-0.89948,-0.84125,-0.81789,-0.87113,-0.73904,-0.8017,-0.85166,-0.64417,-0.90298,-0.99906,0.16147,-0.59286,-0.90219,-0.57793,-0.58064,-0.81837,0.22176,-0.74816,-0.69357,-0.52558,0.094676,-0.6858,-0.6425,-0.83833,0.20884,-0.87231,-0.54607,-0.39988,-0.31379
96,4,Br,23,-0.79632,-0.99061,-0.80405,-0.93829,-0.84859,-0.8664,-0.87395,-0.65039,-0.81466,-0.87968,-0.95318,-0.87321,-0.87487,-0.93092,-0.96604,-0.9382,-0.97669,-0.86019,-0.92743,-0.70116,-0.79632,-0.90947,-0.88066,1,-0.86613,1,1,1,1,1,0.64312,0.59904,0.38666,1,1,0.92759,1,-0.86167,-0.79394,-0.10044,-0.97033,-0.99381,-0.99767,-1,-0.99452,-0.92059,-0.79543,-0.99897,-0.85986,-0.90781,-0.84355,-0.9924,-0.88807,-0.91422,-0.98411,-0.8307,-0.97832,-0.9664,-0.96017,-0.86276
97,4,Br,24,-0.67336,-0.74944,-0.88272,-0.94285,-0.74283,-0.76025,-0.49052,-0.621,-0.88317,-0.89751,-0.85421,-0.79924,-0.8713,-0.91158,-0.86119,-0.87355,-0.80402,-0.86955,-0.79967,-0.73723,-0.67336,-0.98369,-0.96866,-0.99106,-0.83668,-0.86793,-0.62331,-0.87878,-0.94013,-0.8896,-0.82009,-0.84135,-0.72771,-0.76434,-0.87901,-0.29497,-0.40559,-0.89749,-0.83939,1,-0.99426,-0.99916,-0.99821,-0.99981,-0.99898,-0.97713,-0.99537,-0.98829,-0.98073,-0.99135,-0.93856,-0.91377,-0.98253,-0.96928,-0.95755,-0.83904,-0.99025,-0.67732,-0.97189,-0.94911
98,4,Br,25,-0.81568,-0.73922,-0.94908,-0.93629,-0.917,-0.84535,-0.95204,-0.77991,-0.93721,-0.9762,-0.93942,-0.94895,-1,-0.94942,-0.91127,-0.95172,-0.81657,-0.97619,-0.96323,-0.90508,-0.81568,-0.97702,-0.96176,-0.98511,-0.80395,-0.88571,-0.79613,-0.78817,-0.82294,-0.74983,-0.83519,-0.73743,-0.8225,-0.71171,-0.82658,-0.83117,-0.83165,-0.7741,-0.5779,-0.63805,-0.93271,-0.98202,-0.98935,-0.93215,-0.90253,-0.9564,-0.96028,-0.96955,-0.93247,-0.97859,-0.93273,-0.75077,-0.93277,-0.75194,-1,-0.97663,-0.9515,-0.89958,-0.94746,-0.88456
99,4,Br,26,-0.99551,-0.74356,-0.42952,-0.91223,-0.75397,-0.85366,-0.50133,-0.63142,-0.9243,-0.44319,-0.69242,-0.66253,-0.87464,-0.84733,-0.46086,-0.47568,-0.29533,-0.72554,-0.6194,-0.36592,-0.99551,-0.99889,-0.97085,-0.97975,-0.97237,-0.95592,-0.97428,-0.96768,-0.97529,-0.99388,-0.95164,-0.93568,-0.92373,-0.94859,-0.97043,-0.87086,-0.92231,-0.92026,-0.92674,-0.89249,-0.99182,-0.90798,-0.97658,-0.92313,-0.7868,-0.94287,-0.61706,-0.8527,-0.54291,-0.80325,-0.88292,-0.62306,-0.81433,-0.75164,-0.9334,-0.75617,-0.91636,-0.79061,-0.87398,-0.89931
100,4,Br,27,-0.88938,-0.89532,-0.72839,-0.74787,-0.69353,-0.66052,-0.15138,-0.11908,0.068941,-0.24359,-0.57026,-0.067291,-0.49247,-0.89788,-0.39408,-0.89355,-0.79394,-0.4946,-0.85636,-0.76241,-0.88938,-0.99134,-0.9925,-0.98951,-0.96524,-0.98055,-0.97539,-0.96233,-0.97468,-0.97102,-0.6734,-0.95819,-0.8983,-0.59868,-0.71067,-0.92067,-0.9106,-0.89223,-0.84187,-0.83899,-0.99808,-0.91632,-0.99308,-0.99577,-0.97977,-0.99762,-0.95418,-0.89425,-0.46596,-0.93391,-0.69372,-0.71681,-0.90674,-0.9023,-0.9714,-0.81884,-0.96739,-0.95007,-0.85576,-0.87405
101,4,Br,28,-0.99705,-0.99402,-0.95387,-0.95662,-0.98178,-0.92856,-0.69032,-0.63874,-0.52231,-0.70057,-0.9106,-0.63913,-0.88421,-0.94243,-0.82399,-0.68212,-0.84432,-0.94239,-0.86395,-0.82638,-0.99705,-0.99929,-0.96257,-0.9645,-0.94841,-0.94025,-0.98163,-0.94543,-0.94359,-0.89224,-0.87919,-0.85685,-0.85812,-0.79174,-0.82817,-0.73187,-0.83568,-0.7808,-0.83528,-0.75443,-0.99994,-0.99966,-0.78524,-0.98772,-0.95849,-0.48954,-0.61015,-0.89261,-0.78555,-0.75202,-0.81149,-0.87734,-0.94438,-0.76473,-0.9233,-0.89947,-0.93213,-0.92703,-0.9116,-0.8502
102,4,Br,29,-0.90037,-0.74749,-0.84164,-0.98017,-0.82882,-0.95644,-0.77175,-0.8101,-0.80933,-0.78424,-0.87636,-0.87308,-0.87936,-0.98067,-0.94202,-0.84265,-0.79688,-0.83406,-0.76933,-0.70483,-0.90037,-0.9735,-0.89039,-0.93805,-0.9474,-0.9556,-0.94381,-0.71892,-0.82466,-0.73211,-0.089426,-0.8088,-0.3131,-0.81537,-0.76987,-0.73538,-0.64469,-0.3619,-0.91844,-0.73765,-0.97214,-0.84317,-0.89069,-0.99441,-0.94065,-0.92023,-0.93746,-0.82503,-0.84011,-0.85826,-0.89473,-0.72087,-0.94102,-0.87249,-0.80386,-0.3418,-0.81629,-0.81767,-0.97549,-0.84444
103,4,Br,30,-0.95018,-0.80403,-0.88127,-0.87798,-0.81209,-0.92072,-0.79318,-0.801,-0.73507,-0.79471,-0.93566,-0.82595,-0.82556,-0.85807,-0.92058,-0.89037,-0.91321,-0.92877,-0.92479,-0.60649,-0.95018,-0.46483,-0.9922,-0.16918,0.24438,-0.094096,-0.16657,-0.14191,-0.417,-0.11224,-0.21027,-0.26432,-0.40247,-0.93117,-0.29783,0.41985,-0.30893,-0.18259,-0.23818,-0.36644,-1,-0.95963,-0.98705,-0.99825,-0.91084,-0.84134,-0.92355,-0.92258,-0.87692,-0.91902,-0.87734,-0.91723,-0.94042,-0.77912,-0.93528,-0.89994,-0.97538,-0.9777,-0.93665,-0.93938
104,4,Br,31,-0.83696,-0.70752,-0.92383,-0.94352,-0.82403,-0.83526,-0.82353,-0.76087,-0.73475,-0.78922,-1,-0.84301,-0.97066,-0.97298,-0.99196,-0.9478,-0.82217,-0.94446,-0.91485,-0.81963,-0.83696,-0.8396,-0.86454,-0.87875,-0.71898,-0.83813,-0.77836,-0.8148,-0.83147,-0.66969,-0.28598,-0.60106,-0.48401,-0.73469,-0.8452,-0.52304,-0.69663,-0.70953,-0.60671,-0.26353,-0.98024,-0.9477,-0.98009,-0.99802,-0.95704,-0.9419,-0.95622,-0.95241,-0.76301,-0.781,-0.85951,-0.96419,-0.82526,-0.9347,-0.97889,-0.86322,-0.87477,-0.72695,-0.90085,-0.92309
105,4,Br,32,-0.98742,-0.82161,-0.87374,-0.84535,-0.7998,-0.75935,-0.5869,-0.4015,-0.52313,-0.58733,-0.87919,-0.64125,-0.65171,-0.81976,-0.85451,-0.85415,-0.59723,-0.91795,-0.68372,-0.31325,-0.98742,-0.23936,-0.9857,-0.99307,-0.97444,-0.98129,-0.95079,-0.45225,-0.94776,-0.40824,-0.95163,-0.57478,-0.95317,-0.95128,-0.66295,-0.54722,-0.89385,-0.81307,-0.53559,0.60541,-1,-0.97048,-0.97946,-0.98685,-0.90582,-0.79992,-0.93426,-0.91681,-0.94166,-0.91792,-0.89998,-0.89667,-0.9234,-0.96199,-0.89917,-0.8942,-0.94602,-0.844,-0.88097,-0.86259
106,4,Br,33,-0.9998,-0.76364,-0.59972,-0.96565,-0.97548,-0.90999,-0.96855,-0.95127,-0.91409,-0.71637,-0.97093,-0.60987,-0.85463,-0.91703,-0.69735,-0.87265,-0.73855,-0.83923,-0.89649,-0.7704,-0.9998,-0.97231,-0.80073,-0.83654,-0.72051,-0.82773,-0.92063,-0.64382,-0.94712,-0.65665,-0.67481,-0.66092,-0.76585,-0.68933,-0.70059,0.088716,-0.40001,-0.17579,-0.828,-0.64989,-0.99998,-0.97031,-0.76681,-0.98352,-0.93533,-0.8328,-0.97778,-0.96575,-0.95648,-0.95427,-0.92012,-0.76789,-0.9575,-0.92035,-0.78493,-0.58482,-0.86978,-0.84497,-0.78889,-0.53374
107,4,Br,34,-0.95134,-0.96715,-0.74612,-0.85413,-0.59345,-0.66715,-0.48376,-0.26214,-0.32875,-0.71972,-0.77873,-0.51509,-0.49577,-0.86063,-0.6692,-0.77005,-0.57567,-0.54108,-0.70035,-0.44968,-0.95134,-0.99802,-0.98988,-0.97532,-0.9531,-0.98741,-0.9679,-0.93723,-0.95796,-0.92028,-0.94776,-0.78783,-0.77343,-0.73246,-0.82621,-0.78764,-0.83824,-0.71955,-0.88276,-0.76285,-0.97478,-0.9967,-0.94622,-0.94522,-0.92132,-0.80754,-0.9565,-0.86463,0.030631,-0.67977,-0.73629,-0.0719,-0.93363,-0.40378,-0.96522,-0.86008,-0.77454,-0.86481,-0.77494,-0.74846
108,5,Ps,1,-0.9811,-0.97793,-0.92431,-0.91506,-0.86406,-0.92121,-0.71383,-0.62529,-0.55456,-0.89468,-0.95998,-0.87753,-0.97874,-0.97749,-0.80708,-0.93569,-0.84783,-0.85163,-0.69131,-0.69315,-0.9811,-0.99714,-0.98734,-0.96252,-0.98242,-0.97133,-0.97127,-0.95994,-0.96209,-0.96397,-0.93449,-0.73218,-0.93244,-0.96426,-0.95741,-0.94784,-0.96405,-0.93866,-0.88043,-0.8572,-0.94355,-0.98569,-0.97278,-0.99254,-0.70243,-0.61463,-0.83346,-0.98197,-0.70853,-0.81176,-0.80702,-0.90857,-0.91275,-0.83835,-0.98357,-0.65255,-0.89743,-0.80422,-0.85052,-0.79723
109,5,Ps,2,-0.91886,-0.93745,-0.82483,-0.95302,-0.50745,-0.92519,-0.89143,-0.81188,-0.80712,-0.94613,-0.92455,-0.91208,-0.97128,-0.90184,-0.92884,-0.9092,-0.90973,-0.98943,-0.96844,-0.62914,-0.91886,-0.50267,-0.59193,-0.68271,-0.16972,-0.28989,-0.63814,-0.39742,-0.44695,-0.12629,-0.44868,-0.27818,-0.52308,-0.21947,-0.79384,-0.55311,-0.66006,-0.38538,-0.75383,-0.40392,-0.95705,-0.99444,-0.77872,-0.96973,-0.93168,-0.83076,-0.70122,-0.77032,-0.93879,-0.97602,-1,-0.94544,-0.94193,-0.98126,-0.97217,-0.95941,-0.98006,-0.98249,-0.92965,-0.8845
110,5,Ps,3,-0.9984,-0.85306,-0.8083,-0.7469,-0.67679,-0.75023,-0.64398,-0.29666,-0.41949,-0.48448,-0.86513,-0.77197,-0.75267,-0.91602,-0.87895,-0.80349,-0.78427,-0.85877,-0.83249,-0.65715,-0.9984,-0.94499,-0.95799,-0.98866,-0.83894,-0.92858,-0.92645,-0.91676,-0.92797,-0.85631,-0.90886,-0.75684,-0.36626,-0.20615,-0.8498,-0.28127,-0.91341,-0.24672,-0.28904,-0.36501,-0.99903,-0.98573,-0.96755,-0.9681,-0.85932,-0.87968,-0.97398,-0.82508,-0.80063,-0.8273,-0.88878,-0.89159,-0.91608,-0.91307,-0.99265,-0.93296,-0.99792,-0.97034,-0.93576,-0.92429
111,5,Ps,4,-0.91258,-0.78837,-0.39649,-0.9263,-0.62589,-0.75962,-0.73865,-0.79443,-0.6152,-0.73437,-0.75694,-0.67388,-0.90801,-0.8308,-0.61535,-0.62327,-0.66587,-0.78157,-0.78963,-0.67826,-0.91258,-0.89888,-0.73142,-0.89224,-0.82622,-0.72876,-0.81372,-0.69032,-0.71868,-0.57266,-0.66066,-0.66214,-0.70458,-0.78695,-0.6592,-0.56221,-0.71472,-0.81556,-0.68294,-0.42906,-0.9845,-0.99578,-0.83416,-0.96727,-0.82796,-0.81118,-0.93064,-0.95686,-0.90966,-0.86185,-0.85403,-0.91841,-0.97588,-0.79958,-0.91863,-0.864,-0.96075,-0.88125,-0.90388,-0.93871
112,5,Ps,5,-0.81559,-0.74578,-0.73863,-0.92242,-0.78427,-0.91517,-0.85604,-0.772,-0.83395,-0.90891,-0.98717,-0.82774,-0.83973,-0.96567,-0.95663,-0.84643,-0.97087,-0.90039,-0.85581,-0.95325,-0.81559,-0.97992,-0.98512,-0.97139,0.47508,-0.98972,-0.34474,-0.35108,-0.57785,0.14082,-0.27771,-0.17061,-0.26036,-0.85967,-0.26553,-0.90544,-0.25756,-0.27243,-0.79693,-0.44432,-0.92559,-0.98426,-0.91329,-0.9934,-0.94712,-0.97763,-0.96402,-0.60237,-0.95124,-0.93021,-0.90238,-0.9966,-0.94233,-0.89661,-0.99575,-0.84462,-0.95901,-0.97138,-0.88062,-0.99199
113,5,Ps,6,-0.86315,-0.68373,-0.73146,-0.87926,-0.9041,-0.85968,-0.73809,-0.46811,-0.42964,-0.76471,-0.84309,-0.9249,-0.60209,-0.77398,-0.89618,-0.74999,-0.78657,-0.83645,-0.82639,-0.60675,-0.86315,-0.96947,-0.98209,-0.93951,-0.9171,-0.88547,-0.92512,-0.84588,-0.89287,-0.83359,-0.93036,-0.73142,-0.90834,-0.74872,-0.86436,-0.81999,-0.89093,-0.98184,-0.97001,-0.88933,-0.94396,-0.97385,-0.91897,-0.88013,-0.97437,-0.9471,-0.63786,-0.68209,-0.79293,-0.82619,-0.80784,-0.81453,-0.91495,-0.87428,-0.94425,-0.91655,-0.88795,-0.87067,-0.87886,-0.75305
114,5,Ps,7,-0.82043,-0.43117,-0.88709,-0.90485,-0.77737,-0.88982,-0.76619,-0.51656,-0.48176,-0.78257,-0.92838,-0.87264,-0.91192,-0.86604,-0.59406,-0.7386,-0.55634,-0.71345,-0.71859,-0.54608,-0.82043,-0.94724,-0.99059,-0.85553,-0.97675,-0.96845,-0.96469,-0.84837,-0.91773,-0.86795,-0.79065,-0.83587,-0.90654,-0.85773,-0.88789,-0.76209,-0.85854,-0.88595,-0.83991,-0.83134,-0.89839,-0.96874,-0.82259,-0.98779,-0.92013,-0.1411,-0.93564,-0.89156,0.00055764,-0.54384,-0.6823,-0.5366,-0.8073,-0.56143,-0.88335,-0.92006,-0.77188,-0.95747,-0.67967,-0.60941
115,5,Ps,8,-0.86057,-0.85168,-0.76007,-0.94055,-0.89097,-0.92975,-0.76171,-0.71557,-0.70433,-0.87557,-0.94719,-0.90858,-0.94974,-0.96411,-0.9145,-0.79791,-0.82234,-0.96834,-0.92361,-0.73701,-0.86057,-0.98757,-0.97959,-0.98094,-0.95854,-0.98712,-0.97818,-0.96072,-0.97541,-0.48066,-0.57716,-0.52281,-0.64565,-0.96313,-0.66501,-0.88852,-0.64606,-0.58548,-0.61138,-0.47573,-0.92671,-0.98982,-0.69258,-0.99513,-0.43304,-0.72547,-0.81975,-0.96832,-0.9005,-0.93844,-0.79807,-0.9562,-0.80013,-0.97805,-0.91523,-0.85894,-0.88802,-0.95959,-0.92202,-0.89719
116,5,Ps,9,-0.76177,-0.8686,-0.75744,-0.7434,-0.8791,-0.91017,-0.78256,-0.7062,-0.7202,-0.58669,-0.95105,-0.69817,-0.87702,-0.93983,-0.9543,-0.84646,-0.80731,-0.85042,-0.84391,-0.84219,-0.76177,-0.98978,-0.29458,-0.60877,-0.53267,-0.89075,-0.54918,-0.69101,-0.78151,-0.69249,-0.43301,-0.15046,-0.83966,-0.34469,-0.56211,0.065747,-0.79477,-0.3698,-0.6231,-0.16516,-0.68534,-0.95081,-0.92167,-0.90275,-0.96003,-0.93978,-0.94301,-0.80896,-0.87921,-0.88013,-0.87969,-0.93172,-0.93948,-0.8995,-0.9706,-0.91894,-0.98059,-0.86668,-0.94015,-0.8447
117,5,Ps,10,-0.9759,-0.99119,-0.96905,-0.95472,-0.83375,-0.93868,-0.91132,-0.81775,-0.84538,-0.83931,-0.90662,-0.97861,-0.82166,-0.86981,-0.97618,-0.937,-0.80613,-0.90489,-0.84255,-0.69896,-0.9759,-0.99612,-0.99623,-0.99855,-0.98542,-0.99267,-0.99205,-0.98041,-0.99165,-0.95446,-0.98282,-0.98626,-0.93524,-0.9611,-0.94085,-0.92852,-0.94128,-0.94263,-0.93173,-0.9569,-0.98802,-0.9981,-0.99975,-0.98353,-0.97454,-0.92474,-0.92463,-0.93452,-0.82491,-0.91851,-0.88125,-0.82052,-0.97938,-0.90304,-0.95335,-0.97205,-0.91991,-0.77408,-0.96001,-0.81828
118,5,Ps,11,-0.8692,-0.75955,-0.76774,-0.9205,-0.89583,-0.9217,-0.92324,-0.93086,-0.73698,-0.79875,-0.90475,-0.96693,-0.85083,-1,-0.97359,-0.98293,-0.98418,-0.85288,-0.91975,-0.81633,-0.8692,-0.97712,-0.90657,-0.92879,-0.8794,-0.93047,-0.87225,-0.74617,-0.82899,-0.7317,-0.80831,-0.78351,-0.55795,-0.69015,-0.74783,-0.56683,-0.68895,-0.61708,-0.64151,-0.56794,-0.99252,-0.99563,-0.92349,-0.98623,-0.98377,-0.92934,-0.68623,-0.99393,-0.44611,-0.83287,-0.92256,-0.96549,-0.98394,-0.94472,-0.97583,-0.90426,-0.97479,-0.97598,-0.91341,-0.90711
119,5,Ps,12,-0.97449,-0.92014,-0.9403,-0.96363,-0.93315,-0.74899,-0.75826,-0.87362,-0.72988,-0.91221,-0.90455,-0.7461,-0.95288,-0.88592,-0.85126,-0.80087,-0.74606,-0.78144,-0.73045,-0.62485,-0.97449,-0.99331,-0.99527,-0.99776,-0.99309,-0.97434,-0.81069,-0.95272,-0.86953,-0.78274,-0.96627,-0.81522,-0.89933,-0.81304,-0.86173,-0.8229,-0.94258,-0.88946,-0.19757,-0.41701,-0.99184,-0.91814,-0.97934,-0.99242,-0.98813,-0.95038,-0.85622,-1,-0.92666,-0.95093,-0.79377,-0.69257,-0.85612,-0.75796,-0.9079,-0.73784,-0.91478,-0.89493,-0.97294,-0.94626
120,5,Ps,13,-0.83629,-0.76198,-0.69509,-0.86679,-0.50258,-0.91428,-0.72038,-0.72734,-0.76228,-0.82433,-0.92695,-0.83532,-0.82721,-0.88553,-0.86386,-0.82259,-0.74766,-0.80059,-0.80144,-0.49954,-0.83629,-0.85306,-0.99521,-0.98312,-0.97914,-0.9913,-0.95053,-0.97158,-0.9806,-0.97573,-0.9912,-0.78249,-0.45676,-0.89562,-0.90157,-0.95994,-0.34084,-0.77338,-0.81607,-0.8084,-0.99599,-0.99785,-0.86839,-0.98157,-0.96838,-0.88916,-0.92593,-0.95345,-0.87368,-0.97196,-0.96967,-0.86494,-0.80119,-0.92937,-0.84606,-0.97321,-0.9814,-0.98291,-0.97762,-0.9517
121,5,Ps,14,-0.78306,-0.83987,-0.93632,-0.92036,-0.80947,-0.90499,-0.78405,-0.71196,-0.77524,-0.8572,-0.93509,-0.81598,-0.94608,-0.95569,-0.9135,-0.99082,-0.97022,-0.92745,-0.98232,-0.9746,-0.78306,-0.98431,-0.99187,-0.96238,-0.94158,-0.9802,-0.98323,-0.98446,-0.91871,-0.79632,-0.67097,-0.86925,-0.86895,-0.85507,-0.80313,-0.64272,-0.66427,-0.64586,-0.76757,-0.32654,-0.98844,-0.90891,-0.93937,-0.98685,-0.98267,-0.98271,-0.94538,-0.62664,-0.93012,-0.67866,-0.94095,-0.9051,-0.93701,-0.99055,-0.97572,-0.98722,-0.991,-0.97034,-1,-0.97398
122,5,Ps,15,-0.91038,-1,-0.86983,-0.98322,-0.95198,-1,-0.95548,-0.97114,-0.87713,-0.89189,-0.9931,-0.94057,-0.95032,-0.97707,-0.88891,-0.90488,-0.87509,-0.88733,-0.88964,-0.87011,-0.91038,-0.17701,-0.77847,-0.82616,-0.91379,-0.86569,-0.92016,-0.82636,-0.89848,-0.75343,-0.9084,-0.90553,-0.80435,-0.91882,-0.74202,-0.66978,-0.75491,-0.67243,-0.73715,-0.83685,-0.98072,-0.98466,-0.94344,-0.99969,-0.99559,-0.739,-1,-0.97239,-0.97007,-1,-0.86523,-1,-1,-1,-0.97033,-0.95978,-0.90775,-0.95252,-0.94614,-0.91926
123,5,Ps,16,-0.99181,-0.96605,-0.94159,-0.8751,-0.83878,-0.94457,-0.59683,-0.54375,-0.45272,-0.59897,-0.85038,-0.88356,-0.73362,-0.88773,-0.83019,-0.88141,-0.84716,-0.86064,-0.72889,-0.80837,-0.99181,-0.99968,-0.96345,-0.95421,-0.91587,-0.88197,-0.92321,-0.83029,-0.9147,-0.87679,-0.88659,-0.87035,-0.86085,-0.80485,-0.8056,-0.52882,-0.60344,-0.83749,-0.64361,-0.84244,-0.99597,-0.99415,-0.91082,-0.94248,-0.96309,-0.99673,-0.95456,-0.97188,-0.91704,-0.96831,-0.93721,-0.96099,-0.83282,-0.7161,-0.98191,-0.90485,-0.92707,-0.94593,-0.94608,-0.91026
124,5,Ps,17,-0.84793,-0.60495,-0.7105,-0.79173,-0.76495,-0.9015,-0.49141,-0.78166,-0.8218,-0.85859,-0.95045,-0.82053,-0.84228,-0.94547,-0.78571,-0.91488,-0.77308,-0.9142,-0.85808,-0.68588,-0.84793,-0.99402,-0.93498,-0.739,-0.98253,-0.94934,-0.70961,-0.97112,-0.77773,-0.96243,-0.66459,-0.55938,-0.75803,-0.96394,-0.70818,-0.35933,-0.05978,-0.74214,-0.48523,-0.58533,-1,-0.77255,-0.92851,-0.98927,-0.60412,-0.99425,-0.8453,-0.93051,-1,-0.9996,-0.92693,-0.84122,-0.93252,-0.90141,-0.94564,-0.85755,-0.98616,-0.88823,-0.93934,-0.936
125,5,Ps,18,-0.32334,-0.4114,0.34356,-0.45787,-0.55164,-0.80702,-0.57383,-0.56951,-0.53383,-0.53876,-0.9002,-0.79339,-0.77195,-0.87148,-0.78832,-0.6818,-0.33903,-0.83824,-0.002622,-0.57026,-0.32334,-0.97349,-0.95815,-0.91017,-0.72747,-0.96012,-0.94093,-0.78471,-0.88888,-0.96076,-0.97073,-0.9435,-0.84074,-0.82526,-0.85117,-0.85116,-0.60732,-0.82579,-0.73771,-0.65108,-0.86341,-0.98011,-0.57928,-0.97572,-0.94654,-0.87098,-0.91062,-0.73136,-0.56985,-0.90895,-0.76455,-0.47307,-0.67817,-0.54179,-0.8275,-0.11084,-0.902,-0.69273,-0.80702,-0.33127
126,5,Ps,19,-0.73588,-0.58043,-0.57252,-0.86515,-0.41498,-0.84451,-0.70646,-0.72177,-0.51492,-0.40702,-0.81269,-0.72513,-0.93065,-0.8757,-0.81932,-0.81936,-0.86442,-0.87224,-0.79077,-0.7444,-0.73588,-0.96414,-0.93491,-0.94773,-0.94054,-0.94792,-0.93518,-0.92557,-0.97973,-0.95763,-0.94037,-0.85529,-0.88023,-0.92298,-0.86825,-0.89609,-0.86857,-0.28987,-0.90729,-0.78555,-0.97701,-0.94049,-0.98874,-0.96328,-0.98482,-1,0.89808,-0.74387,0.54891,0.55674,1,0.43923,-0.12409,-0.21086,-0.32887,-0.4336,-0.73024,-0.98908,-0.82101,-0.64226
127,5,Ps,20,-0.76292,-0.7296,-0.71534,-0.80813,-0.76895,-0.80664,-0.42257,-0.50021,-0.848,-0.57679,-0.97085,-0.22056,-0.52419,-0.81502,-0.67028,-0.69396,-0.69477,-0.73221,-0.88258,-0.68091,-0.76292,-0.97346,-0.39165,-0.84613,-0.92012,-0.90623,-0.84752,-0.8316,-0.039113,-0.75392,-0.78582,-0.71005,-0.59584,-0.81589,-0.84335,-0.88182,-0.82268,-0.75564,-0.59459,-0.71142,-0.99181,-0.98736,-0.80023,-0.93602,-0.91218,-0.2041,-0.57315,-0.9133,-0.68821,-0.66996,-0.50572,-0.27029,-0.77155,-0.74746,-0.87399,-0.58678,-0.86136,-0.72653,-0.81419,-0.58357
128,5,Ps,21,-0.97416,-0.64773,-0.9702,-0.68319,-0.77171,-0.73271,-0.64929,-0.6687,-0.64465,-0.73352,-0.86749,-0.7148,-0.7716,-0.68752,-0.71874,-0.82074,-0.78806,-0.73258,-0.65901,-0.20238,-0.97416,-0.21086,-0.44774,-0.99325,-0.44644,-0.057073,-0.44203,-0.43126,-0.11743,0.37823,1,1,0.26929,0.23782,-0.087558,0.14674,0.66403,-0.42312,0.6417,-0.61543,-0.97745,-0.91626,-0.73088,-0.91056,-0.97401,-0.98516,-0.93641,-0.84029,-0.34374,-0.69731,-0.60872,-0.9611,-0.79967,-0.5214,-0.78457,-0.68517,-0.8868,-0.785,-0.73015,-0.67899
